{
"type": "FeatureCollection",
"name": "bus_stops",
"crs": { "type": "name", "properties": { "name": "urn:ogc:def:crs:OGC:1.3:CRS84" } },
"xy_coordinate_resolution": 1e-07,
"features": [
{ "type": "Feature", "properties": { "P11_001": "子安", "P11_002": "日東交通（株）", "P11_003_01": "三島線", "P11_003_02": null, "P11_003_03": null, "P11_003_04": null, "P11_003_05": null, "P11_003_06": null, "P11_003_07": null, "P11_003_08": null, "P11_003_09": null, "P11_003_10": null, "P11_003_11": null, "P11_003_12": null, "P11_003_13": null, "P11_003_14": null, "P11_003_15": null, "P11_003_16": null, "P11_003_17": null, "P11_003_18": null, "P11_003_19": null, "P11_003_20": null, "P11_003_21": null, "P11_003_22": null, "P11_003_23": null, "P11_003_24": null, "P11_003_25": null, "P11_003_26": null, "P11_003_27": null, "P11_003_28": null, "P11_003_29": null, "P11_003_30": null, "P11_003_31": null, "P11_003_32": null, "P11_003_33": null, "P11_003_34": null, "P11_003_35": null, "P11_004_01": "1", "P11_004_02": null, "P11_004_03": null, "P11_004_04": null, "P11_004_05": null, "P11_004_06": null, "P11_004_07": null, "P11_004_08": null, "P11_004_09": null, "P11_004_10": null, "P11_004_11": null, "P11_004_12": null, "P11_004_13": null, "P11_004_14": null, "P11_004_15": null, "P11_004_16": null, "P11_004_17": null, "P11_004_18": null, "P11_004_19": null, "P11_004_20": null, "P11_004_21": null, "P11_004_22": null, "P11_004_23": null, "P11_004_24": null, "P11_004_25": null, "P11_004_26": null, "P11_004_27": null, "P11_004_28": null, "P11_004_29": null, "P11_004_30": null, "P11_004_31": null, "P11_004_32": null, "P11_004_33": null, "P11_004_34": null, "P11_004_35": null, "P11_005": null, "name": "子安", "operator": "日東交通（株）", "route": "三島線", "layer": "bus_stops" }, "geometry": { "type": "Point", "coordinates": [ 139.9228395, 35.3334992 ] } },
{ "type": "Feature", "properties": { "P11_001": "君津駅南口6番のりば", "P11_002": "京浜急行バス（株）・日東交通（株）", "P11_003_01": "羽田空港　⇔　君津", "P11_003_02": null, "P11_003_03": null, "P11_003_04": null, "P11_003_05": null, "P11_003_06": null, "P11_003_07": null, "P11_003_08": null, "P11_003_09": null, "P11_003_10": null, "P11_003_11": null, "P11_003_12": null, "P11_003_13": null, "P11_003_14": null, "P11_003_15": null, "P11_003_16": null, "P11_003_17": null, "P11_003_18": null, "P11_003_19": null, "P11_003_20": null, "P11_003_21": null, "P11_003_22": null, "P11_003_23": null, "P11_003_24": null, "P11_003_25": null, "P11_003_26": null, "P11_003_27": null, "P11_003_28": null, "P11_003_29": null, "P11_003_30": null, "P11_003_31": null, "P11_003_32": null, "P11_003_33": null, "P11_003_34": null, "P11_003_35": null, "P11_004_01": "1", "P11_004_02": null, "P11_004_03": null, "P11_004_04": null, "P11_004_05": null, "P11_004_06": null, "P11_004_07": null, "P11_004_08": null, "P11_004_09": null, "P11_004_10": null, "P11_004_11": null, "P11_004_12": null, "P11_004_13": null, "P11_004_14": null, "P11_004_15": null, "P11_004_16": null, "P11_004_17": null, "P11_004_18": null, "P11_004_19": null, "P11_004_20": null, "P11_004_21": null, "P11_004_22": null, "P11_004_23": null, "P11_004_24": null, "P11_004_25": null, "P11_004_26": null, "P11_004_27": null, "P11_004_28": null, "P11_004_29": null, "P11_004_30": null, "P11_004_31": null, "P11_004_32": null, "P11_004_33": null, "P11_004_34": null, "P11_004_35": null, "P11_005": null, "name": "君津駅南口6番のりば", "operator": "京浜急行バス（株）・日東交通（株）", "route": "羽田空港　⇔　君津", "layer": "bus_stops" }, "geometry": { "type": "Point", "coordinates": [ 139.894376, 35.3333869 ] } },
{ "type": "Feature", "properties": { "P11_001": "NITEバイオC", "P11_002": "日東交通（株）", "P11_003_01": "高倉アカデミア線", "P11_003_02": null, "P11_003_03": null, "P11_003_04": null, "P11_003_05": null, "P11_003_06": null, "P11_003_07": null, "P11_003_08": null, "P11_003_09": null, "P11_003_10": null, "P11_003_11": null, "P11_003_12": null, "P11_003_13": null, "P11_003_14": null, "P11_003_15": null, "P11_003_16": null, "P11_003_17": null, "P11_003_18": null, "P11_003_19": null, "P11_003_20": null, "P11_003_21": null, "P11_003_22": null, "P11_003_23": null, "P11_003_24": null, "P11_003_25": null, "P11_003_26": null, "P11_003_27": null, "P11_003_28": null, "P11_003_29": null, "P11_003_30": null, "P11_003_31": null, "P11_003_32": null, "P11_003_33": null, "P11_003_34": null, "P11_003_35": null, "P11_004_01": "1", "P11_004_02": null, "P11_004_03": null, "P11_004_04": null, "P11_004_05": null, "P11_004_06": null, "P11_004_07": null, "P11_004_08": null, "P11_004_09": null, "P11_004_10": null, "P11_004_11": null, "P11_004_12": null, "P11_004_13": null, "P11_004_14": null, "P11_004_15": null, "P11_004_16": null, "P11_004_17": null, "P11_004_18": null, "P11_004_19": null, "P11_004_20": null, "P11_004_21": null, "P11_004_22": null, "P11_004_23": null, "P11_004_24": null, "P11_004_25": null, "P11_004_26": null, "P11_004_27": null, "P11_004_28": null, "P11_004_29": null, "P11_004_30": null, "P11_004_31": null, "P11_004_32": null, "P11_004_33": null, "P11_004_34": null, "P11_004_35": null, "P11_005": null, "name": "NITEバイオC", "operator": "日東交通（株）", "route": "高倉アカデミア線", "layer": "bus_stops" }, "geometry": { "type": "Point", "coordinates": [ 139.9921514, 35.3331746 ] } },
{ "type": "Feature", "properties": { "P11_001": "富士見公園", "P11_002": "日東交通（株）", "P11_003_01": "富津市役所・君津線", "P11_003_02": null, "P11_003_03": null, "P11_003_04": null, "P11_003_05": null, "P11_003_06": null, "P11_003_07": null, "P11_003_08": null, "P11_003_09": null, "P11_003_10": null, "P11_003_11": null, "P11_003_12": null, "P11_003_13": null, "P11_003_14": null, "P11_003_15": null, "P11_003_16": null, "P11_003_17": null, "P11_003_18": null, "P11_003_19": null, "P11_003_20": null, "P11_003_21": null, "P11_003_22": null, "P11_003_23": null, "P11_003_24": null, "P11_003_25": null, "P11_003_26": null, "P11_003_27": null, "P11_003_28": null, "P11_003_29": null, "P11_003_30": null, "P11_003_31": null, "P11_003_32": null, "P11_003_33": null, "P11_003_34": null, "P11_003_35": null, "P11_004_01": "1", "P11_004_02": null, "P11_004_03": null, "P11_004_04": null, "P11_004_05": null, "P11_004_06": null, "P11_004_07": null, "P11_004_08": null, "P11_004_09": null, "P11_004_10": null, "P11_004_11": null, "P11_004_12": null, "P11_004_13": null, "P11_004_14": null, "P11_004_15": null, "P11_004_16": null, "P11_004_17": null, "P11_004_18": null, "P11_004_19": null, "P11_004_20": null, "P11_004_21": null, "P11_004_22": null, "P11_004_23": null, "P11_004_24": null, "P11_004_25": null, "P11_004_26": null, "P11_004_27": null, "P11_004_28": null, "P11_004_29": null, "P11_004_30": null, "P11_004_31": null, "P11_004_32": null, "P11_004_33": null, "P11_004_34": null, "P11_004_35": null, "P11_005": null, "name": "富士見公園", "operator": "日東交通（株）", "route": "富津市役所・君津線", "layer": "bus_stops" }, "geometry": { "type": "Point", "coordinates": [ 139.8804905, 35.3331558 ] } },
{ "type": "Feature", "properties": { "P11_001": "北子安4丁目", "P11_002": "日東交通（株）", "P11_003_01": "君津市内循環線", "P11_003_02": null, "P11_003_03": null, "P11_003_04": null, "P11_003_05": null, "P11_003_06": null, "P11_003_07": null, "P11_003_08": null, "P11_003_09": null, "P11_003_10": null, "P11_003_11": null, "P11_003_12": null, "P11_003_13": null, "P11_003_14": null, "P11_003_15": null, "P11_003_16": null, "P11_003_17": null, "P11_003_18": null, "P11_003_19": null, "P11_003_20": null, "P11_003_21": null, "P11_003_22": null, "P11_003_23": null, "P11_003_24": null, "P11_003_25": null, "P11_003_26": null, "P11_003_27": null, "P11_003_28": null, "P11_003_29": null, "P11_003_30": null, "P11_003_31": null, "P11_003_32": null, "P11_003_33": null, "P11_003_34": null, "P11_003_35": null, "P11_004_01": "1", "P11_004_02": null, "P11_004_03": null, "P11_004_04": null, "P11_004_05": null, "P11_004_06": null, "P11_004_07": null, "P11_004_08": null, "P11_004_09": null, "P11_004_10": null, "P11_004_11": null, "P11_004_12": null, "P11_004_13": null, "P11_004_14": null, "P11_004_15": null, "P11_004_16": null, "P11_004_17": null, "P11_004_18": null, "P11_004_19": null, "P11_004_20": null, "P11_004_21": null, "P11_004_22": null, "P11_004_23": null, "P11_004_24": null, "P11_004_25": null, "P11_004_26": null, "P11_004_27": null, "P11_004_28": null, "P11_004_29": null, "P11_004_30": null, "P11_004_31": null, "P11_004_32": null, "P11_004_33": null, "P11_004_34": null, "P11_004_35": null, "P11_005": null, "name": "北子安4丁目", "operator": "日東交通（株）", "route": "君津市内循環線", "layer": "bus_stops" }, "geometry": { "type": "Point", "coordinates": [ 139.9130788, 35.3331292 ] } },
{ "type": "Feature", "properties": { "P11_001": "君津駅南口", "P11_002": "君津市", "P11_003_01": "小糸川循環線", "P11_003_02": null, "P11_003_03": null, "P11_003_04": null, "P11_003_05": null, "P11_003_06": null, "P11_003_07": null, "P11_003_08": null, "P11_003_09": null, "P11_003_10": null, "P11_003_11": null, "P11_003_12": null, "P11_003_13": null, "P11_003_14": null, "P11_003_15": null, "P11_003_16": null, "P11_003_17": null, "P11_003_18": null, "P11_003_19": null, "P11_003_20": null, "P11_003_21": null, "P11_003_22": null, "P11_003_23": null, "P11_003_24": null, "P11_003_25": null, "P11_003_26": null, "P11_003_27": null, "P11_003_28": null, "P11_003_29": null, "P11_003_30": null, "P11_003_31": null, "P11_003_32": null, "P11_003_33": null, "P11_003_34": null, "P11_003_35": null, "P11_004_01": "3", "P11_004_02": null, "P11_004_03": null, "P11_004_04": null, "P11_004_05": null, "P11_004_06": null, "P11_004_07": null, "P11_004_08": null, "P11_004_09": null, "P11_004_10": null, "P11_004_11": null, "P11_004_12": null, "P11_004_13": null, "P11_004_14": null, "P11_004_15": null, "P11_004_16": null, "P11_004_17": null, "P11_004_18": null, "P11_004_19": null, "P11_004_20": null, "P11_004_21": null, "P11_004_22": null, "P11_004_23": null, "P11_004_24": null, "P11_004_25": null, "P11_004_26": null, "P11_004_27": null, "P11_004_28": null, "P11_004_29": null, "P11_004_30": null, "P11_004_31": null, "P11_004_32": null, "P11_004_33": null, "P11_004_34": null, "P11_004_35": null, "P11_005": null, "name": "君津駅南口", "operator": "君津市", "route": "小糸川循環線", "layer": "bus_stops" }, "geometry": { "type": "Point", "coordinates": [ 139.8945007, 35.3329803 ] } },
{ "type": "Feature", "properties": { "P11_001": "君津駅南口", "P11_002": "日東交通（株）", "P11_003_01": "イオンモール木更津線,畑沢線,周西線,君津・マザー牧場線,富津市役所・君津線", "P11_003_02": null, "P11_003_03": null, "P11_003_04": null, "P11_003_05": null, "P11_003_06": null, "P11_003_07": null, "P11_003_08": null, "P11_003_09": null, "P11_003_10": null, "P11_003_11": null, "P11_003_12": null, "P11_003_13": null, "P11_003_14": null, "P11_003_15": null, "P11_003_16": null, "P11_003_17": null, "P11_003_18": null, "P11_003_19": null, "P11_003_20": null, "P11_003_21": null, "P11_003_22": null, "P11_003_23": null, "P11_003_24": null, "P11_003_25": null, "P11_003_26": null, "P11_003_27": null, "P11_003_28": null, "P11_003_29": null, "P11_003_30": null, "P11_003_31": null, "P11_003_32": null, "P11_003_33": null, "P11_003_34": null, "P11_003_35": null, "P11_004_01": "1,1,1,1,1", "P11_004_02": null, "P11_004_03": null, "P11_004_04": null, "P11_004_05": null, "P11_004_06": null, "P11_004_07": null, "P11_004_08": null, "P11_004_09": null, "P11_004_10": null, "P11_004_11": null, "P11_004_12": null, "P11_004_13": null, "P11_004_14": null, "P11_004_15": null, "P11_004_16": null, "P11_004_17": null, "P11_004_18": null, "P11_004_19": null, "P11_004_20": null, "P11_004_21": null, "P11_004_22": null, "P11_004_23": null, "P11_004_24": null, "P11_004_25": null, "P11_004_26": null, "P11_004_27": null, "P11_004_28": null, "P11_004_29": null, "P11_004_30": null, "P11_004_31": null, "P11_004_32": null, "P11_004_33": null, "P11_004_34": null, "P11_004_35": null, "P11_005": null, "name": "君津駅南口", "operator": "日東交通（株）", "route": "イオンモール木更津線,畑沢線,周西線,君津・マザー牧場線,富津市役所・君津線", "layer": "bus_stops" }, "geometry": { "type": "Point", "coordinates": [ 139.8945007, 35.3329803 ] } },
{ "type": "Feature", "properties": { "P11_001": "草敷", "P11_002": "日東交通（株）", "P11_003_01": "高倉アカデミア線", "P11_003_02": null, "P11_003_03": null, "P11_003_04": null, "P11_003_05": null, "P11_003_06": null, "P11_003_07": null, "P11_003_08": null, "P11_003_09": null, "P11_003_10": null, "P11_003_11": null, "P11_003_12": null, "P11_003_13": null, "P11_003_14": null, "P11_003_15": null, "P11_003_16": null, "P11_003_17": null, "P11_003_18": null, "P11_003_19": null, "P11_003_20": null, "P11_003_21": null, "P11_003_22": null, "P11_003_23": null, "P11_003_24": null, "P11_003_25": null, "P11_003_26": null, "P11_003_27": null, "P11_003_28": null, "P11_003_29": null, "P11_003_30": null, "P11_003_31": null, "P11_003_32": null, "P11_003_33": null, "P11_003_34": null, "P11_003_35": null, "P11_004_01": "1", "P11_004_02": null, "P11_004_03": null, "P11_004_04": null, "P11_004_05": null, "P11_004_06": null, "P11_004_07": null, "P11_004_08": null, "P11_004_09": null, "P11_004_10": null, "P11_004_11": null, "P11_004_12": null, "P11_004_13": null, "P11_004_14": null, "P11_004_15": null, "P11_004_16": null, "P11_004_17": null, "P11_004_18": null, "P11_004_19": null, "P11_004_20": null, "P11_004_21": null, "P11_004_22": null, "P11_004_23": null, "P11_004_24": null, "P11_004_25": null, "P11_004_26": null, "P11_004_27": null, "P11_004_28": null, "P11_004_29": null, "P11_004_30": null, "P11_004_31": null, "P11_004_32": null, "P11_004_33": null, "P11_004_34": null, "P11_004_35": null, "P11_005": null, "name": "草敷", "operator": "日東交通（株）", "route": "高倉アカデミア線", "layer": "bus_stops" }, "geometry": { "type": "Point", "coordinates": [ 140.0018331, 35.3329344 ] } },
{ "type": "Feature", "properties": { "P11_001": "水道山下", "P11_002": "日東交通（株）", "P11_003_01": "君津市内循環線", "P11_003_02": null, "P11_003_03": null, "P11_003_04": null, "P11_003_05": null, "P11_003_06": null, "P11_003_07": null, "P11_003_08": null, "P11_003_09": null, "P11_003_10": null, "P11_003_11": null, "P11_003_12": null, "P11_003_13": null, "P11_003_14": null, "P11_003_15": null, "P11_003_16": null, "P11_003_17": null, "P11_003_18": null, "P11_003_19": null, "P11_003_20": null, "P11_003_21": null, "P11_003_22": null, "P11_003_23": null, "P11_003_24": null, "P11_003_25": null, "P11_003_26": null, "P11_003_27": null, "P11_003_28": null, "P11_003_29": null, "P11_003_30": null, "P11_003_31": null, "P11_003_32": null, "P11_003_33": null, "P11_003_34": null, "P11_003_35": null, "P11_004_01": "1", "P11_004_02": null, "P11_004_03": null, "P11_004_04": null, "P11_004_05": null, "P11_004_06": null, "P11_004_07": null, "P11_004_08": null, "P11_004_09": null, "P11_004_10": null, "P11_004_11": null, "P11_004_12": null, "P11_004_13": null, "P11_004_14": null, "P11_004_15": null, "P11_004_16": null, "P11_004_17": null, "P11_004_18": null, "P11_004_19": null, "P11_004_20": null, "P11_004_21": null, "P11_004_22": null, "P11_004_23": null, "P11_004_24": null, "P11_004_25": null, "P11_004_26": null, "P11_004_27": null, "P11_004_28": null, "P11_004_29": null, "P11_004_30": null, "P11_004_31": null, "P11_004_32": null, "P11_004_33": null, "P11_004_34": null, "P11_004_35": null, "P11_005": null, "name": "水道山下", "operator": "日東交通（株）", "route": "君津市内循環線", "layer": "bus_stops" }, "geometry": { "type": "Point", "coordinates": [ 139.9070447, 35.3327212 ] } },
{ "type": "Feature", "properties": { "P11_001": "高坂", "P11_002": "日東交通（株）", "P11_003_01": "君津市内循環線", "P11_003_02": null, "P11_003_03": null, "P11_003_04": null, "P11_003_05": null, "P11_003_06": null, "P11_003_07": null, "P11_003_08": null, "P11_003_09": null, "P11_003_10": null, "P11_003_11": null, "P11_003_12": null, "P11_003_13": null, "P11_003_14": null, "P11_003_15": null, "P11_003_16": null, "P11_003_17": null, "P11_003_18": null, "P11_003_19": null, "P11_003_20": null, "P11_003_21": null, "P11_003_22": null, "P11_003_23": null, "P11_003_24": null, "P11_003_25": null, "P11_003_26": null, "P11_003_27": null, "P11_003_28": null, "P11_003_29": null, "P11_003_30": null, "P11_003_31": null, "P11_003_32": null, "P11_003_33": null, "P11_003_34": null, "P11_003_35": null, "P11_004_01": "1", "P11_004_02": null, "P11_004_03": null, "P11_004_04": null, "P11_004_05": null, "P11_004_06": null, "P11_004_07": null, "P11_004_08": null, "P11_004_09": null, "P11_004_10": null, "P11_004_11": null, "P11_004_12": null, "P11_004_13": null, "P11_004_14": null, "P11_004_15": null, "P11_004_16": null, "P11_004_17": null, "P11_004_18": null, "P11_004_19": null, "P11_004_20": null, "P11_004_21": null, "P11_004_22": null, "P11_004_23": null, "P11_004_24": null, "P11_004_25": null, "P11_004_26": null, "P11_004_27": null, "P11_004_28": null, "P11_004_29": null, "P11_004_30": null, "P11_004_31": null, "P11_004_32": null, "P11_004_33": null, "P11_004_34": null, "P11_004_35": null, "P11_005": null, "name": "高坂", "operator": "日東交通（株）", "route": "君津市内循環線", "layer": "bus_stops" }, "geometry": { "type": "Point", "coordinates": [ 139.9021551, 35.3326869 ] } },
{ "type": "Feature", "properties": { "P11_001": "中野5丁目", "P11_002": "日東交通（株）", "P11_003_01": "富津市役所・君津線", "P11_003_02": null, "P11_003_03": null, "P11_003_04": null, "P11_003_05": null, "P11_003_06": null, "P11_003_07": null, "P11_003_08": null, "P11_003_09": null, "P11_003_10": null, "P11_003_11": null, "P11_003_12": null, "P11_003_13": null, "P11_003_14": null, "P11_003_15": null, "P11_003_16": null, "P11_003_17": null, "P11_003_18": null, "P11_003_19": null, "P11_003_20": null, "P11_003_21": null, "P11_003_22": null, "P11_003_23": null, "P11_003_24": null, "P11_003_25": null, "P11_003_26": null, "P11_003_27": null, "P11_003_28": null, "P11_003_29": null, "P11_003_30": null, "P11_003_31": null, "P11_003_32": null, "P11_003_33": null, "P11_003_34": null, "P11_003_35": null, "P11_004_01": "1", "P11_004_02": null, "P11_004_03": null, "P11_004_04": null, "P11_004_05": null, "P11_004_06": null, "P11_004_07": null, "P11_004_08": null, "P11_004_09": null, "P11_004_10": null, "P11_004_11": null, "P11_004_12": null, "P11_004_13": null, "P11_004_14": null, "P11_004_15": null, "P11_004_16": null, "P11_004_17": null, "P11_004_18": null, "P11_004_19": null, "P11_004_20": null, "P11_004_21": null, "P11_004_22": null, "P11_004_23": null, "P11_004_24": null, "P11_004_25": null, "P11_004_26": null, "P11_004_27": null, "P11_004_28": null, "P11_004_29": null, "P11_004_30": null, "P11_004_31": null, "P11_004_32": null, "P11_004_33": null, "P11_004_34": null, "P11_004_35": null, "P11_005": null, "name": "中野5丁目", "operator": "日東交通（株）", "route": "富津市役所・君津線", "layer": "bus_stops" }, "geometry": { "type": "Point", "coordinates": [ 139.8873713, 35.3325252 ] } },
{ "type": "Feature", "properties": { "P11_001": "アピタ前", "P11_002": "君津市", "P11_003_01": "小糸川循環線", "P11_003_02": null, "P11_003_03": null, "P11_003_04": null, "P11_003_05": null, "P11_003_06": null, "P11_003_07": null, "P11_003_08": null, "P11_003_09": null, "P11_003_10": null, "P11_003_11": null, "P11_003_12": null, "P11_003_13": null, "P11_003_14": null, "P11_003_15": null, "P11_003_16": null, "P11_003_17": null, "P11_003_18": null, "P11_003_19": null, "P11_003_20": null, "P11_003_21": null, "P11_003_22": null, "P11_003_23": null, "P11_003_24": null, "P11_003_25": null, "P11_003_26": null, "P11_003_27": null, "P11_003_28": null, "P11_003_29": null, "P11_003_30": null, "P11_003_31": null, "P11_003_32": null, "P11_003_33": null, "P11_003_34": null, "P11_003_35": null, "P11_004_01": "3", "P11_004_02": null, "P11_004_03": null, "P11_004_04": null, "P11_004_05": null, "P11_004_06": null, "P11_004_07": null, "P11_004_08": null, "P11_004_09": null, "P11_004_10": null, "P11_004_11": null, "P11_004_12": null, "P11_004_13": null, "P11_004_14": null, "P11_004_15": null, "P11_004_16": null, "P11_004_17": null, "P11_004_18": null, "P11_004_19": null, "P11_004_20": null, "P11_004_21": null, "P11_004_22": null, "P11_004_23": null, "P11_004_24": null, "P11_004_25": null, "P11_004_26": null, "P11_004_27": null, "P11_004_28": null, "P11_004_29": null, "P11_004_30": null, "P11_004_31": null, "P11_004_32": null, "P11_004_33": null, "P11_004_34": null, "P11_004_35": null, "P11_005": null, "name": "アピタ前", "operator": "君津市", "route": "小糸川循環線", "layer": "bus_stops" }, "geometry": { "type": "Point", "coordinates": [ 139.8987631, 35.3317864 ] } },
{ "type": "Feature", "properties": { "P11_001": "アピタ前", "P11_002": "日東交通（株）", "P11_003_01": "富津市役所・君津線", "P11_003_02": null, "P11_003_03": null, "P11_003_04": null, "P11_003_05": null, "P11_003_06": null, "P11_003_07": null, "P11_003_08": null, "P11_003_09": null, "P11_003_10": null, "P11_003_11": null, "P11_003_12": null, "P11_003_13": null, "P11_003_14": null, "P11_003_15": null, "P11_003_16": null, "P11_003_17": null, "P11_003_18": null, "P11_003_19": null, "P11_003_20": null, "P11_003_21": null, "P11_003_22": null, "P11_003_23": null, "P11_003_24": null, "P11_003_25": null, "P11_003_26": null, "P11_003_27": null, "P11_003_28": null, "P11_003_29": null, "P11_003_30": null, "P11_003_31": null, "P11_003_32": null, "P11_003_33": null, "P11_003_34": null, "P11_003_35": null, "P11_004_01": "1", "P11_004_02": null, "P11_004_03": null, "P11_004_04": null, "P11_004_05": null, "P11_004_06": null, "P11_004_07": null, "P11_004_08": null, "P11_004_09": null, "P11_004_10": null, "P11_004_11": null, "P11_004_12": null, "P11_004_13": null, "P11_004_14": null, "P11_004_15": null, "P11_004_16": null, "P11_004_17": null, "P11_004_18": null, "P11_004_19": null, "P11_004_20": null, "P11_004_21": null, "P11_004_22": null, "P11_004_23": null, "P11_004_24": null, "P11_004_25": null, "P11_004_26": null, "P11_004_27": null, "P11_004_28": null, "P11_004_29": null, "P11_004_30": null, "P11_004_31": null, "P11_004_32": null, "P11_004_33": null, "P11_004_34": null, "P11_004_35": null, "P11_005": null, "name": "アピタ前", "operator": "日東交通（株）", "route": "富津市役所・君津線", "layer": "bus_stops" }, "geometry": { "type": "Point", "coordinates": [ 139.8987631, 35.3317864 ] } },
{ "type": "Feature", "properties": { "P11_001": "中野3丁目", "P11_002": "日東交通（株）", "P11_003_01": "周西線", "P11_003_02": null, "P11_003_03": null, "P11_003_04": null, "P11_003_05": null, "P11_003_06": null, "P11_003_07": null, "P11_003_08": null, "P11_003_09": null, "P11_003_10": null, "P11_003_11": null, "P11_003_12": null, "P11_003_13": null, "P11_003_14": null, "P11_003_15": null, "P11_003_16": null, "P11_003_17": null, "P11_003_18": null, "P11_003_19": null, "P11_003_20": null, "P11_003_21": null, "P11_003_22": null, "P11_003_23": null, "P11_003_24": null, "P11_003_25": null, "P11_003_26": null, "P11_003_27": null, "P11_003_28": null, "P11_003_29": null, "P11_003_30": null, "P11_003_31": null, "P11_003_32": null, "P11_003_33": null, "P11_003_34": null, "P11_003_35": null, "P11_004_01": "1", "P11_004_02": null, "P11_004_03": null, "P11_004_04": null, "P11_004_05": null, "P11_004_06": null, "P11_004_07": null, "P11_004_08": null, "P11_004_09": null, "P11_004_10": null, "P11_004_11": null, "P11_004_12": null, "P11_004_13": null, "P11_004_14": null, "P11_004_15": null, "P11_004_16": null, "P11_004_17": null, "P11_004_18": null, "P11_004_19": null, "P11_004_20": null, "P11_004_21": null, "P11_004_22": null, "P11_004_23": null, "P11_004_24": null, "P11_004_25": null, "P11_004_26": null, "P11_004_27": null, "P11_004_28": null, "P11_004_29": null, "P11_004_30": null, "P11_004_31": null, "P11_004_32": null, "P11_004_33": null, "P11_004_34": null, "P11_004_35": null, "P11_005": null, "name": "中野3丁目", "operator": "日東交通（株）", "route": "周西線", "layer": "bus_stops" }, "geometry": { "type": "Point", "coordinates": [ 139.8900136, 35.3316663 ] } },
{ "type": "Feature", "properties": { "P11_001": "北子安", "P11_002": "日東交通（株）", "P11_003_01": "君津市内循環線", "P11_003_02": null, "P11_003_03": null, "P11_003_04": null, "P11_003_05": null, "P11_003_06": null, "P11_003_07": null, "P11_003_08": null, "P11_003_09": null, "P11_003_10": null, "P11_003_11": null, "P11_003_12": null, "P11_003_13": null, "P11_003_14": null, "P11_003_15": null, "P11_003_16": null, "P11_003_17": null, "P11_003_18": null, "P11_003_19": null, "P11_003_20": null, "P11_003_21": null, "P11_003_22": null, "P11_003_23": null, "P11_003_24": null, "P11_003_25": null, "P11_003_26": null, "P11_003_27": null, "P11_003_28": null, "P11_003_29": null, "P11_003_30": null, "P11_003_31": null, "P11_003_32": null, "P11_003_33": null, "P11_003_34": null, "P11_003_35": null, "P11_004_01": "1", "P11_004_02": null, "P11_004_03": null, "P11_004_04": null, "P11_004_05": null, "P11_004_06": null, "P11_004_07": null, "P11_004_08": null, "P11_004_09": null, "P11_004_10": null, "P11_004_11": null, "P11_004_12": null, "P11_004_13": null, "P11_004_14": null, "P11_004_15": null, "P11_004_16": null, "P11_004_17": null, "P11_004_18": null, "P11_004_19": null, "P11_004_20": null, "P11_004_21": null, "P11_004_22": null, "P11_004_23": null, "P11_004_24": null, "P11_004_25": null, "P11_004_26": null, "P11_004_27": null, "P11_004_28": null, "P11_004_29": null, "P11_004_30": null, "P11_004_31": null, "P11_004_32": null, "P11_004_33": null, "P11_004_34": null, "P11_004_35": null, "P11_005": null, "name": "北子安", "operator": "日東交通（株）", "route": "君津市内循環線", "layer": "bus_stops" }, "geometry": { "type": "Point", "coordinates": [ 139.9169113, 35.3316045 ] } },
{ "type": "Feature", "properties": { "P11_001": "君津市役所（北側）", "P11_002": "君津市", "P11_003_01": "小糸川循環線", "P11_003_02": null, "P11_003_03": null, "P11_003_04": null, "P11_003_05": null, "P11_003_06": null, "P11_003_07": null, "P11_003_08": null, "P11_003_09": null, "P11_003_10": null, "P11_003_11": null, "P11_003_12": null, "P11_003_13": null, "P11_003_14": null, "P11_003_15": null, "P11_003_16": null, "P11_003_17": null, "P11_003_18": null, "P11_003_19": null, "P11_003_20": null, "P11_003_21": null, "P11_003_22": null, "P11_003_23": null, "P11_003_24": null, "P11_003_25": null, "P11_003_26": null, "P11_003_27": null, "P11_003_28": null, "P11_003_29": null, "P11_003_30": null, "P11_003_31": null, "P11_003_32": null, "P11_003_33": null, "P11_003_34": null, "P11_003_35": null, "P11_004_01": "3", "P11_004_02": null, "P11_004_03": null, "P11_004_04": null, "P11_004_05": null, "P11_004_06": null, "P11_004_07": null, "P11_004_08": null, "P11_004_09": null, "P11_004_10": null, "P11_004_11": null, "P11_004_12": null, "P11_004_13": null, "P11_004_14": null, "P11_004_15": null, "P11_004_16": null, "P11_004_17": null, "P11_004_18": null, "P11_004_19": null, "P11_004_20": null, "P11_004_21": null, "P11_004_22": null, "P11_004_23": null, "P11_004_24": null, "P11_004_25": null, "P11_004_26": null, "P11_004_27": null, "P11_004_28": null, "P11_004_29": null, "P11_004_30": null, "P11_004_31": null, "P11_004_32": null, "P11_004_33": null, "P11_004_34": null, "P11_004_35": null, "P11_005": null, "name": "君津市役所（北側）", "operator": "君津市", "route": "小糸川循環線", "layer": "bus_stops" }, "geometry": { "type": "Point", "coordinates": [ 139.9020915, 35.3309711 ] } },
{ "type": "Feature", "properties": { "P11_001": "君津市役所", "P11_002": "日東交通（株）", "P11_003_01": "君津市内循環線", "P11_003_02": null, "P11_003_03": null, "P11_003_04": null, "P11_003_05": null, "P11_003_06": null, "P11_003_07": null, "P11_003_08": null, "P11_003_09": null, "P11_003_10": null, "P11_003_11": null, "P11_003_12": null, "P11_003_13": null, "P11_003_14": null, "P11_003_15": null, "P11_003_16": null, "P11_003_17": null, "P11_003_18": null, "P11_003_19": null, "P11_003_20": null, "P11_003_21": null, "P11_003_22": null, "P11_003_23": null, "P11_003_24": null, "P11_003_25": null, "P11_003_26": null, "P11_003_27": null, "P11_003_28": null, "P11_003_29": null, "P11_003_30": null, "P11_003_31": null, "P11_003_32": null, "P11_003_33": null, "P11_003_34": null, "P11_003_35": null, "P11_004_01": "1", "P11_004_02": null, "P11_004_03": null, "P11_004_04": null, "P11_004_05": null, "P11_004_06": null, "P11_004_07": null, "P11_004_08": null, "P11_004_09": null, "P11_004_10": null, "P11_004_11": null, "P11_004_12": null, "P11_004_13": null, "P11_004_14": null, "P11_004_15": null, "P11_004_16": null, "P11_004_17": null, "P11_004_18": null, "P11_004_19": null, "P11_004_20": null, "P11_004_21": null, "P11_004_22": null, "P11_004_23": null, "P11_004_24": null, "P11_004_25": null, "P11_004_26": null, "P11_004_27": null, "P11_004_28": null, "P11_004_29": null, "P11_004_30": null, "P11_004_31": null, "P11_004_32": null, "P11_004_33": null, "P11_004_34": null, "P11_004_35": null, "P11_005": null, "name": "君津市役所", "operator": "日東交通（株）", "route": "君津市内循環線", "layer": "bus_stops" }, "geometry": { "type": "Point", "coordinates": [ 139.9020915, 35.3309711 ] } },
{ "type": "Feature", "properties": { "P11_001": "かずさDNA研究所", "P11_002": "日東交通（株）", "P11_003_01": "高倉アカデミア線", "P11_003_02": null, "P11_003_03": null, "P11_003_04": null, "P11_003_05": null, "P11_003_06": null, "P11_003_07": null, "P11_003_08": null, "P11_003_09": null, "P11_003_10": null, "P11_003_11": null, "P11_003_12": null, "P11_003_13": null, "P11_003_14": null, "P11_003_15": null, "P11_003_16": null, "P11_003_17": null, "P11_003_18": null, "P11_003_19": null, "P11_003_20": null, "P11_003_21": null, "P11_003_22": null, "P11_003_23": null, "P11_003_24": null, "P11_003_25": null, "P11_003_26": null, "P11_003_27": null, "P11_003_28": null, "P11_003_29": null, "P11_003_30": null, "P11_003_31": null, "P11_003_32": null, "P11_003_33": null, "P11_003_34": null, "P11_003_35": null, "P11_004_01": "1", "P11_004_02": null, "P11_004_03": null, "P11_004_04": null, "P11_004_05": null, "P11_004_06": null, "P11_004_07": null, "P11_004_08": null, "P11_004_09": null, "P11_004_10": null, "P11_004_11": null, "P11_004_12": null, "P11_004_13": null, "P11_004_14": null, "P11_004_15": null, "P11_004_16": null, "P11_004_17": null, "P11_004_18": null, "P11_004_19": null, "P11_004_20": null, "P11_004_21": null, "P11_004_22": null, "P11_004_23": null, "P11_004_24": null, "P11_004_25": null, "P11_004_26": null, "P11_004_27": null, "P11_004_28": null, "P11_004_29": null, "P11_004_30": null, "P11_004_31": null, "P11_004_32": null, "P11_004_33": null, "P11_004_34": null, "P11_004_35": null, "P11_005": null, "name": "かずさDNA研究所", "operator": "日東交通（株）", "route": "高倉アカデミア線", "layer": "bus_stops" }, "geometry": { "type": "Point", "coordinates": [ 139.988857, 35.3308877 ] } },
{ "type": "Feature", "properties": { "P11_001": "DNA研究所", "P11_002": "日東交通（株）", "P11_003_01": "木更津鴨川線", "P11_003_02": null, "P11_003_03": null, "P11_003_04": null, "P11_003_05": null, "P11_003_06": null, "P11_003_07": null, "P11_003_08": null, "P11_003_09": null, "P11_003_10": null, "P11_003_11": null, "P11_003_12": null, "P11_003_13": null, "P11_003_14": null, "P11_003_15": null, "P11_003_16": null, "P11_003_17": null, "P11_003_18": null, "P11_003_19": null, "P11_003_20": null, "P11_003_21": null, "P11_003_22": null, "P11_003_23": null, "P11_003_24": null, "P11_003_25": null, "P11_003_26": null, "P11_003_27": null, "P11_003_28": null, "P11_003_29": null, "P11_003_30": null, "P11_003_31": null, "P11_003_32": null, "P11_003_33": null, "P11_003_34": null, "P11_003_35": null, "P11_004_01": "1", "P11_004_02": null, "P11_004_03": null, "P11_004_04": null, "P11_004_05": null, "P11_004_06": null, "P11_004_07": null, "P11_004_08": null, "P11_004_09": null, "P11_004_10": null, "P11_004_11": null, "P11_004_12": null, "P11_004_13": null, "P11_004_14": null, "P11_004_15": null, "P11_004_16": null, "P11_004_17": null, "P11_004_18": null, "P11_004_19": null, "P11_004_20": null, "P11_004_21": null, "P11_004_22": null, "P11_004_23": null, "P11_004_24": null, "P11_004_25": null, "P11_004_26": null, "P11_004_27": null, "P11_004_28": null, "P11_004_29": null, "P11_004_30": null, "P11_004_31": null, "P11_004_32": null, "P11_004_33": null, "P11_004_34": null, "P11_004_35": null, "P11_005": null, "name": "DNA研究所", "operator": "日東交通（株）", "route": "木更津鴨川線", "layer": "bus_stops" }, "geometry": { "type": "Point", "coordinates": [ 139.988857, 35.3308877 ] } },
{ "type": "Feature", "properties": { "P11_001": "辻前公園", "P11_002": "君津市", "P11_003_01": "人見・大和田・神門線", "P11_003_02": null, "P11_003_03": null, "P11_003_04": null, "P11_003_05": null, "P11_003_06": null, "P11_003_07": null, "P11_003_08": null, "P11_003_09": null, "P11_003_10": null, "P11_003_11": null, "P11_003_12": null, "P11_003_13": null, "P11_003_14": null, "P11_003_15": null, "P11_003_16": null, "P11_003_17": null, "P11_003_18": null, "P11_003_19": null, "P11_003_20": null, "P11_003_21": null, "P11_003_22": null, "P11_003_23": null, "P11_003_24": null, "P11_003_25": null, "P11_003_26": null, "P11_003_27": null, "P11_003_28": null, "P11_003_29": null, "P11_003_30": null, "P11_003_31": null, "P11_003_32": null, "P11_003_33": null, "P11_003_34": null, "P11_003_35": null, "P11_004_01": "3", "P11_004_02": null, "P11_004_03": null, "P11_004_04": null, "P11_004_05": null, "P11_004_06": null, "P11_004_07": null, "P11_004_08": null, "P11_004_09": null, "P11_004_10": null, "P11_004_11": null, "P11_004_12": null, "P11_004_13": null, "P11_004_14": null, "P11_004_15": null, "P11_004_16": null, "P11_004_17": null, "P11_004_18": null, "P11_004_19": null, "P11_004_20": null, "P11_004_21": null, "P11_004_22": null, "P11_004_23": null, "P11_004_24": null, "P11_004_25": null, "P11_004_26": null, "P11_004_27": null, "P11_004_28": null, "P11_004_29": null, "P11_004_30": null, "P11_004_31": null, "P11_004_32": null, "P11_004_33": null, "P11_004_34": null, "P11_004_35": null, "P11_005": null, "name": "辻前公園", "operator": "君津市", "route": "人見・大和田・神門線", "layer": "bus_stops" }, "geometry": { "type": "Point", "coordinates": [ 139.8995003, 35.3307766 ] } },
{ "type": "Feature", "properties": { "P11_001": "小原町", "P11_002": "君津市", "P11_003_01": "小糸川循環線", "P11_003_02": null, "P11_003_03": null, "P11_003_04": null, "P11_003_05": null, "P11_003_06": null, "P11_003_07": null, "P11_003_08": null, "P11_003_09": null, "P11_003_10": null, "P11_003_11": null, "P11_003_12": null, "P11_003_13": null, "P11_003_14": null, "P11_003_15": null, "P11_003_16": null, "P11_003_17": null, "P11_003_18": null, "P11_003_19": null, "P11_003_20": null, "P11_003_21": null, "P11_003_22": null, "P11_003_23": null, "P11_003_24": null, "P11_003_25": null, "P11_003_26": null, "P11_003_27": null, "P11_003_28": null, "P11_003_29": null, "P11_003_30": null, "P11_003_31": null, "P11_003_32": null, "P11_003_33": null, "P11_003_34": null, "P11_003_35": null, "P11_004_01": "3", "P11_004_02": null, "P11_004_03": null, "P11_004_04": null, "P11_004_05": null, "P11_004_06": null, "P11_004_07": null, "P11_004_08": null, "P11_004_09": null, "P11_004_10": null, "P11_004_11": null, "P11_004_12": null, "P11_004_13": null, "P11_004_14": null, "P11_004_15": null, "P11_004_16": null, "P11_004_17": null, "P11_004_18": null, "P11_004_19": null, "P11_004_20": null, "P11_004_21": null, "P11_004_22": null, "P11_004_23": null, "P11_004_24": null, "P11_004_25": null, "P11_004_26": null, "P11_004_27": null, "P11_004_28": null, "P11_004_29": null, "P11_004_30": null, "P11_004_31": null, "P11_004_32": null, "P11_004_33": null, "P11_004_34": null, "P11_004_35": null, "P11_005": null, "name": "小原町", "operator": "君津市", "route": "小糸川循環線", "layer": "bus_stops" }, "geometry": { "type": "Point", "coordinates": [ 139.8948532, 35.3300919 ] } },
{ "type": "Feature", "properties": { "P11_001": "小原町", "P11_002": "日東交通（株）", "P11_003_01": "イオンモール木更津線,畑沢線,周西線", "P11_003_02": null, "P11_003_03": null, "P11_003_04": null, "P11_003_05": null, "P11_003_06": null, "P11_003_07": null, "P11_003_08": null, "P11_003_09": null, "P11_003_10": null, "P11_003_11": null, "P11_003_12": null, "P11_003_13": null, "P11_003_14": null, "P11_003_15": null, "P11_003_16": null, "P11_003_17": null, "P11_003_18": null, "P11_003_19": null, "P11_003_20": null, "P11_003_21": null, "P11_003_22": null, "P11_003_23": null, "P11_003_24": null, "P11_003_25": null, "P11_003_26": null, "P11_003_27": null, "P11_003_28": null, "P11_003_29": null, "P11_003_30": null, "P11_003_31": null, "P11_003_32": null, "P11_003_33": null, "P11_003_34": null, "P11_003_35": null, "P11_004_01": "1,1,1", "P11_004_02": null, "P11_004_03": null, "P11_004_04": null, "P11_004_05": null, "P11_004_06": null, "P11_004_07": null, "P11_004_08": null, "P11_004_09": null, "P11_004_10": null, "P11_004_11": null, "P11_004_12": null, "P11_004_13": null, "P11_004_14": null, "P11_004_15": null, "P11_004_16": null, "P11_004_17": null, "P11_004_18": null, "P11_004_19": null, "P11_004_20": null, "P11_004_21": null, "P11_004_22": null, "P11_004_23": null, "P11_004_24": null, "P11_004_25": null, "P11_004_26": null, "P11_004_27": null, "P11_004_28": null, "P11_004_29": null, "P11_004_30": null, "P11_004_31": null, "P11_004_32": null, "P11_004_33": null, "P11_004_34": null, "P11_004_35": null, "P11_005": null, "name": "小原町", "operator": "日東交通（株）", "route": "イオンモール木更津線,畑沢線,周西線", "layer": "bus_stops" }, "geometry": { "type": "Point", "coordinates": [ 139.8948532, 35.3300919 ] } },
{ "type": "Feature", "properties": { "P11_001": "君津市役所", "P11_002": "君津市", "P11_003_01": "人見・大和田・神門線", "P11_003_02": null, "P11_003_03": null, "P11_003_04": null, "P11_003_05": null, "P11_003_06": null, "P11_003_07": null, "P11_003_08": null, "P11_003_09": null, "P11_003_10": null, "P11_003_11": null, "P11_003_12": null, "P11_003_13": null, "P11_003_14": null, "P11_003_15": null, "P11_003_16": null, "P11_003_17": null, "P11_003_18": null, "P11_003_19": null, "P11_003_20": null, "P11_003_21": null, "P11_003_22": null, "P11_003_23": null, "P11_003_24": null, "P11_003_25": null, "P11_003_26": null, "P11_003_27": null, "P11_003_28": null, "P11_003_29": null, "P11_003_30": null, "P11_003_31": null, "P11_003_32": null, "P11_003_33": null, "P11_003_34": null, "P11_003_35": null, "P11_004_01": "3", "P11_004_02": null, "P11_004_03": null, "P11_004_04": null, "P11_004_05": null, "P11_004_06": null, "P11_004_07": null, "P11_004_08": null, "P11_004_09": null, "P11_004_10": null, "P11_004_11": null, "P11_004_12": null, "P11_004_13": null, "P11_004_14": null, "P11_004_15": null, "P11_004_16": null, "P11_004_17": null, "P11_004_18": null, "P11_004_19": null, "P11_004_20": null, "P11_004_21": null, "P11_004_22": null, "P11_004_23": null, "P11_004_24": null, "P11_004_25": null, "P11_004_26": null, "P11_004_27": null, "P11_004_28": null, "P11_004_29": null, "P11_004_30": null, "P11_004_31": null, "P11_004_32": null, "P11_004_33": null, "P11_004_34": null, "P11_004_35": null, "P11_005": null, "name": "君津市役所", "operator": "君津市", "route": "人見・大和田・神門線", "layer": "bus_stops" }, "geometry": { "type": "Point", "coordinates": [ 139.9016479, 35.3297124 ] } },
{ "type": "Feature", "properties": { "P11_001": "八重原", "P11_002": "日東交通（株）", "P11_003_01": "三島線,君津市内循環線", "P11_003_02": null, "P11_003_03": null, "P11_003_04": null, "P11_003_05": null, "P11_003_06": null, "P11_003_07": null, "P11_003_08": null, "P11_003_09": null, "P11_003_10": null, "P11_003_11": null, "P11_003_12": null, "P11_003_13": null, "P11_003_14": null, "P11_003_15": null, "P11_003_16": null, "P11_003_17": null, "P11_003_18": null, "P11_003_19": null, "P11_003_20": null, "P11_003_21": null, "P11_003_22": null, "P11_003_23": null, "P11_003_24": null, "P11_003_25": null, "P11_003_26": null, "P11_003_27": null, "P11_003_28": null, "P11_003_29": null, "P11_003_30": null, "P11_003_31": null, "P11_003_32": null, "P11_003_33": null, "P11_003_34": null, "P11_003_35": null, "P11_004_01": "1,1", "P11_004_02": null, "P11_004_03": null, "P11_004_04": null, "P11_004_05": null, "P11_004_06": null, "P11_004_07": null, "P11_004_08": null, "P11_004_09": null, "P11_004_10": null, "P11_004_11": null, "P11_004_12": null, "P11_004_13": null, "P11_004_14": null, "P11_004_15": null, "P11_004_16": null, "P11_004_17": null, "P11_004_18": null, "P11_004_19": null, "P11_004_20": null, "P11_004_21": null, "P11_004_22": null, "P11_004_23": null, "P11_004_24": null, "P11_004_25": null, "P11_004_26": null, "P11_004_27": null, "P11_004_28": null, "P11_004_29": null, "P11_004_30": null, "P11_004_31": null, "P11_004_32": null, "P11_004_33": null, "P11_004_34": null, "P11_004_35": null, "P11_005": null, "name": "八重原", "operator": "日東交通（株）", "route": "三島線,君津市内循環線", "layer": "bus_stops" }, "geometry": { "type": "Point", "coordinates": [ 139.923886, 35.3292123 ] } },
{ "type": "Feature", "properties": { "P11_001": "南子安", "P11_002": "日東交通（株）", "P11_003_01": "君津市内循環線", "P11_003_02": null, "P11_003_03": null, "P11_003_04": null, "P11_003_05": null, "P11_003_06": null, "P11_003_07": null, "P11_003_08": null, "P11_003_09": null, "P11_003_10": null, "P11_003_11": null, "P11_003_12": null, "P11_003_13": null, "P11_003_14": null, "P11_003_15": null, "P11_003_16": null, "P11_003_17": null, "P11_003_18": null, "P11_003_19": null, "P11_003_20": null, "P11_003_21": null, "P11_003_22": null, "P11_003_23": null, "P11_003_24": null, "P11_003_25": null, "P11_003_26": null, "P11_003_27": null, "P11_003_28": null, "P11_003_29": null, "P11_003_30": null, "P11_003_31": null, "P11_003_32": null, "P11_003_33": null, "P11_003_34": null, "P11_003_35": null, "P11_004_01": "1", "P11_004_02": null, "P11_004_03": null, "P11_004_04": null, "P11_004_05": null, "P11_004_06": null, "P11_004_07": null, "P11_004_08": null, "P11_004_09": null, "P11_004_10": null, "P11_004_11": null, "P11_004_12": null, "P11_004_13": null, "P11_004_14": null, "P11_004_15": null, "P11_004_16": null, "P11_004_17": null, "P11_004_18": null, "P11_004_19": null, "P11_004_20": null, "P11_004_21": null, "P11_004_22": null, "P11_004_23": null, "P11_004_24": null, "P11_004_25": null, "P11_004_26": null, "P11_004_27": null, "P11_004_28": null, "P11_004_29": null, "P11_004_30": null, "P11_004_31": null, "P11_004_32": null, "P11_004_33": null, "P11_004_34": null, "P11_004_35": null, "P11_005": null, "name": "南子安", "operator": "日東交通（株）", "route": "君津市内循環線", "layer": "bus_stops" }, "geometry": { "type": "Point", "coordinates": [ 139.9147601, 35.3291848 ] } },
{ "type": "Feature", "properties": { "P11_001": "君津市役所前", "P11_002": "日東交通（株）", "P11_003_01": "イオンモール木更津線,畑沢線,周西線", "P11_003_02": null, "P11_003_03": null, "P11_003_04": null, "P11_003_05": null, "P11_003_06": null, "P11_003_07": null, "P11_003_08": null, "P11_003_09": null, "P11_003_10": null, "P11_003_11": null, "P11_003_12": null, "P11_003_13": null, "P11_003_14": null, "P11_003_15": null, "P11_003_16": null, "P11_003_17": null, "P11_003_18": null, "P11_003_19": null, "P11_003_20": null, "P11_003_21": null, "P11_003_22": null, "P11_003_23": null, "P11_003_24": null, "P11_003_25": null, "P11_003_26": null, "P11_003_27": null, "P11_003_28": null, "P11_003_29": null, "P11_003_30": null, "P11_003_31": null, "P11_003_32": null, "P11_003_33": null, "P11_003_34": null, "P11_003_35": null, "P11_004_01": "1,1,1", "P11_004_02": null, "P11_004_03": null, "P11_004_04": null, "P11_004_05": null, "P11_004_06": null, "P11_004_07": null, "P11_004_08": null, "P11_004_09": null, "P11_004_10": null, "P11_004_11": null, "P11_004_12": null, "P11_004_13": null, "P11_004_14": null, "P11_004_15": null, "P11_004_16": null, "P11_004_17": null, "P11_004_18": null, "P11_004_19": null, "P11_004_20": null, "P11_004_21": null, "P11_004_22": null, "P11_004_23": null, "P11_004_24": null, "P11_004_25": null, "P11_004_26": null, "P11_004_27": null, "P11_004_28": null, "P11_004_29": null, "P11_004_30": null, "P11_004_31": null, "P11_004_32": null, "P11_004_33": null, "P11_004_34": null, "P11_004_35": null, "P11_005": null, "name": "君津市役所前", "operator": "日東交通（株）", "route": "イオンモール木更津線,畑沢線,周西線", "layer": "bus_stops" }, "geometry": { "type": "Point", "coordinates": [ 139.9012855, 35.3291569 ] } },
{ "type": "Feature", "properties": { "P11_001": "君津市役所", "P11_002": "京浜急行バス（株）・日東交通（株）", "P11_003_01": "羽田空港　⇔　君津", "P11_003_02": null, "P11_003_03": null, "P11_003_04": null, "P11_003_05": null, "P11_003_06": null, "P11_003_07": null, "P11_003_08": null, "P11_003_09": null, "P11_003_10": null, "P11_003_11": null, "P11_003_12": null, "P11_003_13": null, "P11_003_14": null, "P11_003_15": null, "P11_003_16": null, "P11_003_17": null, "P11_003_18": null, "P11_003_19": null, "P11_003_20": null, "P11_003_21": null, "P11_003_22": null, "P11_003_23": null, "P11_003_24": null, "P11_003_25": null, "P11_003_26": null, "P11_003_27": null, "P11_003_28": null, "P11_003_29": null, "P11_003_30": null, "P11_003_31": null, "P11_003_32": null, "P11_003_33": null, "P11_003_34": null, "P11_003_35": null, "P11_004_01": "1", "P11_004_02": null, "P11_004_03": null, "P11_004_04": null, "P11_004_05": null, "P11_004_06": null, "P11_004_07": null, "P11_004_08": null, "P11_004_09": null, "P11_004_10": null, "P11_004_11": null, "P11_004_12": null, "P11_004_13": null, "P11_004_14": null, "P11_004_15": null, "P11_004_16": null, "P11_004_17": null, "P11_004_18": null, "P11_004_19": null, "P11_004_20": null, "P11_004_21": null, "P11_004_22": null, "P11_004_23": null, "P11_004_24": null, "P11_004_25": null, "P11_004_26": null, "P11_004_27": null, "P11_004_28": null, "P11_004_29": null, "P11_004_30": null, "P11_004_31": null, "P11_004_32": null, "P11_004_33": null, "P11_004_34": null, "P11_004_35": null, "P11_005": null, "name": "君津市役所", "operator": "京浜急行バス（株）・日東交通（株）", "route": "羽田空港　⇔　君津", "layer": "bus_stops" }, "geometry": { "type": "Point", "coordinates": [ 139.9012855, 35.3291569 ] } },
{ "type": "Feature", "properties": { "P11_001": "久保", "P11_002": "君津市", "P11_003_01": "小糸川循環線", "P11_003_02": null, "P11_003_03": null, "P11_003_04": null, "P11_003_05": null, "P11_003_06": null, "P11_003_07": null, "P11_003_08": null, "P11_003_09": null, "P11_003_10": null, "P11_003_11": null, "P11_003_12": null, "P11_003_13": null, "P11_003_14": null, "P11_003_15": null, "P11_003_16": null, "P11_003_17": null, "P11_003_18": null, "P11_003_19": null, "P11_003_20": null, "P11_003_21": null, "P11_003_22": null, "P11_003_23": null, "P11_003_24": null, "P11_003_25": null, "P11_003_26": null, "P11_003_27": null, "P11_003_28": null, "P11_003_29": null, "P11_003_30": null, "P11_003_31": null, "P11_003_32": null, "P11_003_33": null, "P11_003_34": null, "P11_003_35": null, "P11_004_01": "3", "P11_004_02": null, "P11_004_03": null, "P11_004_04": null, "P11_004_05": null, "P11_004_06": null, "P11_004_07": null, "P11_004_08": null, "P11_004_09": null, "P11_004_10": null, "P11_004_11": null, "P11_004_12": null, "P11_004_13": null, "P11_004_14": null, "P11_004_15": null, "P11_004_16": null, "P11_004_17": null, "P11_004_18": null, "P11_004_19": null, "P11_004_20": null, "P11_004_21": null, "P11_004_22": null, "P11_004_23": null, "P11_004_24": null, "P11_004_25": null, "P11_004_26": null, "P11_004_27": null, "P11_004_28": null, "P11_004_29": null, "P11_004_30": null, "P11_004_31": null, "P11_004_32": null, "P11_004_33": null, "P11_004_34": null, "P11_004_35": null, "P11_005": null, "name": "久保", "operator": "君津市", "route": "小糸川循環線", "layer": "bus_stops" }, "geometry": { "type": "Point", "coordinates": [ 139.9064198, 35.3291011 ] } },
{ "type": "Feature", "properties": { "P11_001": "久保", "P11_002": "日東交通（株）", "P11_003_01": "君津市内循環線", "P11_003_02": null, "P11_003_03": null, "P11_003_04": null, "P11_003_05": null, "P11_003_06": null, "P11_003_07": null, "P11_003_08": null, "P11_003_09": null, "P11_003_10": null, "P11_003_11": null, "P11_003_12": null, "P11_003_13": null, "P11_003_14": null, "P11_003_15": null, "P11_003_16": null, "P11_003_17": null, "P11_003_18": null, "P11_003_19": null, "P11_003_20": null, "P11_003_21": null, "P11_003_22": null, "P11_003_23": null, "P11_003_24": null, "P11_003_25": null, "P11_003_26": null, "P11_003_27": null, "P11_003_28": null, "P11_003_29": null, "P11_003_30": null, "P11_003_31": null, "P11_003_32": null, "P11_003_33": null, "P11_003_34": null, "P11_003_35": null, "P11_004_01": "1", "P11_004_02": null, "P11_004_03": null, "P11_004_04": null, "P11_004_05": null, "P11_004_06": null, "P11_004_07": null, "P11_004_08": null, "P11_004_09": null, "P11_004_10": null, "P11_004_11": null, "P11_004_12": null, "P11_004_13": null, "P11_004_14": null, "P11_004_15": null, "P11_004_16": null, "P11_004_17": null, "P11_004_18": null, "P11_004_19": null, "P11_004_20": null, "P11_004_21": null, "P11_004_22": null, "P11_004_23": null, "P11_004_24": null, "P11_004_25": null, "P11_004_26": null, "P11_004_27": null, "P11_004_28": null, "P11_004_29": null, "P11_004_30": null, "P11_004_31": null, "P11_004_32": null, "P11_004_33": null, "P11_004_34": null, "P11_004_35": null, "P11_005": null, "name": "久保", "operator": "日東交通（株）", "route": "君津市内循環線", "layer": "bus_stops" }, "geometry": { "type": "Point", "coordinates": [ 139.9064198, 35.3291011 ] } },
{ "type": "Feature", "properties": { "P11_001": "八重原局前", "P11_002": "日東交通（株）", "P11_003_01": "君津市内循環線", "P11_003_02": null, "P11_003_03": null, "P11_003_04": null, "P11_003_05": null, "P11_003_06": null, "P11_003_07": null, "P11_003_08": null, "P11_003_09": null, "P11_003_10": null, "P11_003_11": null, "P11_003_12": null, "P11_003_13": null, "P11_003_14": null, "P11_003_15": null, "P11_003_16": null, "P11_003_17": null, "P11_003_18": null, "P11_003_19": null, "P11_003_20": null, "P11_003_21": null, "P11_003_22": null, "P11_003_23": null, "P11_003_24": null, "P11_003_25": null, "P11_003_26": null, "P11_003_27": null, "P11_003_28": null, "P11_003_29": null, "P11_003_30": null, "P11_003_31": null, "P11_003_32": null, "P11_003_33": null, "P11_003_34": null, "P11_003_35": null, "P11_004_01": "1", "P11_004_02": null, "P11_004_03": null, "P11_004_04": null, "P11_004_05": null, "P11_004_06": null, "P11_004_07": null, "P11_004_08": null, "P11_004_09": null, "P11_004_10": null, "P11_004_11": null, "P11_004_12": null, "P11_004_13": null, "P11_004_14": null, "P11_004_15": null, "P11_004_16": null, "P11_004_17": null, "P11_004_18": null, "P11_004_19": null, "P11_004_20": null, "P11_004_21": null, "P11_004_22": null, "P11_004_23": null, "P11_004_24": null, "P11_004_25": null, "P11_004_26": null, "P11_004_27": null, "P11_004_28": null, "P11_004_29": null, "P11_004_30": null, "P11_004_31": null, "P11_004_32": null, "P11_004_33": null, "P11_004_34": null, "P11_004_35": null, "P11_005": null, "name": "八重原局前", "operator": "日東交通（株）", "route": "君津市内循環線", "layer": "bus_stops" }, "geometry": { "type": "Point", "coordinates": [ 139.9289342, 35.3290235 ] } },
{ "type": "Feature", "properties": { "P11_001": "中野", "P11_002": "君津市", "P11_003_01": "小糸川循環線", "P11_003_02": null, "P11_003_03": null, "P11_003_04": null, "P11_003_05": null, "P11_003_06": null, "P11_003_07": null, "P11_003_08": null, "P11_003_09": null, "P11_003_10": null, "P11_003_11": null, "P11_003_12": null, "P11_003_13": null, "P11_003_14": null, "P11_003_15": null, "P11_003_16": null, "P11_003_17": null, "P11_003_18": null, "P11_003_19": null, "P11_003_20": null, "P11_003_21": null, "P11_003_22": null, "P11_003_23": null, "P11_003_24": null, "P11_003_25": null, "P11_003_26": null, "P11_003_27": null, "P11_003_28": null, "P11_003_29": null, "P11_003_30": null, "P11_003_31": null, "P11_003_32": null, "P11_003_33": null, "P11_003_34": null, "P11_003_35": null, "P11_004_01": "3", "P11_004_02": null, "P11_004_03": null, "P11_004_04": null, "P11_004_05": null, "P11_004_06": null, "P11_004_07": null, "P11_004_08": null, "P11_004_09": null, "P11_004_10": null, "P11_004_11": null, "P11_004_12": null, "P11_004_13": null, "P11_004_14": null, "P11_004_15": null, "P11_004_16": null, "P11_004_17": null, "P11_004_18": null, "P11_004_19": null, "P11_004_20": null, "P11_004_21": null, "P11_004_22": null, "P11_004_23": null, "P11_004_24": null, "P11_004_25": null, "P11_004_26": null, "P11_004_27": null, "P11_004_28": null, "P11_004_29": null, "P11_004_30": null, "P11_004_31": null, "P11_004_32": null, "P11_004_33": null, "P11_004_34": null, "P11_004_35": null, "P11_005": null, "name": "中野", "operator": "君津市", "route": "小糸川循環線", "layer": "bus_stops" }, "geometry": { "type": "Point", "coordinates": [ 139.8972317, 35.3288238 ] } },
{ "type": "Feature", "properties": { "P11_001": "八重原寮前", "P11_002": "日東交通（株）", "P11_003_01": "君津市内循環線", "P11_003_02": null, "P11_003_03": null, "P11_003_04": null, "P11_003_05": null, "P11_003_06": null, "P11_003_07": null, "P11_003_08": null, "P11_003_09": null, "P11_003_10": null, "P11_003_11": null, "P11_003_12": null, "P11_003_13": null, "P11_003_14": null, "P11_003_15": null, "P11_003_16": null, "P11_003_17": null, "P11_003_18": null, "P11_003_19": null, "P11_003_20": null, "P11_003_21": null, "P11_003_22": null, "P11_003_23": null, "P11_003_24": null, "P11_003_25": null, "P11_003_26": null, "P11_003_27": null, "P11_003_28": null, "P11_003_29": null, "P11_003_30": null, "P11_003_31": null, "P11_003_32": null, "P11_003_33": null, "P11_003_34": null, "P11_003_35": null, "P11_004_01": "1", "P11_004_02": null, "P11_004_03": null, "P11_004_04": null, "P11_004_05": null, "P11_004_06": null, "P11_004_07": null, "P11_004_08": null, "P11_004_09": null, "P11_004_10": null, "P11_004_11": null, "P11_004_12": null, "P11_004_13": null, "P11_004_14": null, "P11_004_15": null, "P11_004_16": null, "P11_004_17": null, "P11_004_18": null, "P11_004_19": null, "P11_004_20": null, "P11_004_21": null, "P11_004_22": null, "P11_004_23": null, "P11_004_24": null, "P11_004_25": null, "P11_004_26": null, "P11_004_27": null, "P11_004_28": null, "P11_004_29": null, "P11_004_30": null, "P11_004_31": null, "P11_004_32": null, "P11_004_33": null, "P11_004_34": null, "P11_004_35": null, "P11_005": null, "name": "八重原寮前", "operator": "日東交通（株）", "route": "君津市内循環線", "layer": "bus_stops" }, "geometry": { "type": "Point", "coordinates": [ 139.9322703, 35.3282956 ] } },
{ "type": "Feature", "properties": { "P11_001": "八重原A3棟前", "P11_002": "日東交通（株）", "P11_003_01": "君津市内循環線", "P11_003_02": null, "P11_003_03": null, "P11_003_04": null, "P11_003_05": null, "P11_003_06": null, "P11_003_07": null, "P11_003_08": null, "P11_003_09": null, "P11_003_10": null, "P11_003_11": null, "P11_003_12": null, "P11_003_13": null, "P11_003_14": null, "P11_003_15": null, "P11_003_16": null, "P11_003_17": null, "P11_003_18": null, "P11_003_19": null, "P11_003_20": null, "P11_003_21": null, "P11_003_22": null, "P11_003_23": null, "P11_003_24": null, "P11_003_25": null, "P11_003_26": null, "P11_003_27": null, "P11_003_28": null, "P11_003_29": null, "P11_003_30": null, "P11_003_31": null, "P11_003_32": null, "P11_003_33": null, "P11_003_34": null, "P11_003_35": null, "P11_004_01": "1", "P11_004_02": null, "P11_004_03": null, "P11_004_04": null, "P11_004_05": null, "P11_004_06": null, "P11_004_07": null, "P11_004_08": null, "P11_004_09": null, "P11_004_10": null, "P11_004_11": null, "P11_004_12": null, "P11_004_13": null, "P11_004_14": null, "P11_004_15": null, "P11_004_16": null, "P11_004_17": null, "P11_004_18": null, "P11_004_19": null, "P11_004_20": null, "P11_004_21": null, "P11_004_22": null, "P11_004_23": null, "P11_004_24": null, "P11_004_25": null, "P11_004_26": null, "P11_004_27": null, "P11_004_28": null, "P11_004_29": null, "P11_004_30": null, "P11_004_31": null, "P11_004_32": null, "P11_004_33": null, "P11_004_34": null, "P11_004_35": null, "P11_005": null, "name": "八重原A3棟前", "operator": "日東交通（株）", "route": "君津市内循環線", "layer": "bus_stops" }, "geometry": { "type": "Point", "coordinates": [ 139.9351112, 35.3279164 ] } },
{ "type": "Feature", "properties": { "P11_001": "八重原A10棟前", "P11_002": "日東交通（株）", "P11_003_01": "君津市内循環線", "P11_003_02": null, "P11_003_03": null, "P11_003_04": null, "P11_003_05": null, "P11_003_06": null, "P11_003_07": null, "P11_003_08": null, "P11_003_09": null, "P11_003_10": null, "P11_003_11": null, "P11_003_12": null, "P11_003_13": null, "P11_003_14": null, "P11_003_15": null, "P11_003_16": null, "P11_003_17": null, "P11_003_18": null, "P11_003_19": null, "P11_003_20": null, "P11_003_21": null, "P11_003_22": null, "P11_003_23": null, "P11_003_24": null, "P11_003_25": null, "P11_003_26": null, "P11_003_27": null, "P11_003_28": null, "P11_003_29": null, "P11_003_30": null, "P11_003_31": null, "P11_003_32": null, "P11_003_33": null, "P11_003_34": null, "P11_003_35": null, "P11_004_01": "1", "P11_004_02": null, "P11_004_03": null, "P11_004_04": null, "P11_004_05": null, "P11_004_06": null, "P11_004_07": null, "P11_004_08": null, "P11_004_09": null, "P11_004_10": null, "P11_004_11": null, "P11_004_12": null, "P11_004_13": null, "P11_004_14": null, "P11_004_15": null, "P11_004_16": null, "P11_004_17": null, "P11_004_18": null, "P11_004_19": null, "P11_004_20": null, "P11_004_21": null, "P11_004_22": null, "P11_004_23": null, "P11_004_24": null, "P11_004_25": null, "P11_004_26": null, "P11_004_27": null, "P11_004_28": null, "P11_004_29": null, "P11_004_30": null, "P11_004_31": null, "P11_004_32": null, "P11_004_33": null, "P11_004_34": null, "P11_004_35": null, "P11_005": null, "name": "八重原A10棟前", "operator": "日東交通（株）", "route": "君津市内循環線", "layer": "bus_stops" }, "geometry": { "type": "Point", "coordinates": [ 139.9380733, 35.3273924 ] } },
{ "type": "Feature", "properties": { "P11_001": "君津中前", "P11_002": "君津市", "P11_003_01": "小糸川循環線", "P11_003_02": null, "P11_003_03": null, "P11_003_04": null, "P11_003_05": null, "P11_003_06": null, "P11_003_07": null, "P11_003_08": null, "P11_003_09": null, "P11_003_10": null, "P11_003_11": null, "P11_003_12": null, "P11_003_13": null, "P11_003_14": null, "P11_003_15": null, "P11_003_16": null, "P11_003_17": null, "P11_003_18": null, "P11_003_19": null, "P11_003_20": null, "P11_003_21": null, "P11_003_22": null, "P11_003_23": null, "P11_003_24": null, "P11_003_25": null, "P11_003_26": null, "P11_003_27": null, "P11_003_28": null, "P11_003_29": null, "P11_003_30": null, "P11_003_31": null, "P11_003_32": null, "P11_003_33": null, "P11_003_34": null, "P11_003_35": null, "P11_004_01": "3", "P11_004_02": null, "P11_004_03": null, "P11_004_04": null, "P11_004_05": null, "P11_004_06": null, "P11_004_07": null, "P11_004_08": null, "P11_004_09": null, "P11_004_10": null, "P11_004_11": null, "P11_004_12": null, "P11_004_13": null, "P11_004_14": null, "P11_004_15": null, "P11_004_16": null, "P11_004_17": null, "P11_004_18": null, "P11_004_19": null, "P11_004_20": null, "P11_004_21": null, "P11_004_22": null, "P11_004_23": null, "P11_004_24": null, "P11_004_25": null, "P11_004_26": null, "P11_004_27": null, "P11_004_28": null, "P11_004_29": null, "P11_004_30": null, "P11_004_31": null, "P11_004_32": null, "P11_004_33": null, "P11_004_34": null, "P11_004_35": null, "P11_005": null, "name": "君津中前", "operator": "君津市", "route": "小糸川循環線", "layer": "bus_stops" }, "geometry": { "type": "Point", "coordinates": [ 139.9101367, 35.3272312 ] } },
{ "type": "Feature", "properties": { "P11_001": "南久保", "P11_002": "日東交通（株）", "P11_003_01": "周西線", "P11_003_02": null, "P11_003_03": null, "P11_003_04": null, "P11_003_05": null, "P11_003_06": null, "P11_003_07": null, "P11_003_08": null, "P11_003_09": null, "P11_003_10": null, "P11_003_11": null, "P11_003_12": null, "P11_003_13": null, "P11_003_14": null, "P11_003_15": null, "P11_003_16": null, "P11_003_17": null, "P11_003_18": null, "P11_003_19": null, "P11_003_20": null, "P11_003_21": null, "P11_003_22": null, "P11_003_23": null, "P11_003_24": null, "P11_003_25": null, "P11_003_26": null, "P11_003_27": null, "P11_003_28": null, "P11_003_29": null, "P11_003_30": null, "P11_003_31": null, "P11_003_32": null, "P11_003_33": null, "P11_003_34": null, "P11_003_35": null, "P11_004_01": "1", "P11_004_02": null, "P11_004_03": null, "P11_004_04": null, "P11_004_05": null, "P11_004_06": null, "P11_004_07": null, "P11_004_08": null, "P11_004_09": null, "P11_004_10": null, "P11_004_11": null, "P11_004_12": null, "P11_004_13": null, "P11_004_14": null, "P11_004_15": null, "P11_004_16": null, "P11_004_17": null, "P11_004_18": null, "P11_004_19": null, "P11_004_20": null, "P11_004_21": null, "P11_004_22": null, "P11_004_23": null, "P11_004_24": null, "P11_004_25": null, "P11_004_26": null, "P11_004_27": null, "P11_004_28": null, "P11_004_29": null, "P11_004_30": null, "P11_004_31": null, "P11_004_32": null, "P11_004_33": null, "P11_004_34": null, "P11_004_35": null, "P11_005": null, "name": "南久保", "operator": "日東交通（株）", "route": "周西線", "layer": "bus_stops" }, "geometry": { "type": "Point", "coordinates": [ 139.9056374, 35.3271759 ] } },
{ "type": "Feature", "properties": { "P11_001": "君津中学校", "P11_002": "日東交通（株）", "P11_003_01": "君津市内循環線", "P11_003_02": null, "P11_003_03": null, "P11_003_04": null, "P11_003_05": null, "P11_003_06": null, "P11_003_07": null, "P11_003_08": null, "P11_003_09": null, "P11_003_10": null, "P11_003_11": null, "P11_003_12": null, "P11_003_13": null, "P11_003_14": null, "P11_003_15": null, "P11_003_16": null, "P11_003_17": null, "P11_003_18": null, "P11_003_19": null, "P11_003_20": null, "P11_003_21": null, "P11_003_22": null, "P11_003_23": null, "P11_003_24": null, "P11_003_25": null, "P11_003_26": null, "P11_003_27": null, "P11_003_28": null, "P11_003_29": null, "P11_003_30": null, "P11_003_31": null, "P11_003_32": null, "P11_003_33": null, "P11_003_34": null, "P11_003_35": null, "P11_004_01": "1", "P11_004_02": null, "P11_004_03": null, "P11_004_04": null, "P11_004_05": null, "P11_004_06": null, "P11_004_07": null, "P11_004_08": null, "P11_004_09": null, "P11_004_10": null, "P11_004_11": null, "P11_004_12": null, "P11_004_13": null, "P11_004_14": null, "P11_004_15": null, "P11_004_16": null, "P11_004_17": null, "P11_004_18": null, "P11_004_19": null, "P11_004_20": null, "P11_004_21": null, "P11_004_22": null, "P11_004_23": null, "P11_004_24": null, "P11_004_25": null, "P11_004_26": null, "P11_004_27": null, "P11_004_28": null, "P11_004_29": null, "P11_004_30": null, "P11_004_31": null, "P11_004_32": null, "P11_004_33": null, "P11_004_34": null, "P11_004_35": null, "P11_005": null, "name": "君津中学校", "operator": "日東交通（株）", "route": "君津市内循環線", "layer": "bus_stops" }, "geometry": { "type": "Point", "coordinates": [ 139.9105906, 35.3270182 ] } },
{ "type": "Feature", "properties": { "P11_001": "クルックフィールズ入口", "P11_002": "日東交通（株）", "P11_003_01": "高倉アカデミア線,木更津鴨川線", "P11_003_02": null, "P11_003_03": null, "P11_003_04": null, "P11_003_05": null, "P11_003_06": null, "P11_003_07": null, "P11_003_08": null, "P11_003_09": null, "P11_003_10": null, "P11_003_11": null, "P11_003_12": null, "P11_003_13": null, "P11_003_14": null, "P11_003_15": null, "P11_003_16": null, "P11_003_17": null, "P11_003_18": null, "P11_003_19": null, "P11_003_20": null, "P11_003_21": null, "P11_003_22": null, "P11_003_23": null, "P11_003_24": null, "P11_003_25": null, "P11_003_26": null, "P11_003_27": null, "P11_003_28": null, "P11_003_29": null, "P11_003_30": null, "P11_003_31": null, "P11_003_32": null, "P11_003_33": null, "P11_003_34": null, "P11_003_35": null, "P11_004_01": "1,1", "P11_004_02": null, "P11_004_03": null, "P11_004_04": null, "P11_004_05": null, "P11_004_06": null, "P11_004_07": null, "P11_004_08": null, "P11_004_09": null, "P11_004_10": null, "P11_004_11": null, "P11_004_12": null, "P11_004_13": null, "P11_004_14": null, "P11_004_15": null, "P11_004_16": null, "P11_004_17": null, "P11_004_18": null, "P11_004_19": null, "P11_004_20": null, "P11_004_21": null, "P11_004_22": null, "P11_004_23": null, "P11_004_24": null, "P11_004_25": null, "P11_004_26": null, "P11_004_27": null, "P11_004_28": null, "P11_004_29": null, "P11_004_30": null, "P11_004_31": null, "P11_004_32": null, "P11_004_33": null, "P11_004_34": null, "P11_004_35": null, "P11_005": null, "name": "クルックフィールズ入口", "operator": "日東交通（株）", "route": "高倉アカデミア線,木更津鴨川線", "layer": "bus_stops" }, "geometry": { "type": "Point", "coordinates": [ 139.9880962, 35.3260742 ] } },
{ "type": "Feature", "properties": { "P11_001": "山王下", "P11_002": "君津市", "P11_003_01": "小糸川循環線", "P11_003_02": null, "P11_003_03": null, "P11_003_04": null, "P11_003_05": null, "P11_003_06": null, "P11_003_07": null, "P11_003_08": null, "P11_003_09": null, "P11_003_10": null, "P11_003_11": null, "P11_003_12": null, "P11_003_13": null, "P11_003_14": null, "P11_003_15": null, "P11_003_16": null, "P11_003_17": null, "P11_003_18": null, "P11_003_19": null, "P11_003_20": null, "P11_003_21": null, "P11_003_22": null, "P11_003_23": null, "P11_003_24": null, "P11_003_25": null, "P11_003_26": null, "P11_003_27": null, "P11_003_28": null, "P11_003_29": null, "P11_003_30": null, "P11_003_31": null, "P11_003_32": null, "P11_003_33": null, "P11_003_34": null, "P11_003_35": null, "P11_004_01": "3", "P11_004_02": null, "P11_004_03": null, "P11_004_04": null, "P11_004_05": null, "P11_004_06": null, "P11_004_07": null, "P11_004_08": null, "P11_004_09": null, "P11_004_10": null, "P11_004_11": null, "P11_004_12": null, "P11_004_13": null, "P11_004_14": null, "P11_004_15": null, "P11_004_16": null, "P11_004_17": null, "P11_004_18": null, "P11_004_19": null, "P11_004_20": null, "P11_004_21": null, "P11_004_22": null, "P11_004_23": null, "P11_004_24": null, "P11_004_25": null, "P11_004_26": null, "P11_004_27": null, "P11_004_28": null, "P11_004_29": null, "P11_004_30": null, "P11_004_31": null, "P11_004_32": null, "P11_004_33": null, "P11_004_34": null, "P11_004_35": null, "P11_005": null, "name": "山王下", "operator": "君津市", "route": "小糸川循環線", "layer": "bus_stops" }, "geometry": { "type": "Point", "coordinates": [ 139.9124882, 35.3260561 ] } },
{ "type": "Feature", "properties": { "P11_001": "山王下", "P11_002": "日東交通（株）", "P11_003_01": "君津市内循環線", "P11_003_02": null, "P11_003_03": null, "P11_003_04": null, "P11_003_05": null, "P11_003_06": null, "P11_003_07": null, "P11_003_08": null, "P11_003_09": null, "P11_003_10": null, "P11_003_11": null, "P11_003_12": null, "P11_003_13": null, "P11_003_14": null, "P11_003_15": null, "P11_003_16": null, "P11_003_17": null, "P11_003_18": null, "P11_003_19": null, "P11_003_20": null, "P11_003_21": null, "P11_003_22": null, "P11_003_23": null, "P11_003_24": null, "P11_003_25": null, "P11_003_26": null, "P11_003_27": null, "P11_003_28": null, "P11_003_29": null, "P11_003_30": null, "P11_003_31": null, "P11_003_32": null, "P11_003_33": null, "P11_003_34": null, "P11_003_35": null, "P11_004_01": "1", "P11_004_02": null, "P11_004_03": null, "P11_004_04": null, "P11_004_05": null, "P11_004_06": null, "P11_004_07": null, "P11_004_08": null, "P11_004_09": null, "P11_004_10": null, "P11_004_11": null, "P11_004_12": null, "P11_004_13": null, "P11_004_14": null, "P11_004_15": null, "P11_004_16": null, "P11_004_17": null, "P11_004_18": null, "P11_004_19": null, "P11_004_20": null, "P11_004_21": null, "P11_004_22": null, "P11_004_23": null, "P11_004_24": null, "P11_004_25": null, "P11_004_26": null, "P11_004_27": null, "P11_004_28": null, "P11_004_29": null, "P11_004_30": null, "P11_004_31": null, "P11_004_32": null, "P11_004_33": null, "P11_004_34": null, "P11_004_35": null, "P11_005": null, "name": "山王下", "operator": "日東交通（株）", "route": "君津市内循環線", "layer": "bus_stops" }, "geometry": { "type": "Point", "coordinates": [ 139.9124882, 35.3260561 ] } },
{ "type": "Feature", "properties": { "P11_001": "八重原A8棟前", "P11_002": "日東交通（株）", "P11_003_01": "君津市内循環線", "P11_003_02": null, "P11_003_03": null, "P11_003_04": null, "P11_003_05": null, "P11_003_06": null, "P11_003_07": null, "P11_003_08": null, "P11_003_09": null, "P11_003_10": null, "P11_003_11": null, "P11_003_12": null, "P11_003_13": null, "P11_003_14": null, "P11_003_15": null, "P11_003_16": null, "P11_003_17": null, "P11_003_18": null, "P11_003_19": null, "P11_003_20": null, "P11_003_21": null, "P11_003_22": null, "P11_003_23": null, "P11_003_24": null, "P11_003_25": null, "P11_003_26": null, "P11_003_27": null, "P11_003_28": null, "P11_003_29": null, "P11_003_30": null, "P11_003_31": null, "P11_003_32": null, "P11_003_33": null, "P11_003_34": null, "P11_003_35": null, "P11_004_01": "1", "P11_004_02": null, "P11_004_03": null, "P11_004_04": null, "P11_004_05": null, "P11_004_06": null, "P11_004_07": null, "P11_004_08": null, "P11_004_09": null, "P11_004_10": null, "P11_004_11": null, "P11_004_12": null, "P11_004_13": null, "P11_004_14": null, "P11_004_15": null, "P11_004_16": null, "P11_004_17": null, "P11_004_18": null, "P11_004_19": null, "P11_004_20": null, "P11_004_21": null, "P11_004_22": null, "P11_004_23": null, "P11_004_24": null, "P11_004_25": null, "P11_004_26": null, "P11_004_27": null, "P11_004_28": null, "P11_004_29": null, "P11_004_30": null, "P11_004_31": null, "P11_004_32": null, "P11_004_33": null, "P11_004_34": null, "P11_004_35": null, "P11_005": null, "name": "八重原A8棟前", "operator": "日東交通（株）", "route": "君津市内循環線", "layer": "bus_stops" }, "geometry": { "type": "Point", "coordinates": [ 139.9358387, 35.3259909 ] } },
{ "type": "Feature", "properties": { "P11_001": "友好館前", "P11_002": "日東交通（株）", "P11_003_01": "君津市内循環線", "P11_003_02": null, "P11_003_03": null, "P11_003_04": null, "P11_003_05": null, "P11_003_06": null, "P11_003_07": null, "P11_003_08": null, "P11_003_09": null, "P11_003_10": null, "P11_003_11": null, "P11_003_12": null, "P11_003_13": null, "P11_003_14": null, "P11_003_15": null, "P11_003_16": null, "P11_003_17": null, "P11_003_18": null, "P11_003_19": null, "P11_003_20": null, "P11_003_21": null, "P11_003_22": null, "P11_003_23": null, "P11_003_24": null, "P11_003_25": null, "P11_003_26": null, "P11_003_27": null, "P11_003_28": null, "P11_003_29": null, "P11_003_30": null, "P11_003_31": null, "P11_003_32": null, "P11_003_33": null, "P11_003_34": null, "P11_003_35": null, "P11_004_01": "1", "P11_004_02": null, "P11_004_03": null, "P11_004_04": null, "P11_004_05": null, "P11_004_06": null, "P11_004_07": null, "P11_004_08": null, "P11_004_09": null, "P11_004_10": null, "P11_004_11": null, "P11_004_12": null, "P11_004_13": null, "P11_004_14": null, "P11_004_15": null, "P11_004_16": null, "P11_004_17": null, "P11_004_18": null, "P11_004_19": null, "P11_004_20": null, "P11_004_21": null, "P11_004_22": null, "P11_004_23": null, "P11_004_24": null, "P11_004_25": null, "P11_004_26": null, "P11_004_27": null, "P11_004_28": null, "P11_004_29": null, "P11_004_30": null, "P11_004_31": null, "P11_004_32": null, "P11_004_33": null, "P11_004_34": null, "P11_004_35": null, "P11_005": null, "name": "友好館前", "operator": "日東交通（株）", "route": "君津市内循環線", "layer": "bus_stops" }, "geometry": { "type": "Point", "coordinates": [ 139.9330265, 35.3259089 ] } },
{ "type": "Feature", "properties": { "P11_001": "君津中前", "P11_002": "日東交通（株）", "P11_003_01": "周西線", "P11_003_02": null, "P11_003_03": null, "P11_003_04": null, "P11_003_05": null, "P11_003_06": null, "P11_003_07": null, "P11_003_08": null, "P11_003_09": null, "P11_003_10": null, "P11_003_11": null, "P11_003_12": null, "P11_003_13": null, "P11_003_14": null, "P11_003_15": null, "P11_003_16": null, "P11_003_17": null, "P11_003_18": null, "P11_003_19": null, "P11_003_20": null, "P11_003_21": null, "P11_003_22": null, "P11_003_23": null, "P11_003_24": null, "P11_003_25": null, "P11_003_26": null, "P11_003_27": null, "P11_003_28": null, "P11_003_29": null, "P11_003_30": null, "P11_003_31": null, "P11_003_32": null, "P11_003_33": null, "P11_003_34": null, "P11_003_35": null, "P11_004_01": "1", "P11_004_02": null, "P11_004_03": null, "P11_004_04": null, "P11_004_05": null, "P11_004_06": null, "P11_004_07": null, "P11_004_08": null, "P11_004_09": null, "P11_004_10": null, "P11_004_11": null, "P11_004_12": null, "P11_004_13": null, "P11_004_14": null, "P11_004_15": null, "P11_004_16": null, "P11_004_17": null, "P11_004_18": null, "P11_004_19": null, "P11_004_20": null, "P11_004_21": null, "P11_004_22": null, "P11_004_23": null, "P11_004_24": null, "P11_004_25": null, "P11_004_26": null, "P11_004_27": null, "P11_004_28": null, "P11_004_29": null, "P11_004_30": null, "P11_004_31": null, "P11_004_32": null, "P11_004_33": null, "P11_004_34": null, "P11_004_35": null, "P11_005": null, "name": "君津中前", "operator": "日東交通（株）", "route": "周西線", "layer": "bus_stops" }, "geometry": { "type": "Point", "coordinates": [ 139.9084211, 35.3258333 ] } },
{ "type": "Feature", "properties": { "P11_001": "かずさ鎌足3丁目東", "P11_002": "日東交通（株）", "P11_003_01": "高倉アカデミア線", "P11_003_02": null, "P11_003_03": null, "P11_003_04": null, "P11_003_05": null, "P11_003_06": null, "P11_003_07": null, "P11_003_08": null, "P11_003_09": null, "P11_003_10": null, "P11_003_11": null, "P11_003_12": null, "P11_003_13": null, "P11_003_14": null, "P11_003_15": null, "P11_003_16": null, "P11_003_17": null, "P11_003_18": null, "P11_003_19": null, "P11_003_20": null, "P11_003_21": null, "P11_003_22": null, "P11_003_23": null, "P11_003_24": null, "P11_003_25": null, "P11_003_26": null, "P11_003_27": null, "P11_003_28": null, "P11_003_29": null, "P11_003_30": null, "P11_003_31": null, "P11_003_32": null, "P11_003_33": null, "P11_003_34": null, "P11_003_35": null, "P11_004_01": "1", "P11_004_02": null, "P11_004_03": null, "P11_004_04": null, "P11_004_05": null, "P11_004_06": null, "P11_004_07": null, "P11_004_08": null, "P11_004_09": null, "P11_004_10": null, "P11_004_11": null, "P11_004_12": null, "P11_004_13": null, "P11_004_14": null, "P11_004_15": null, "P11_004_16": null, "P11_004_17": null, "P11_004_18": null, "P11_004_19": null, "P11_004_20": null, "P11_004_21": null, "P11_004_22": null, "P11_004_23": null, "P11_004_24": null, "P11_004_25": null, "P11_004_26": null, "P11_004_27": null, "P11_004_28": null, "P11_004_29": null, "P11_004_30": null, "P11_004_31": null, "P11_004_32": null, "P11_004_33": null, "P11_004_34": null, "P11_004_35": null, "P11_005": null, "name": "かずさ鎌足3丁目東", "operator": "日東交通（株）", "route": "高倉アカデミア線", "layer": "bus_stops" }, "geometry": { "type": "Point", "coordinates": [ 139.9939743, 35.3255065 ] } },
{ "type": "Feature", "properties": { "P11_001": "南子安小", "P11_002": "君津市", "P11_003_01": "小糸川循環線", "P11_003_02": null, "P11_003_03": null, "P11_003_04": null, "P11_003_05": null, "P11_003_06": null, "P11_003_07": null, "P11_003_08": null, "P11_003_09": null, "P11_003_10": null, "P11_003_11": null, "P11_003_12": null, "P11_003_13": null, "P11_003_14": null, "P11_003_15": null, "P11_003_16": null, "P11_003_17": null, "P11_003_18": null, "P11_003_19": null, "P11_003_20": null, "P11_003_21": null, "P11_003_22": null, "P11_003_23": null, "P11_003_24": null, "P11_003_25": null, "P11_003_26": null, "P11_003_27": null, "P11_003_28": null, "P11_003_29": null, "P11_003_30": null, "P11_003_31": null, "P11_003_32": null, "P11_003_33": null, "P11_003_34": null, "P11_003_35": null, "P11_004_01": "3", "P11_004_02": null, "P11_004_03": null, "P11_004_04": null, "P11_004_05": null, "P11_004_06": null, "P11_004_07": null, "P11_004_08": null, "P11_004_09": null, "P11_004_10": null, "P11_004_11": null, "P11_004_12": null, "P11_004_13": null, "P11_004_14": null, "P11_004_15": null, "P11_004_16": null, "P11_004_17": null, "P11_004_18": null, "P11_004_19": null, "P11_004_20": null, "P11_004_21": null, "P11_004_22": null, "P11_004_23": null, "P11_004_24": null, "P11_004_25": null, "P11_004_26": null, "P11_004_27": null, "P11_004_28": null, "P11_004_29": null, "P11_004_30": null, "P11_004_31": null, "P11_004_32": null, "P11_004_33": null, "P11_004_34": null, "P11_004_35": null, "P11_005": null, "name": "南子安小", "operator": "君津市", "route": "小糸川循環線", "layer": "bus_stops" }, "geometry": { "type": "Point", "coordinates": [ 139.9163854, 35.3240983 ] } },
{ "type": "Feature", "properties": { "P11_001": "釜神", "P11_002": "君津市", "P11_003_01": "小糸川循環線", "P11_003_02": null, "P11_003_03": null, "P11_003_04": null, "P11_003_05": null, "P11_003_06": null, "P11_003_07": null, "P11_003_08": null, "P11_003_09": null, "P11_003_10": null, "P11_003_11": null, "P11_003_12": null, "P11_003_13": null, "P11_003_14": null, "P11_003_15": null, "P11_003_16": null, "P11_003_17": null, "P11_003_18": null, "P11_003_19": null, "P11_003_20": null, "P11_003_21": null, "P11_003_22": null, "P11_003_23": null, "P11_003_24": null, "P11_003_25": null, "P11_003_26": null, "P11_003_27": null, "P11_003_28": null, "P11_003_29": null, "P11_003_30": null, "P11_003_31": null, "P11_003_32": null, "P11_003_33": null, "P11_003_34": null, "P11_003_35": null, "P11_004_01": "3", "P11_004_02": null, "P11_004_03": null, "P11_004_04": null, "P11_004_05": null, "P11_004_06": null, "P11_004_07": null, "P11_004_08": null, "P11_004_09": null, "P11_004_10": null, "P11_004_11": null, "P11_004_12": null, "P11_004_13": null, "P11_004_14": null, "P11_004_15": null, "P11_004_16": null, "P11_004_17": null, "P11_004_18": null, "P11_004_19": null, "P11_004_20": null, "P11_004_21": null, "P11_004_22": null, "P11_004_23": null, "P11_004_24": null, "P11_004_25": null, "P11_004_26": null, "P11_004_27": null, "P11_004_28": null, "P11_004_29": null, "P11_004_30": null, "P11_004_31": null, "P11_004_32": null, "P11_004_33": null, "P11_004_34": null, "P11_004_35": null, "P11_005": null, "name": "釜神", "operator": "君津市", "route": "小糸川循環線", "layer": "bus_stops" }, "geometry": { "type": "Point", "coordinates": [ 139.8943381, 35.3240606 ] } },
{ "type": "Feature", "properties": { "P11_001": "公園前", "P11_002": "日東交通（株）", "P11_003_01": "三島線", "P11_003_02": null, "P11_003_03": null, "P11_003_04": null, "P11_003_05": null, "P11_003_06": null, "P11_003_07": null, "P11_003_08": null, "P11_003_09": null, "P11_003_10": null, "P11_003_11": null, "P11_003_12": null, "P11_003_13": null, "P11_003_14": null, "P11_003_15": null, "P11_003_16": null, "P11_003_17": null, "P11_003_18": null, "P11_003_19": null, "P11_003_20": null, "P11_003_21": null, "P11_003_22": null, "P11_003_23": null, "P11_003_24": null, "P11_003_25": null, "P11_003_26": null, "P11_003_27": null, "P11_003_28": null, "P11_003_29": null, "P11_003_30": null, "P11_003_31": null, "P11_003_32": null, "P11_003_33": null, "P11_003_34": null, "P11_003_35": null, "P11_004_01": "1", "P11_004_02": null, "P11_004_03": null, "P11_004_04": null, "P11_004_05": null, "P11_004_06": null, "P11_004_07": null, "P11_004_08": null, "P11_004_09": null, "P11_004_10": null, "P11_004_11": null, "P11_004_12": null, "P11_004_13": null, "P11_004_14": null, "P11_004_15": null, "P11_004_16": null, "P11_004_17": null, "P11_004_18": null, "P11_004_19": null, "P11_004_20": null, "P11_004_21": null, "P11_004_22": null, "P11_004_23": null, "P11_004_24": null, "P11_004_25": null, "P11_004_26": null, "P11_004_27": null, "P11_004_28": null, "P11_004_29": null, "P11_004_30": null, "P11_004_31": null, "P11_004_32": null, "P11_004_33": null, "P11_004_34": null, "P11_004_35": null, "P11_005": null, "name": "公園前", "operator": "日東交通（株）", "route": "三島線", "layer": "bus_stops" }, "geometry": { "type": "Point", "coordinates": [ 139.9254308, 35.3227502 ] } },
{ "type": "Feature", "properties": { "P11_001": "杢師", "P11_002": "日東交通（株）", "P11_003_01": "周西線", "P11_003_02": null, "P11_003_03": null, "P11_003_04": null, "P11_003_05": null, "P11_003_06": null, "P11_003_07": null, "P11_003_08": null, "P11_003_09": null, "P11_003_10": null, "P11_003_11": null, "P11_003_12": null, "P11_003_13": null, "P11_003_14": null, "P11_003_15": null, "P11_003_16": null, "P11_003_17": null, "P11_003_18": null, "P11_003_19": null, "P11_003_20": null, "P11_003_21": null, "P11_003_22": null, "P11_003_23": null, "P11_003_24": null, "P11_003_25": null, "P11_003_26": null, "P11_003_27": null, "P11_003_28": null, "P11_003_29": null, "P11_003_30": null, "P11_003_31": null, "P11_003_32": null, "P11_003_33": null, "P11_003_34": null, "P11_003_35": null, "P11_004_01": "1", "P11_004_02": null, "P11_004_03": null, "P11_004_04": null, "P11_004_05": null, "P11_004_06": null, "P11_004_07": null, "P11_004_08": null, "P11_004_09": null, "P11_004_10": null, "P11_004_11": null, "P11_004_12": null, "P11_004_13": null, "P11_004_14": null, "P11_004_15": null, "P11_004_16": null, "P11_004_17": null, "P11_004_18": null, "P11_004_19": null, "P11_004_20": null, "P11_004_21": null, "P11_004_22": null, "P11_004_23": null, "P11_004_24": null, "P11_004_25": null, "P11_004_26": null, "P11_004_27": null, "P11_004_28": null, "P11_004_29": null, "P11_004_30": null, "P11_004_31": null, "P11_004_32": null, "P11_004_33": null, "P11_004_34": null, "P11_004_35": null, "P11_005": null, "name": "杢師", "operator": "日東交通（株）", "route": "周西線", "layer": "bus_stops" }, "geometry": { "type": "Point", "coordinates": [ 139.9114195, 35.3226113 ] } },
{ "type": "Feature", "properties": { "P11_001": "市民体育館", "P11_002": "君津市", "P11_003_01": "小糸川循環線", "P11_003_02": null, "P11_003_03": null, "P11_003_04": null, "P11_003_05": null, "P11_003_06": null, "P11_003_07": null, "P11_003_08": null, "P11_003_09": null, "P11_003_10": null, "P11_003_11": null, "P11_003_12": null, "P11_003_13": null, "P11_003_14": null, "P11_003_15": null, "P11_003_16": null, "P11_003_17": null, "P11_003_18": null, "P11_003_19": null, "P11_003_20": null, "P11_003_21": null, "P11_003_22": null, "P11_003_23": null, "P11_003_24": null, "P11_003_25": null, "P11_003_26": null, "P11_003_27": null, "P11_003_28": null, "P11_003_29": null, "P11_003_30": null, "P11_003_31": null, "P11_003_32": null, "P11_003_33": null, "P11_003_34": null, "P11_003_35": null, "P11_004_01": "3", "P11_004_02": null, "P11_004_03": null, "P11_004_04": null, "P11_004_05": null, "P11_004_06": null, "P11_004_07": null, "P11_004_08": null, "P11_004_09": null, "P11_004_10": null, "P11_004_11": null, "P11_004_12": null, "P11_004_13": null, "P11_004_14": null, "P11_004_15": null, "P11_004_16": null, "P11_004_17": null, "P11_004_18": null, "P11_004_19": null, "P11_004_20": null, "P11_004_21": null, "P11_004_22": null, "P11_004_23": null, "P11_004_24": null, "P11_004_25": null, "P11_004_26": null, "P11_004_27": null, "P11_004_28": null, "P11_004_29": null, "P11_004_30": null, "P11_004_31": null, "P11_004_32": null, "P11_004_33": null, "P11_004_34": null, "P11_004_35": null, "P11_005": null, "name": "市民体育館", "operator": "君津市", "route": "小糸川循環線", "layer": "bus_stops" }, "geometry": { "type": "Point", "coordinates": [ 139.9275106, 35.3226025 ] } },
{ "type": "Feature", "properties": { "P11_001": "ジョイフル本田前", "P11_002": "君津市", "P11_003_01": "小糸川循環線", "P11_003_02": null, "P11_003_03": null, "P11_003_04": null, "P11_003_05": null, "P11_003_06": null, "P11_003_07": null, "P11_003_08": null, "P11_003_09": null, "P11_003_10": null, "P11_003_11": null, "P11_003_12": null, "P11_003_13": null, "P11_003_14": null, "P11_003_15": null, "P11_003_16": null, "P11_003_17": null, "P11_003_18": null, "P11_003_19": null, "P11_003_20": null, "P11_003_21": null, "P11_003_22": null, "P11_003_23": null, "P11_003_24": null, "P11_003_25": null, "P11_003_26": null, "P11_003_27": null, "P11_003_28": null, "P11_003_29": null, "P11_003_30": null, "P11_003_31": null, "P11_003_32": null, "P11_003_33": null, "P11_003_34": null, "P11_003_35": null, "P11_004_01": "3", "P11_004_02": null, "P11_004_03": null, "P11_004_04": null, "P11_004_05": null, "P11_004_06": null, "P11_004_07": null, "P11_004_08": null, "P11_004_09": null, "P11_004_10": null, "P11_004_11": null, "P11_004_12": null, "P11_004_13": null, "P11_004_14": null, "P11_004_15": null, "P11_004_16": null, "P11_004_17": null, "P11_004_18": null, "P11_004_19": null, "P11_004_20": null, "P11_004_21": null, "P11_004_22": null, "P11_004_23": null, "P11_004_24": null, "P11_004_25": null, "P11_004_26": null, "P11_004_27": null, "P11_004_28": null, "P11_004_29": null, "P11_004_30": null, "P11_004_31": null, "P11_004_32": null, "P11_004_33": null, "P11_004_34": null, "P11_004_35": null, "P11_005": null, "name": "ジョイフル本田前", "operator": "君津市", "route": "小糸川循環線", "layer": "bus_stops" }, "geometry": { "type": "Point", "coordinates": [ 139.9244184, 35.3225744 ] } },
{ "type": "Feature", "properties": { "P11_001": "南子安四丁目", "P11_002": "君津市", "P11_003_01": "小糸川循環線", "P11_003_02": null, "P11_003_03": null, "P11_003_04": null, "P11_003_05": null, "P11_003_06": null, "P11_003_07": null, "P11_003_08": null, "P11_003_09": null, "P11_003_10": null, "P11_003_11": null, "P11_003_12": null, "P11_003_13": null, "P11_003_14": null, "P11_003_15": null, "P11_003_16": null, "P11_003_17": null, "P11_003_18": null, "P11_003_19": null, "P11_003_20": null, "P11_003_21": null, "P11_003_22": null, "P11_003_23": null, "P11_003_24": null, "P11_003_25": null, "P11_003_26": null, "P11_003_27": null, "P11_003_28": null, "P11_003_29": null, "P11_003_30": null, "P11_003_31": null, "P11_003_32": null, "P11_003_33": null, "P11_003_34": null, "P11_003_35": null, "P11_004_01": "3", "P11_004_02": null, "P11_004_03": null, "P11_004_04": null, "P11_004_05": null, "P11_004_06": null, "P11_004_07": null, "P11_004_08": null, "P11_004_09": null, "P11_004_10": null, "P11_004_11": null, "P11_004_12": null, "P11_004_13": null, "P11_004_14": null, "P11_004_15": null, "P11_004_16": null, "P11_004_17": null, "P11_004_18": null, "P11_004_19": null, "P11_004_20": null, "P11_004_21": null, "P11_004_22": null, "P11_004_23": null, "P11_004_24": null, "P11_004_25": null, "P11_004_26": null, "P11_004_27": null, "P11_004_28": null, "P11_004_29": null, "P11_004_30": null, "P11_004_31": null, "P11_004_32": null, "P11_004_33": null, "P11_004_34": null, "P11_004_35": null, "P11_005": null, "name": "南子安四丁目", "operator": "君津市", "route": "小糸川循環線", "layer": "bus_stops" }, "geometry": { "type": "Point", "coordinates": [ 139.9199188, 35.3223616 ] } },
{ "type": "Feature", "properties": { "P11_001": "自動車学校前", "P11_002": "君津市", "P11_003_01": "小糸川循環線", "P11_003_02": null, "P11_003_03": null, "P11_003_04": null, "P11_003_05": null, "P11_003_06": null, "P11_003_07": null, "P11_003_08": null, "P11_003_09": null, "P11_003_10": null, "P11_003_11": null, "P11_003_12": null, "P11_003_13": null, "P11_003_14": null, "P11_003_15": null, "P11_003_16": null, "P11_003_17": null, "P11_003_18": null, "P11_003_19": null, "P11_003_20": null, "P11_003_21": null, "P11_003_22": null, "P11_003_23": null, "P11_003_24": null, "P11_003_25": null, "P11_003_26": null, "P11_003_27": null, "P11_003_28": null, "P11_003_29": null, "P11_003_30": null, "P11_003_31": null, "P11_003_32": null, "P11_003_33": null, "P11_003_34": null, "P11_003_35": null, "P11_004_01": "3", "P11_004_02": null, "P11_004_03": null, "P11_004_04": null, "P11_004_05": null, "P11_004_06": null, "P11_004_07": null, "P11_004_08": null, "P11_004_09": null, "P11_004_10": null, "P11_004_11": null, "P11_004_12": null, "P11_004_13": null, "P11_004_14": null, "P11_004_15": null, "P11_004_16": null, "P11_004_17": null, "P11_004_18": null, "P11_004_19": null, "P11_004_20": null, "P11_004_21": null, "P11_004_22": null, "P11_004_23": null, "P11_004_24": null, "P11_004_25": null, "P11_004_26": null, "P11_004_27": null, "P11_004_28": null, "P11_004_29": null, "P11_004_30": null, "P11_004_31": null, "P11_004_32": null, "P11_004_33": null, "P11_004_34": null, "P11_004_35": null, "P11_005": null, "name": "自動車学校前", "operator": "君津市", "route": "小糸川循環線", "layer": "bus_stops" }, "geometry": { "type": "Point", "coordinates": [ 139.8919998, 35.3209757 ] } },
{ "type": "Feature", "properties": { "P11_001": "貞元社宅前", "P11_002": "君津市", "P11_003_01": "小糸川循環線", "P11_003_02": null, "P11_003_03": null, "P11_003_04": null, "P11_003_05": null, "P11_003_06": null, "P11_003_07": null, "P11_003_08": null, "P11_003_09": null, "P11_003_10": null, "P11_003_11": null, "P11_003_12": null, "P11_003_13": null, "P11_003_14": null, "P11_003_15": null, "P11_003_16": null, "P11_003_17": null, "P11_003_18": null, "P11_003_19": null, "P11_003_20": null, "P11_003_21": null, "P11_003_22": null, "P11_003_23": null, "P11_003_24": null, "P11_003_25": null, "P11_003_26": null, "P11_003_27": null, "P11_003_28": null, "P11_003_29": null, "P11_003_30": null, "P11_003_31": null, "P11_003_32": null, "P11_003_33": null, "P11_003_34": null, "P11_003_35": null, "P11_004_01": "3", "P11_004_02": null, "P11_004_03": null, "P11_004_04": null, "P11_004_05": null, "P11_004_06": null, "P11_004_07": null, "P11_004_08": null, "P11_004_09": null, "P11_004_10": null, "P11_004_11": null, "P11_004_12": null, "P11_004_13": null, "P11_004_14": null, "P11_004_15": null, "P11_004_16": null, "P11_004_17": null, "P11_004_18": null, "P11_004_19": null, "P11_004_20": null, "P11_004_21": null, "P11_004_22": null, "P11_004_23": null, "P11_004_24": null, "P11_004_25": null, "P11_004_26": null, "P11_004_27": null, "P11_004_28": null, "P11_004_29": null, "P11_004_30": null, "P11_004_31": null, "P11_004_32": null, "P11_004_33": null, "P11_004_34": null, "P11_004_35": null, "P11_005": null, "name": "貞元社宅前", "operator": "君津市", "route": "小糸川循環線", "layer": "bus_stops" }, "geometry": { "type": "Point", "coordinates": [ 139.8960283, 35.3209614 ] } },
{ "type": "Feature", "properties": { "P11_001": "旧偕楽園下", "P11_002": "君津市", "P11_003_01": "小糸川循環線", "P11_003_02": null, "P11_003_03": null, "P11_003_04": null, "P11_003_05": null, "P11_003_06": null, "P11_003_07": null, "P11_003_08": null, "P11_003_09": null, "P11_003_10": null, "P11_003_11": null, "P11_003_12": null, "P11_003_13": null, "P11_003_14": null, "P11_003_15": null, "P11_003_16": null, "P11_003_17": null, "P11_003_18": null, "P11_003_19": null, "P11_003_20": null, "P11_003_21": null, "P11_003_22": null, "P11_003_23": null, "P11_003_24": null, "P11_003_25": null, "P11_003_26": null, "P11_003_27": null, "P11_003_28": null, "P11_003_29": null, "P11_003_30": null, "P11_003_31": null, "P11_003_32": null, "P11_003_33": null, "P11_003_34": null, "P11_003_35": null, "P11_004_01": "3", "P11_004_02": null, "P11_004_03": null, "P11_004_04": null, "P11_004_05": null, "P11_004_06": null, "P11_004_07": null, "P11_004_08": null, "P11_004_09": null, "P11_004_10": null, "P11_004_11": null, "P11_004_12": null, "P11_004_13": null, "P11_004_14": null, "P11_004_15": null, "P11_004_16": null, "P11_004_17": null, "P11_004_18": null, "P11_004_19": null, "P11_004_20": null, "P11_004_21": null, "P11_004_22": null, "P11_004_23": null, "P11_004_24": null, "P11_004_25": null, "P11_004_26": null, "P11_004_27": null, "P11_004_28": null, "P11_004_29": null, "P11_004_30": null, "P11_004_31": null, "P11_004_32": null, "P11_004_33": null, "P11_004_34": null, "P11_004_35": null, "P11_005": null, "name": "旧偕楽園下", "operator": "君津市", "route": "小糸川循環線", "layer": "bus_stops" }, "geometry": { "type": "Point", "coordinates": [ 139.9314232, 35.3207308 ] } },
{ "type": "Feature", "properties": { "P11_001": "貞元小前", "P11_002": "君津市", "P11_003_01": "小糸川循環線", "P11_003_02": null, "P11_003_03": null, "P11_003_04": null, "P11_003_05": null, "P11_003_06": null, "P11_003_07": null, "P11_003_08": null, "P11_003_09": null, "P11_003_10": null, "P11_003_11": null, "P11_003_12": null, "P11_003_13": null, "P11_003_14": null, "P11_003_15": null, "P11_003_16": null, "P11_003_17": null, "P11_003_18": null, "P11_003_19": null, "P11_003_20": null, "P11_003_21": null, "P11_003_22": null, "P11_003_23": null, "P11_003_24": null, "P11_003_25": null, "P11_003_26": null, "P11_003_27": null, "P11_003_28": null, "P11_003_29": null, "P11_003_30": null, "P11_003_31": null, "P11_003_32": null, "P11_003_33": null, "P11_003_34": null, "P11_003_35": null, "P11_004_01": "3", "P11_004_02": null, "P11_004_03": null, "P11_004_04": null, "P11_004_05": null, "P11_004_06": null, "P11_004_07": null, "P11_004_08": null, "P11_004_09": null, "P11_004_10": null, "P11_004_11": null, "P11_004_12": null, "P11_004_13": null, "P11_004_14": null, "P11_004_15": null, "P11_004_16": null, "P11_004_17": null, "P11_004_18": null, "P11_004_19": null, "P11_004_20": null, "P11_004_21": null, "P11_004_22": null, "P11_004_23": null, "P11_004_24": null, "P11_004_25": null, "P11_004_26": null, "P11_004_27": null, "P11_004_28": null, "P11_004_29": null, "P11_004_30": null, "P11_004_31": null, "P11_004_32": null, "P11_004_33": null, "P11_004_34": null, "P11_004_35": null, "P11_005": null, "name": "貞元小前", "operator": "君津市", "route": "小糸川循環線", "layer": "bus_stops" }, "geometry": { "type": "Point", "coordinates": [ 139.8994894, 35.3199541 ] } },
{ "type": "Feature", "properties": { "P11_001": "杢師四丁目", "P11_002": "京浜急行バス（株）・日東交通（株）", "P11_003_01": "羽田空港　⇔　君津", "P11_003_02": null, "P11_003_03": null, "P11_003_04": null, "P11_003_05": null, "P11_003_06": null, "P11_003_07": null, "P11_003_08": null, "P11_003_09": null, "P11_003_10": null, "P11_003_11": null, "P11_003_12": null, "P11_003_13": null, "P11_003_14": null, "P11_003_15": null, "P11_003_16": null, "P11_003_17": null, "P11_003_18": null, "P11_003_19": null, "P11_003_20": null, "P11_003_21": null, "P11_003_22": null, "P11_003_23": null, "P11_003_24": null, "P11_003_25": null, "P11_003_26": null, "P11_003_27": null, "P11_003_28": null, "P11_003_29": null, "P11_003_30": null, "P11_003_31": null, "P11_003_32": null, "P11_003_33": null, "P11_003_34": null, "P11_003_35": null, "P11_004_01": "1", "P11_004_02": null, "P11_004_03": null, "P11_004_04": null, "P11_004_05": null, "P11_004_06": null, "P11_004_07": null, "P11_004_08": null, "P11_004_09": null, "P11_004_10": null, "P11_004_11": null, "P11_004_12": null, "P11_004_13": null, "P11_004_14": null, "P11_004_15": null, "P11_004_16": null, "P11_004_17": null, "P11_004_18": null, "P11_004_19": null, "P11_004_20": null, "P11_004_21": null, "P11_004_22": null, "P11_004_23": null, "P11_004_24": null, "P11_004_25": null, "P11_004_26": null, "P11_004_27": null, "P11_004_28": null, "P11_004_29": null, "P11_004_30": null, "P11_004_31": null, "P11_004_32": null, "P11_004_33": null, "P11_004_34": null, "P11_004_35": null, "P11_005": null, "name": "杢師四丁目", "operator": "京浜急行バス（株）・日東交通（株）", "route": "羽田空港　⇔　君津", "layer": "bus_stops" }, "geometry": { "type": "Point", "coordinates": [ 139.9172902, 35.3192426 ] } },
{ "type": "Feature", "properties": { "P11_001": "杢師4丁目", "P11_002": "日東交通（株）", "P11_003_01": "周西線", "P11_003_02": null, "P11_003_03": null, "P11_003_04": null, "P11_003_05": null, "P11_003_06": null, "P11_003_07": null, "P11_003_08": null, "P11_003_09": null, "P11_003_10": null, "P11_003_11": null, "P11_003_12": null, "P11_003_13": null, "P11_003_14": null, "P11_003_15": null, "P11_003_16": null, "P11_003_17": null, "P11_003_18": null, "P11_003_19": null, "P11_003_20": null, "P11_003_21": null, "P11_003_22": null, "P11_003_23": null, "P11_003_24": null, "P11_003_25": null, "P11_003_26": null, "P11_003_27": null, "P11_003_28": null, "P11_003_29": null, "P11_003_30": null, "P11_003_31": null, "P11_003_32": null, "P11_003_33": null, "P11_003_34": null, "P11_003_35": null, "P11_004_01": "1", "P11_004_02": null, "P11_004_03": null, "P11_004_04": null, "P11_004_05": null, "P11_004_06": null, "P11_004_07": null, "P11_004_08": null, "P11_004_09": null, "P11_004_10": null, "P11_004_11": null, "P11_004_12": null, "P11_004_13": null, "P11_004_14": null, "P11_004_15": null, "P11_004_16": null, "P11_004_17": null, "P11_004_18": null, "P11_004_19": null, "P11_004_20": null, "P11_004_21": null, "P11_004_22": null, "P11_004_23": null, "P11_004_24": null, "P11_004_25": null, "P11_004_26": null, "P11_004_27": null, "P11_004_28": null, "P11_004_29": null, "P11_004_30": null, "P11_004_31": null, "P11_004_32": null, "P11_004_33": null, "P11_004_34": null, "P11_004_35": null, "P11_005": null, "name": "杢師4丁目", "operator": "日東交通（株）", "route": "周西線", "layer": "bus_stops" }, "geometry": { "type": "Point", "coordinates": [ 139.9173891, 35.3192043 ] } },
{ "type": "Feature", "properties": { "P11_001": "味楽囲さだもと店", "P11_002": "君津市", "P11_003_01": "小糸川循環線", "P11_003_02": null, "P11_003_03": null, "P11_003_04": null, "P11_003_05": null, "P11_003_06": null, "P11_003_07": null, "P11_003_08": null, "P11_003_09": null, "P11_003_10": null, "P11_003_11": null, "P11_003_12": null, "P11_003_13": null, "P11_003_14": null, "P11_003_15": null, "P11_003_16": null, "P11_003_17": null, "P11_003_18": null, "P11_003_19": null, "P11_003_20": null, "P11_003_21": null, "P11_003_22": null, "P11_003_23": null, "P11_003_24": null, "P11_003_25": null, "P11_003_26": null, "P11_003_27": null, "P11_003_28": null, "P11_003_29": null, "P11_003_30": null, "P11_003_31": null, "P11_003_32": null, "P11_003_33": null, "P11_003_34": null, "P11_003_35": null, "P11_004_01": "3", "P11_004_02": null, "P11_004_03": null, "P11_004_04": null, "P11_004_05": null, "P11_004_06": null, "P11_004_07": null, "P11_004_08": null, "P11_004_09": null, "P11_004_10": null, "P11_004_11": null, "P11_004_12": null, "P11_004_13": null, "P11_004_14": null, "P11_004_15": null, "P11_004_16": null, "P11_004_17": null, "P11_004_18": null, "P11_004_19": null, "P11_004_20": null, "P11_004_21": null, "P11_004_22": null, "P11_004_23": null, "P11_004_24": null, "P11_004_25": null, "P11_004_26": null, "P11_004_27": null, "P11_004_28": null, "P11_004_29": null, "P11_004_30": null, "P11_004_31": null, "P11_004_32": null, "P11_004_33": null, "P11_004_34": null, "P11_004_35": null, "P11_005": null, "name": "味楽囲さだもと店", "operator": "君津市", "route": "小糸川循環線", "layer": "bus_stops" }, "geometry": { "type": "Point", "coordinates": [ 139.9041255, 35.3185193 ] } },
{ "type": "Feature", "properties": { "P11_001": "君津バスターミナル", "P11_002": "君津市", "P11_003_01": "小糸川循環線", "P11_003_02": null, "P11_003_03": null, "P11_003_04": null, "P11_003_05": null, "P11_003_06": null, "P11_003_07": null, "P11_003_08": null, "P11_003_09": null, "P11_003_10": null, "P11_003_11": null, "P11_003_12": null, "P11_003_13": null, "P11_003_14": null, "P11_003_15": null, "P11_003_16": null, "P11_003_17": null, "P11_003_18": null, "P11_003_19": null, "P11_003_20": null, "P11_003_21": null, "P11_003_22": null, "P11_003_23": null, "P11_003_24": null, "P11_003_25": null, "P11_003_26": null, "P11_003_27": null, "P11_003_28": null, "P11_003_29": null, "P11_003_30": null, "P11_003_31": null, "P11_003_32": null, "P11_003_33": null, "P11_003_34": null, "P11_003_35": null, "P11_004_01": "3", "P11_004_02": null, "P11_004_03": null, "P11_004_04": null, "P11_004_05": null, "P11_004_06": null, "P11_004_07": null, "P11_004_08": null, "P11_004_09": null, "P11_004_10": null, "P11_004_11": null, "P11_004_12": null, "P11_004_13": null, "P11_004_14": null, "P11_004_15": null, "P11_004_16": null, "P11_004_17": null, "P11_004_18": null, "P11_004_19": null, "P11_004_20": null, "P11_004_21": null, "P11_004_22": null, "P11_004_23": null, "P11_004_24": null, "P11_004_25": null, "P11_004_26": null, "P11_004_27": null, "P11_004_28": null, "P11_004_29": null, "P11_004_30": null, "P11_004_31": null, "P11_004_32": null, "P11_004_33": null, "P11_004_34": null, "P11_004_35": null, "P11_005": null, "name": "君津バスターミナル", "operator": "君津市", "route": "小糸川循環線", "layer": "bus_stops" }, "geometry": { "type": "Point", "coordinates": [ 139.9367479, 35.3184642 ] } },
{ "type": "Feature", "properties": { "P11_001": "君津バスターミナル", "P11_002": "日東交通（株）", "P11_003_01": "三島線,周西線", "P11_003_02": null, "P11_003_03": null, "P11_003_04": null, "P11_003_05": null, "P11_003_06": null, "P11_003_07": null, "P11_003_08": null, "P11_003_09": null, "P11_003_10": null, "P11_003_11": null, "P11_003_12": null, "P11_003_13": null, "P11_003_14": null, "P11_003_15": null, "P11_003_16": null, "P11_003_17": null, "P11_003_18": null, "P11_003_19": null, "P11_003_20": null, "P11_003_21": null, "P11_003_22": null, "P11_003_23": null, "P11_003_24": null, "P11_003_25": null, "P11_003_26": null, "P11_003_27": null, "P11_003_28": null, "P11_003_29": null, "P11_003_30": null, "P11_003_31": null, "P11_003_32": null, "P11_003_33": null, "P11_003_34": null, "P11_003_35": null, "P11_004_01": "1,1", "P11_004_02": null, "P11_004_03": null, "P11_004_04": null, "P11_004_05": null, "P11_004_06": null, "P11_004_07": null, "P11_004_08": null, "P11_004_09": null, "P11_004_10": null, "P11_004_11": null, "P11_004_12": null, "P11_004_13": null, "P11_004_14": null, "P11_004_15": null, "P11_004_16": null, "P11_004_17": null, "P11_004_18": null, "P11_004_19": null, "P11_004_20": null, "P11_004_21": null, "P11_004_22": null, "P11_004_23": null, "P11_004_24": null, "P11_004_25": null, "P11_004_26": null, "P11_004_27": null, "P11_004_28": null, "P11_004_29": null, "P11_004_30": null, "P11_004_31": null, "P11_004_32": null, "P11_004_33": null, "P11_004_34": null, "P11_004_35": null, "P11_005": null, "name": "君津バスターミナル", "operator": "日東交通（株）", "route": "三島線,周西線", "layer": "bus_stops" }, "geometry": { "type": "Point", "coordinates": [ 139.9367479, 35.3184642 ] } },
{ "type": "Feature", "properties": { "P11_001": "君津バスターミナル2番のりば", "P11_002": "京浜急行バス（株）・日東交通（株）", "P11_003_01": "羽田空港　⇔　君津", "P11_003_02": null, "P11_003_03": null, "P11_003_04": null, "P11_003_05": null, "P11_003_06": null, "P11_003_07": null, "P11_003_08": null, "P11_003_09": null, "P11_003_10": null, "P11_003_11": null, "P11_003_12": null, "P11_003_13": null, "P11_003_14": null, "P11_003_15": null, "P11_003_16": null, "P11_003_17": null, "P11_003_18": null, "P11_003_19": null, "P11_003_20": null, "P11_003_21": null, "P11_003_22": null, "P11_003_23": null, "P11_003_24": null, "P11_003_25": null, "P11_003_26": null, "P11_003_27": null, "P11_003_28": null, "P11_003_29": null, "P11_003_30": null, "P11_003_31": null, "P11_003_32": null, "P11_003_33": null, "P11_003_34": null, "P11_003_35": null, "P11_004_01": "1", "P11_004_02": null, "P11_004_03": null, "P11_004_04": null, "P11_004_05": null, "P11_004_06": null, "P11_004_07": null, "P11_004_08": null, "P11_004_09": null, "P11_004_10": null, "P11_004_11": null, "P11_004_12": null, "P11_004_13": null, "P11_004_14": null, "P11_004_15": null, "P11_004_16": null, "P11_004_17": null, "P11_004_18": null, "P11_004_19": null, "P11_004_20": null, "P11_004_21": null, "P11_004_22": null, "P11_004_23": null, "P11_004_24": null, "P11_004_25": null, "P11_004_26": null, "P11_004_27": null, "P11_004_28": null, "P11_004_29": null, "P11_004_30": null, "P11_004_31": null, "P11_004_32": null, "P11_004_33": null, "P11_004_34": null, "P11_004_35": null, "P11_005": null, "name": "君津バスターミナル2番のりば", "operator": "京浜急行バス（株）・日東交通（株）", "route": "羽田空港　⇔　君津", "layer": "bus_stops" }, "geometry": { "type": "Point", "coordinates": [ 139.9367479, 35.3184642 ] } },
{ "type": "Feature", "properties": { "P11_001": "法木作", "P11_002": "君津市", "P11_003_01": "小糸川循環線", "P11_003_02": null, "P11_003_03": null, "P11_003_04": null, "P11_003_05": null, "P11_003_06": null, "P11_003_07": null, "P11_003_08": null, "P11_003_09": null, "P11_003_10": null, "P11_003_11": null, "P11_003_12": null, "P11_003_13": null, "P11_003_14": null, "P11_003_15": null, "P11_003_16": null, "P11_003_17": null, "P11_003_18": null, "P11_003_19": null, "P11_003_20": null, "P11_003_21": null, "P11_003_22": null, "P11_003_23": null, "P11_003_24": null, "P11_003_25": null, "P11_003_26": null, "P11_003_27": null, "P11_003_28": null, "P11_003_29": null, "P11_003_30": null, "P11_003_31": null, "P11_003_32": null, "P11_003_33": null, "P11_003_34": null, "P11_003_35": null, "P11_004_01": "3", "P11_004_02": null, "P11_004_03": null, "P11_004_04": null, "P11_004_05": null, "P11_004_06": null, "P11_004_07": null, "P11_004_08": null, "P11_004_09": null, "P11_004_10": null, "P11_004_11": null, "P11_004_12": null, "P11_004_13": null, "P11_004_14": null, "P11_004_15": null, "P11_004_16": null, "P11_004_17": null, "P11_004_18": null, "P11_004_19": null, "P11_004_20": null, "P11_004_21": null, "P11_004_22": null, "P11_004_23": null, "P11_004_24": null, "P11_004_25": null, "P11_004_26": null, "P11_004_27": null, "P11_004_28": null, "P11_004_29": null, "P11_004_30": null, "P11_004_31": null, "P11_004_32": null, "P11_004_33": null, "P11_004_34": null, "P11_004_35": null, "P11_005": null, "name": "法木作", "operator": "君津市", "route": "小糸川循環線", "layer": "bus_stops" }, "geometry": { "type": "Point", "coordinates": [ 139.9282705, 35.3182786 ] } },
{ "type": "Feature", "properties": { "P11_001": "法木作", "P11_002": "日東交通（株）", "P11_003_01": "三島線,周西線", "P11_003_02": null, "P11_003_03": null, "P11_003_04": null, "P11_003_05": null, "P11_003_06": null, "P11_003_07": null, "P11_003_08": null, "P11_003_09": null, "P11_003_10": null, "P11_003_11": null, "P11_003_12": null, "P11_003_13": null, "P11_003_14": null, "P11_003_15": null, "P11_003_16": null, "P11_003_17": null, "P11_003_18": null, "P11_003_19": null, "P11_003_20": null, "P11_003_21": null, "P11_003_22": null, "P11_003_23": null, "P11_003_24": null, "P11_003_25": null, "P11_003_26": null, "P11_003_27": null, "P11_003_28": null, "P11_003_29": null, "P11_003_30": null, "P11_003_31": null, "P11_003_32": null, "P11_003_33": null, "P11_003_34": null, "P11_003_35": null, "P11_004_01": "1,1", "P11_004_02": null, "P11_004_03": null, "P11_004_04": null, "P11_004_05": null, "P11_004_06": null, "P11_004_07": null, "P11_004_08": null, "P11_004_09": null, "P11_004_10": null, "P11_004_11": null, "P11_004_12": null, "P11_004_13": null, "P11_004_14": null, "P11_004_15": null, "P11_004_16": null, "P11_004_17": null, "P11_004_18": null, "P11_004_19": null, "P11_004_20": null, "P11_004_21": null, "P11_004_22": null, "P11_004_23": null, "P11_004_24": null, "P11_004_25": null, "P11_004_26": null, "P11_004_27": null, "P11_004_28": null, "P11_004_29": null, "P11_004_30": null, "P11_004_31": null, "P11_004_32": null, "P11_004_33": null, "P11_004_34": null, "P11_004_35": null, "P11_005": null, "name": "法木作", "operator": "日東交通（株）", "route": "三島線,周西線", "layer": "bus_stops" }, "geometry": { "type": "Point", "coordinates": [ 139.9282705, 35.3182786 ] } },
{ "type": "Feature", "properties": { "P11_001": "外箕輪", "P11_002": "日東交通（株）", "P11_003_01": "周西線", "P11_003_02": null, "P11_003_03": null, "P11_003_04": null, "P11_003_05": null, "P11_003_06": null, "P11_003_07": null, "P11_003_08": null, "P11_003_09": null, "P11_003_10": null, "P11_003_11": null, "P11_003_12": null, "P11_003_13": null, "P11_003_14": null, "P11_003_15": null, "P11_003_16": null, "P11_003_17": null, "P11_003_18": null, "P11_003_19": null, "P11_003_20": null, "P11_003_21": null, "P11_003_22": null, "P11_003_23": null, "P11_003_24": null, "P11_003_25": null, "P11_003_26": null, "P11_003_27": null, "P11_003_28": null, "P11_003_29": null, "P11_003_30": null, "P11_003_31": null, "P11_003_32": null, "P11_003_33": null, "P11_003_34": null, "P11_003_35": null, "P11_004_01": "1", "P11_004_02": null, "P11_004_03": null, "P11_004_04": null, "P11_004_05": null, "P11_004_06": null, "P11_004_07": null, "P11_004_08": null, "P11_004_09": null, "P11_004_10": null, "P11_004_11": null, "P11_004_12": null, "P11_004_13": null, "P11_004_14": null, "P11_004_15": null, "P11_004_16": null, "P11_004_17": null, "P11_004_18": null, "P11_004_19": null, "P11_004_20": null, "P11_004_21": null, "P11_004_22": null, "P11_004_23": null, "P11_004_24": null, "P11_004_25": null, "P11_004_26": null, "P11_004_27": null, "P11_004_28": null, "P11_004_29": null, "P11_004_30": null, "P11_004_31": null, "P11_004_32": null, "P11_004_33": null, "P11_004_34": null, "P11_004_35": null, "P11_005": null, "name": "外箕輪", "operator": "日東交通（株）", "route": "周西線", "layer": "bus_stops" }, "geometry": { "type": "Point", "coordinates": [ 139.9235311, 35.3179239 ] } },
{ "type": "Feature", "properties": { "P11_001": "県営住宅入口", "P11_002": "日東交通（株）", "P11_003_01": "周西線", "P11_003_02": null, "P11_003_03": null, "P11_003_04": null, "P11_003_05": null, "P11_003_06": null, "P11_003_07": null, "P11_003_08": null, "P11_003_09": null, "P11_003_10": null, "P11_003_11": null, "P11_003_12": null, "P11_003_13": null, "P11_003_14": null, "P11_003_15": null, "P11_003_16": null, "P11_003_17": null, "P11_003_18": null, "P11_003_19": null, "P11_003_20": null, "P11_003_21": null, "P11_003_22": null, "P11_003_23": null, "P11_003_24": null, "P11_003_25": null, "P11_003_26": null, "P11_003_27": null, "P11_003_28": null, "P11_003_29": null, "P11_003_30": null, "P11_003_31": null, "P11_003_32": null, "P11_003_33": null, "P11_003_34": null, "P11_003_35": null, "P11_004_01": "1", "P11_004_02": null, "P11_004_03": null, "P11_004_04": null, "P11_004_05": null, "P11_004_06": null, "P11_004_07": null, "P11_004_08": null, "P11_004_09": null, "P11_004_10": null, "P11_004_11": null, "P11_004_12": null, "P11_004_13": null, "P11_004_14": null, "P11_004_15": null, "P11_004_16": null, "P11_004_17": null, "P11_004_18": null, "P11_004_19": null, "P11_004_20": null, "P11_004_21": null, "P11_004_22": null, "P11_004_23": null, "P11_004_24": null, "P11_004_25": null, "P11_004_26": null, "P11_004_27": null, "P11_004_28": null, "P11_004_29": null, "P11_004_30": null, "P11_004_31": null, "P11_004_32": null, "P11_004_33": null, "P11_004_34": null, "P11_004_35": null, "P11_005": null, "name": "県営住宅入口", "operator": "日東交通（株）", "route": "周西線", "layer": "bus_stops" }, "geometry": { "type": "Point", "coordinates": [ 139.9209202, 35.3178903 ] } },
{ "type": "Feature", "properties": { "P11_001": "市民文化ホール", "P11_002": "君津市", "P11_003_01": "小糸川循環線", "P11_003_02": null, "P11_003_03": null, "P11_003_04": null, "P11_003_05": null, "P11_003_06": null, "P11_003_07": null, "P11_003_08": null, "P11_003_09": null, "P11_003_10": null, "P11_003_11": null, "P11_003_12": null, "P11_003_13": null, "P11_003_14": null, "P11_003_15": null, "P11_003_16": null, "P11_003_17": null, "P11_003_18": null, "P11_003_19": null, "P11_003_20": null, "P11_003_21": null, "P11_003_22": null, "P11_003_23": null, "P11_003_24": null, "P11_003_25": null, "P11_003_26": null, "P11_003_27": null, "P11_003_28": null, "P11_003_29": null, "P11_003_30": null, "P11_003_31": null, "P11_003_32": null, "P11_003_33": null, "P11_003_34": null, "P11_003_35": null, "P11_004_01": "3", "P11_004_02": null, "P11_004_03": null, "P11_004_04": null, "P11_004_05": null, "P11_004_06": null, "P11_004_07": null, "P11_004_08": null, "P11_004_09": null, "P11_004_10": null, "P11_004_11": null, "P11_004_12": null, "P11_004_13": null, "P11_004_14": null, "P11_004_15": null, "P11_004_16": null, "P11_004_17": null, "P11_004_18": null, "P11_004_19": null, "P11_004_20": null, "P11_004_21": null, "P11_004_22": null, "P11_004_23": null, "P11_004_24": null, "P11_004_25": null, "P11_004_26": null, "P11_004_27": null, "P11_004_28": null, "P11_004_29": null, "P11_004_30": null, "P11_004_31": null, "P11_004_32": null, "P11_004_33": null, "P11_004_34": null, "P11_004_35": null, "P11_005": null, "name": "市民文化ホール", "operator": "君津市", "route": "小糸川循環線", "layer": "bus_stops" }, "geometry": { "type": "Point", "coordinates": [ 139.9357113, 35.3163911 ] } },
{ "type": "Feature", "properties": { "P11_001": "市民文化ホール", "P11_002": "日東交通（株）", "P11_003_01": "三島線,周西線", "P11_003_02": null, "P11_003_03": null, "P11_003_04": null, "P11_003_05": null, "P11_003_06": null, "P11_003_07": null, "P11_003_08": null, "P11_003_09": null, "P11_003_10": null, "P11_003_11": null, "P11_003_12": null, "P11_003_13": null, "P11_003_14": null, "P11_003_15": null, "P11_003_16": null, "P11_003_17": null, "P11_003_18": null, "P11_003_19": null, "P11_003_20": null, "P11_003_21": null, "P11_003_22": null, "P11_003_23": null, "P11_003_24": null, "P11_003_25": null, "P11_003_26": null, "P11_003_27": null, "P11_003_28": null, "P11_003_29": null, "P11_003_30": null, "P11_003_31": null, "P11_003_32": null, "P11_003_33": null, "P11_003_34": null, "P11_003_35": null, "P11_004_01": "1,1", "P11_004_02": null, "P11_004_03": null, "P11_004_04": null, "P11_004_05": null, "P11_004_06": null, "P11_004_07": null, "P11_004_08": null, "P11_004_09": null, "P11_004_10": null, "P11_004_11": null, "P11_004_12": null, "P11_004_13": null, "P11_004_14": null, "P11_004_15": null, "P11_004_16": null, "P11_004_17": null, "P11_004_18": null, "P11_004_19": null, "P11_004_20": null, "P11_004_21": null, "P11_004_22": null, "P11_004_23": null, "P11_004_24": null, "P11_004_25": null, "P11_004_26": null, "P11_004_27": null, "P11_004_28": null, "P11_004_29": null, "P11_004_30": null, "P11_004_31": null, "P11_004_32": null, "P11_004_33": null, "P11_004_34": null, "P11_004_35": null, "P11_005": null, "name": "市民文化ホール", "operator": "日東交通（株）", "route": "三島線,周西線", "layer": "bus_stops" }, "geometry": { "type": "Point", "coordinates": [ 139.9357113, 35.3163911 ] } },
{ "type": "Feature", "properties": { "P11_001": "外箕輪", "P11_002": "君津市", "P11_003_01": "小糸川循環線", "P11_003_02": null, "P11_003_03": null, "P11_003_04": null, "P11_003_05": null, "P11_003_06": null, "P11_003_07": null, "P11_003_08": null, "P11_003_09": null, "P11_003_10": null, "P11_003_11": null, "P11_003_12": null, "P11_003_13": null, "P11_003_14": null, "P11_003_15": null, "P11_003_16": null, "P11_003_17": null, "P11_003_18": null, "P11_003_19": null, "P11_003_20": null, "P11_003_21": null, "P11_003_22": null, "P11_003_23": null, "P11_003_24": null, "P11_003_25": null, "P11_003_26": null, "P11_003_27": null, "P11_003_28": null, "P11_003_29": null, "P11_003_30": null, "P11_003_31": null, "P11_003_32": null, "P11_003_33": null, "P11_003_34": null, "P11_003_35": null, "P11_004_01": "3", "P11_004_02": null, "P11_004_03": null, "P11_004_04": null, "P11_004_05": null, "P11_004_06": null, "P11_004_07": null, "P11_004_08": null, "P11_004_09": null, "P11_004_10": null, "P11_004_11": null, "P11_004_12": null, "P11_004_13": null, "P11_004_14": null, "P11_004_15": null, "P11_004_16": null, "P11_004_17": null, "P11_004_18": null, "P11_004_19": null, "P11_004_20": null, "P11_004_21": null, "P11_004_22": null, "P11_004_23": null, "P11_004_24": null, "P11_004_25": null, "P11_004_26": null, "P11_004_27": null, "P11_004_28": null, "P11_004_29": null, "P11_004_30": null, "P11_004_31": null, "P11_004_32": null, "P11_004_33": null, "P11_004_34": null, "P11_004_35": null, "P11_005": null, "name": "外箕輪", "operator": "君津市", "route": "小糸川循環線", "layer": "bus_stops" }, "geometry": { "type": "Point", "coordinates": [ 139.9270559, 35.3163528 ] } },
{ "type": "Feature", "properties": { "P11_001": "上宿", "P11_002": "君津市", "P11_003_01": "小糸川循環線", "P11_003_02": null, "P11_003_03": null, "P11_003_04": null, "P11_003_05": null, "P11_003_06": null, "P11_003_07": null, "P11_003_08": null, "P11_003_09": null, "P11_003_10": null, "P11_003_11": null, "P11_003_12": null, "P11_003_13": null, "P11_003_14": null, "P11_003_15": null, "P11_003_16": null, "P11_003_17": null, "P11_003_18": null, "P11_003_19": null, "P11_003_20": null, "P11_003_21": null, "P11_003_22": null, "P11_003_23": null, "P11_003_24": null, "P11_003_25": null, "P11_003_26": null, "P11_003_27": null, "P11_003_28": null, "P11_003_29": null, "P11_003_30": null, "P11_003_31": null, "P11_003_32": null, "P11_003_33": null, "P11_003_34": null, "P11_003_35": null, "P11_004_01": "3", "P11_004_02": null, "P11_004_03": null, "P11_004_04": null, "P11_004_05": null, "P11_004_06": null, "P11_004_07": null, "P11_004_08": null, "P11_004_09": null, "P11_004_10": null, "P11_004_11": null, "P11_004_12": null, "P11_004_13": null, "P11_004_14": null, "P11_004_15": null, "P11_004_16": null, "P11_004_17": null, "P11_004_18": null, "P11_004_19": null, "P11_004_20": null, "P11_004_21": null, "P11_004_22": null, "P11_004_23": null, "P11_004_24": null, "P11_004_25": null, "P11_004_26": null, "P11_004_27": null, "P11_004_28": null, "P11_004_29": null, "P11_004_30": null, "P11_004_31": null, "P11_004_32": null, "P11_004_33": null, "P11_004_34": null, "P11_004_35": null, "P11_005": null, "name": "上宿", "operator": "君津市", "route": "小糸川循環線", "layer": "bus_stops" }, "geometry": { "type": "Point", "coordinates": [ 139.90725, 35.3158725 ] } },
{ "type": "Feature", "properties": { "P11_001": "かずさ小糸北", "P11_002": "日東交通（株）", "P11_003_01": "高倉アカデミア線", "P11_003_02": null, "P11_003_03": null, "P11_003_04": null, "P11_003_05": null, "P11_003_06": null, "P11_003_07": null, "P11_003_08": null, "P11_003_09": null, "P11_003_10": null, "P11_003_11": null, "P11_003_12": null, "P11_003_13": null, "P11_003_14": null, "P11_003_15": null, "P11_003_16": null, "P11_003_17": null, "P11_003_18": null, "P11_003_19": null, "P11_003_20": null, "P11_003_21": null, "P11_003_22": null, "P11_003_23": null, "P11_003_24": null, "P11_003_25": null, "P11_003_26": null, "P11_003_27": null, "P11_003_28": null, "P11_003_29": null, "P11_003_30": null, "P11_003_31": null, "P11_003_32": null, "P11_003_33": null, "P11_003_34": null, "P11_003_35": null, "P11_004_01": "1", "P11_004_02": null, "P11_004_03": null, "P11_004_04": null, "P11_004_05": null, "P11_004_06": null, "P11_004_07": null, "P11_004_08": null, "P11_004_09": null, "P11_004_10": null, "P11_004_11": null, "P11_004_12": null, "P11_004_13": null, "P11_004_14": null, "P11_004_15": null, "P11_004_16": null, "P11_004_17": null, "P11_004_18": null, "P11_004_19": null, "P11_004_20": null, "P11_004_21": null, "P11_004_22": null, "P11_004_23": null, "P11_004_24": null, "P11_004_25": null, "P11_004_26": null, "P11_004_27": null, "P11_004_28": null, "P11_004_29": null, "P11_004_30": null, "P11_004_31": null, "P11_004_32": null, "P11_004_33": null, "P11_004_34": null, "P11_004_35": null, "P11_005": null, "name": "かずさ小糸北", "operator": "日東交通（株）", "route": "高倉アカデミア線", "layer": "bus_stops" }, "geometry": { "type": "Point", "coordinates": [ 139.996363, 35.3156079 ] } },
{ "type": "Feature", "properties": { "P11_001": "かずさ小糸南", "P11_002": "日東交通（株）", "P11_003_01": "高倉アカデミア線", "P11_003_02": null, "P11_003_03": null, "P11_003_04": null, "P11_003_05": null, "P11_003_06": null, "P11_003_07": null, "P11_003_08": null, "P11_003_09": null, "P11_003_10": null, "P11_003_11": null, "P11_003_12": null, "P11_003_13": null, "P11_003_14": null, "P11_003_15": null, "P11_003_16": null, "P11_003_17": null, "P11_003_18": null, "P11_003_19": null, "P11_003_20": null, "P11_003_21": null, "P11_003_22": null, "P11_003_23": null, "P11_003_24": null, "P11_003_25": null, "P11_003_26": null, "P11_003_27": null, "P11_003_28": null, "P11_003_29": null, "P11_003_30": null, "P11_003_31": null, "P11_003_32": null, "P11_003_33": null, "P11_003_34": null, "P11_003_35": null, "P11_004_01": "1", "P11_004_02": null, "P11_004_03": null, "P11_004_04": null, "P11_004_05": null, "P11_004_06": null, "P11_004_07": null, "P11_004_08": null, "P11_004_09": null, "P11_004_10": null, "P11_004_11": null, "P11_004_12": null, "P11_004_13": null, "P11_004_14": null, "P11_004_15": null, "P11_004_16": null, "P11_004_17": null, "P11_004_18": null, "P11_004_19": null, "P11_004_20": null, "P11_004_21": null, "P11_004_22": null, "P11_004_23": null, "P11_004_24": null, "P11_004_25": null, "P11_004_26": null, "P11_004_27": null, "P11_004_28": null, "P11_004_29": null, "P11_004_30": null, "P11_004_31": null, "P11_004_32": null, "P11_004_33": null, "P11_004_34": null, "P11_004_35": null, "P11_005": null, "name": "かずさ小糸南", "operator": "日東交通（株）", "route": "高倉アカデミア線", "layer": "bus_stops" }, "geometry": { "type": "Point", "coordinates": [ 139.9932458, 35.31485 ] } },
{ "type": "Feature", "properties": { "P11_001": "長石大橋", "P11_002": "日東交通（株）", "P11_003_01": "木更津鴨川線", "P11_003_02": null, "P11_003_03": null, "P11_003_04": null, "P11_003_05": null, "P11_003_06": null, "P11_003_07": null, "P11_003_08": null, "P11_003_09": null, "P11_003_10": null, "P11_003_11": null, "P11_003_12": null, "P11_003_13": null, "P11_003_14": null, "P11_003_15": null, "P11_003_16": null, "P11_003_17": null, "P11_003_18": null, "P11_003_19": null, "P11_003_20": null, "P11_003_21": null, "P11_003_22": null, "P11_003_23": null, "P11_003_24": null, "P11_003_25": null, "P11_003_26": null, "P11_003_27": null, "P11_003_28": null, "P11_003_29": null, "P11_003_30": null, "P11_003_31": null, "P11_003_32": null, "P11_003_33": null, "P11_003_34": null, "P11_003_35": null, "P11_004_01": "1", "P11_004_02": null, "P11_004_03": null, "P11_004_04": null, "P11_004_05": null, "P11_004_06": null, "P11_004_07": null, "P11_004_08": null, "P11_004_09": null, "P11_004_10": null, "P11_004_11": null, "P11_004_12": null, "P11_004_13": null, "P11_004_14": null, "P11_004_15": null, "P11_004_16": null, "P11_004_17": null, "P11_004_18": null, "P11_004_19": null, "P11_004_20": null, "P11_004_21": null, "P11_004_22": null, "P11_004_23": null, "P11_004_24": null, "P11_004_25": null, "P11_004_26": null, "P11_004_27": null, "P11_004_28": null, "P11_004_29": null, "P11_004_30": null, "P11_004_31": null, "P11_004_32": null, "P11_004_33": null, "P11_004_34": null, "P11_004_35": null, "P11_005": null, "name": "長石大橋", "operator": "日東交通（株）", "route": "木更津鴨川線", "layer": "bus_stops" }, "geometry": { "type": "Point", "coordinates": [ 140.0015151, 35.3142801 ] } },
{ "type": "Feature", "properties": { "P11_001": "三直", "P11_002": "日東交通（株）", "P11_003_01": "三島線,周西線", "P11_003_02": null, "P11_003_03": null, "P11_003_04": null, "P11_003_05": null, "P11_003_06": null, "P11_003_07": null, "P11_003_08": null, "P11_003_09": null, "P11_003_10": null, "P11_003_11": null, "P11_003_12": null, "P11_003_13": null, "P11_003_14": null, "P11_003_15": null, "P11_003_16": null, "P11_003_17": null, "P11_003_18": null, "P11_003_19": null, "P11_003_20": null, "P11_003_21": null, "P11_003_22": null, "P11_003_23": null, "P11_003_24": null, "P11_003_25": null, "P11_003_26": null, "P11_003_27": null, "P11_003_28": null, "P11_003_29": null, "P11_003_30": null, "P11_003_31": null, "P11_003_32": null, "P11_003_33": null, "P11_003_34": null, "P11_003_35": null, "P11_004_01": "1,1", "P11_004_02": null, "P11_004_03": null, "P11_004_04": null, "P11_004_05": null, "P11_004_06": null, "P11_004_07": null, "P11_004_08": null, "P11_004_09": null, "P11_004_10": null, "P11_004_11": null, "P11_004_12": null, "P11_004_13": null, "P11_004_14": null, "P11_004_15": null, "P11_004_16": null, "P11_004_17": null, "P11_004_18": null, "P11_004_19": null, "P11_004_20": null, "P11_004_21": null, "P11_004_22": null, "P11_004_23": null, "P11_004_24": null, "P11_004_25": null, "P11_004_26": null, "P11_004_27": null, "P11_004_28": null, "P11_004_29": null, "P11_004_30": null, "P11_004_31": null, "P11_004_32": null, "P11_004_33": null, "P11_004_34": null, "P11_004_35": null, "P11_005": null, "name": "三直", "operator": "日東交通（株）", "route": "三島線,周西線", "layer": "bus_stops" }, "geometry": { "type": "Point", "coordinates": [ 139.9353279, 35.3130666 ] } },
{ "type": "Feature", "properties": { "P11_001": "新御堂入口", "P11_002": "君津市", "P11_003_01": "小糸川循環線", "P11_003_02": null, "P11_003_03": null, "P11_003_04": null, "P11_003_05": null, "P11_003_06": null, "P11_003_07": null, "P11_003_08": null, "P11_003_09": null, "P11_003_10": null, "P11_003_11": null, "P11_003_12": null, "P11_003_13": null, "P11_003_14": null, "P11_003_15": null, "P11_003_16": null, "P11_003_17": null, "P11_003_18": null, "P11_003_19": null, "P11_003_20": null, "P11_003_21": null, "P11_003_22": null, "P11_003_23": null, "P11_003_24": null, "P11_003_25": null, "P11_003_26": null, "P11_003_27": null, "P11_003_28": null, "P11_003_29": null, "P11_003_30": null, "P11_003_31": null, "P11_003_32": null, "P11_003_33": null, "P11_003_34": null, "P11_003_35": null, "P11_004_01": "3", "P11_004_02": null, "P11_004_03": null, "P11_004_04": null, "P11_004_05": null, "P11_004_06": null, "P11_004_07": null, "P11_004_08": null, "P11_004_09": null, "P11_004_10": null, "P11_004_11": null, "P11_004_12": null, "P11_004_13": null, "P11_004_14": null, "P11_004_15": null, "P11_004_16": null, "P11_004_17": null, "P11_004_18": null, "P11_004_19": null, "P11_004_20": null, "P11_004_21": null, "P11_004_22": null, "P11_004_23": null, "P11_004_24": null, "P11_004_25": null, "P11_004_26": null, "P11_004_27": null, "P11_004_28": null, "P11_004_29": null, "P11_004_30": null, "P11_004_31": null, "P11_004_32": null, "P11_004_33": null, "P11_004_34": null, "P11_004_35": null, "P11_005": null, "name": "新御堂入口", "operator": "君津市", "route": "小糸川循環線", "layer": "bus_stops" }, "geometry": { "type": "Point", "coordinates": [ 139.9118872, 35.3122431 ] } },
{ "type": "Feature", "properties": { "P11_001": "常代一丁目", "P11_002": "君津市", "P11_003_01": "小糸川循環線", "P11_003_02": null, "P11_003_03": null, "P11_003_04": null, "P11_003_05": null, "P11_003_06": null, "P11_003_07": null, "P11_003_08": null, "P11_003_09": null, "P11_003_10": null, "P11_003_11": null, "P11_003_12": null, "P11_003_13": null, "P11_003_14": null, "P11_003_15": null, "P11_003_16": null, "P11_003_17": null, "P11_003_18": null, "P11_003_19": null, "P11_003_20": null, "P11_003_21": null, "P11_003_22": null, "P11_003_23": null, "P11_003_24": null, "P11_003_25": null, "P11_003_26": null, "P11_003_27": null, "P11_003_28": null, "P11_003_29": null, "P11_003_30": null, "P11_003_31": null, "P11_003_32": null, "P11_003_33": null, "P11_003_34": null, "P11_003_35": null, "P11_004_01": "3", "P11_004_02": null, "P11_004_03": null, "P11_004_04": null, "P11_004_05": null, "P11_004_06": null, "P11_004_07": null, "P11_004_08": null, "P11_004_09": null, "P11_004_10": null, "P11_004_11": null, "P11_004_12": null, "P11_004_13": null, "P11_004_14": null, "P11_004_15": null, "P11_004_16": null, "P11_004_17": null, "P11_004_18": null, "P11_004_19": null, "P11_004_20": null, "P11_004_21": null, "P11_004_22": null, "P11_004_23": null, "P11_004_24": null, "P11_004_25": null, "P11_004_26": null, "P11_004_27": null, "P11_004_28": null, "P11_004_29": null, "P11_004_30": null, "P11_004_31": null, "P11_004_32": null, "P11_004_33": null, "P11_004_34": null, "P11_004_35": null, "P11_005": null, "name": "常代一丁目", "operator": "君津市", "route": "小糸川循環線", "layer": "bus_stops" }, "geometry": { "type": "Point", "coordinates": [ 139.9163742, 35.3103261 ] } },
{ "type": "Feature", "properties": { "P11_001": "六三橋", "P11_002": "日東交通（株）", "P11_003_01": "三島線,周西線", "P11_003_02": null, "P11_003_03": null, "P11_003_04": null, "P11_003_05": null, "P11_003_06": null, "P11_003_07": null, "P11_003_08": null, "P11_003_09": null, "P11_003_10": null, "P11_003_11": null, "P11_003_12": null, "P11_003_13": null, "P11_003_14": null, "P11_003_15": null, "P11_003_16": null, "P11_003_17": null, "P11_003_18": null, "P11_003_19": null, "P11_003_20": null, "P11_003_21": null, "P11_003_22": null, "P11_003_23": null, "P11_003_24": null, "P11_003_25": null, "P11_003_26": null, "P11_003_27": null, "P11_003_28": null, "P11_003_29": null, "P11_003_30": null, "P11_003_31": null, "P11_003_32": null, "P11_003_33": null, "P11_003_34": null, "P11_003_35": null, "P11_004_01": "1,1", "P11_004_02": null, "P11_004_03": null, "P11_004_04": null, "P11_004_05": null, "P11_004_06": null, "P11_004_07": null, "P11_004_08": null, "P11_004_09": null, "P11_004_10": null, "P11_004_11": null, "P11_004_12": null, "P11_004_13": null, "P11_004_14": null, "P11_004_15": null, "P11_004_16": null, "P11_004_17": null, "P11_004_18": null, "P11_004_19": null, "P11_004_20": null, "P11_004_21": null, "P11_004_22": null, "P11_004_23": null, "P11_004_24": null, "P11_004_25": null, "P11_004_26": null, "P11_004_27": null, "P11_004_28": null, "P11_004_29": null, "P11_004_30": null, "P11_004_31": null, "P11_004_32": null, "P11_004_33": null, "P11_004_34": null, "P11_004_35": null, "P11_005": null, "name": "六三橋", "operator": "日東交通（株）", "route": "三島線,周西線", "layer": "bus_stops" }, "geometry": { "type": "Point", "coordinates": [ 139.9381805, 35.3101231 ] } },
{ "type": "Feature", "properties": { "P11_001": "常代", "P11_002": "君津市", "P11_003_01": "小糸川循環線", "P11_003_02": null, "P11_003_03": null, "P11_003_04": null, "P11_003_05": null, "P11_003_06": null, "P11_003_07": null, "P11_003_08": null, "P11_003_09": null, "P11_003_10": null, "P11_003_11": null, "P11_003_12": null, "P11_003_13": null, "P11_003_14": null, "P11_003_15": null, "P11_003_16": null, "P11_003_17": null, "P11_003_18": null, "P11_003_19": null, "P11_003_20": null, "P11_003_21": null, "P11_003_22": null, "P11_003_23": null, "P11_003_24": null, "P11_003_25": null, "P11_003_26": null, "P11_003_27": null, "P11_003_28": null, "P11_003_29": null, "P11_003_30": null, "P11_003_31": null, "P11_003_32": null, "P11_003_33": null, "P11_003_34": null, "P11_003_35": null, "P11_004_01": "3", "P11_004_02": null, "P11_004_03": null, "P11_004_04": null, "P11_004_05": null, "P11_004_06": null, "P11_004_07": null, "P11_004_08": null, "P11_004_09": null, "P11_004_10": null, "P11_004_11": null, "P11_004_12": null, "P11_004_13": null, "P11_004_14": null, "P11_004_15": null, "P11_004_16": null, "P11_004_17": null, "P11_004_18": null, "P11_004_19": null, "P11_004_20": null, "P11_004_21": null, "P11_004_22": null, "P11_004_23": null, "P11_004_24": null, "P11_004_25": null, "P11_004_26": null, "P11_004_27": null, "P11_004_28": null, "P11_004_29": null, "P11_004_30": null, "P11_004_31": null, "P11_004_32": null, "P11_004_33": null, "P11_004_34": null, "P11_004_35": null, "P11_005": null, "name": "常代", "operator": "君津市", "route": "小糸川循環線", "layer": "bus_stops" }, "geometry": { "type": "Point", "coordinates": [ 139.9227154, 35.309354 ] } },
{ "type": "Feature", "properties": { "P11_001": "周南口", "P11_002": "君津市", "P11_003_01": "小糸川循環線", "P11_003_02": null, "P11_003_03": null, "P11_003_04": null, "P11_003_05": null, "P11_003_06": null, "P11_003_07": null, "P11_003_08": null, "P11_003_09": null, "P11_003_10": null, "P11_003_11": null, "P11_003_12": null, "P11_003_13": null, "P11_003_14": null, "P11_003_15": null, "P11_003_16": null, "P11_003_17": null, "P11_003_18": null, "P11_003_19": null, "P11_003_20": null, "P11_003_21": null, "P11_003_22": null, "P11_003_23": null, "P11_003_24": null, "P11_003_25": null, "P11_003_26": null, "P11_003_27": null, "P11_003_28": null, "P11_003_29": null, "P11_003_30": null, "P11_003_31": null, "P11_003_32": null, "P11_003_33": null, "P11_003_34": null, "P11_003_35": null, "P11_004_01": "3", "P11_004_02": null, "P11_004_03": null, "P11_004_04": null, "P11_004_05": null, "P11_004_06": null, "P11_004_07": null, "P11_004_08": null, "P11_004_09": null, "P11_004_10": null, "P11_004_11": null, "P11_004_12": null, "P11_004_13": null, "P11_004_14": null, "P11_004_15": null, "P11_004_16": null, "P11_004_17": null, "P11_004_18": null, "P11_004_19": null, "P11_004_20": null, "P11_004_21": null, "P11_004_22": null, "P11_004_23": null, "P11_004_24": null, "P11_004_25": null, "P11_004_26": null, "P11_004_27": null, "P11_004_28": null, "P11_004_29": null, "P11_004_30": null, "P11_004_31": null, "P11_004_32": null, "P11_004_33": null, "P11_004_34": null, "P11_004_35": null, "P11_005": null, "name": "周南口", "operator": "君津市", "route": "小糸川循環線", "layer": "bus_stops" }, "geometry": { "type": "Point", "coordinates": [ 139.921583, 35.3083525 ] } },
{ "type": "Feature", "properties": { "P11_001": "六手", "P11_002": "日東交通（株）", "P11_003_01": "三島線,周西線", "P11_003_02": null, "P11_003_03": null, "P11_003_04": null, "P11_003_05": null, "P11_003_06": null, "P11_003_07": null, "P11_003_08": null, "P11_003_09": null, "P11_003_10": null, "P11_003_11": null, "P11_003_12": null, "P11_003_13": null, "P11_003_14": null, "P11_003_15": null, "P11_003_16": null, "P11_003_17": null, "P11_003_18": null, "P11_003_19": null, "P11_003_20": null, "P11_003_21": null, "P11_003_22": null, "P11_003_23": null, "P11_003_24": null, "P11_003_25": null, "P11_003_26": null, "P11_003_27": null, "P11_003_28": null, "P11_003_29": null, "P11_003_30": null, "P11_003_31": null, "P11_003_32": null, "P11_003_33": null, "P11_003_34": null, "P11_003_35": null, "P11_004_01": "1,1", "P11_004_02": null, "P11_004_03": null, "P11_004_04": null, "P11_004_05": null, "P11_004_06": null, "P11_004_07": null, "P11_004_08": null, "P11_004_09": null, "P11_004_10": null, "P11_004_11": null, "P11_004_12": null, "P11_004_13": null, "P11_004_14": null, "P11_004_15": null, "P11_004_16": null, "P11_004_17": null, "P11_004_18": null, "P11_004_19": null, "P11_004_20": null, "P11_004_21": null, "P11_004_22": null, "P11_004_23": null, "P11_004_24": null, "P11_004_25": null, "P11_004_26": null, "P11_004_27": null, "P11_004_28": null, "P11_004_29": null, "P11_004_30": null, "P11_004_31": null, "P11_004_32": null, "P11_004_33": null, "P11_004_34": null, "P11_004_35": null, "P11_005": null, "name": "六手", "operator": "日東交通（株）", "route": "三島線,周西線", "layer": "bus_stops" }, "geometry": { "type": "Point", "coordinates": [ 139.9425772, 35.3079938 ] } },
{ "type": "Feature", "properties": { "P11_001": "郡の杜", "P11_002": "君津市", "P11_003_01": "小糸川循環線", "P11_003_02": null, "P11_003_03": null, "P11_003_04": null, "P11_003_05": null, "P11_003_06": null, "P11_003_07": null, "P11_003_08": null, "P11_003_09": null, "P11_003_10": null, "P11_003_11": null, "P11_003_12": null, "P11_003_13": null, "P11_003_14": null, "P11_003_15": null, "P11_003_16": null, "P11_003_17": null, "P11_003_18": null, "P11_003_19": null, "P11_003_20": null, "P11_003_21": null, "P11_003_22": null, "P11_003_23": null, "P11_003_24": null, "P11_003_25": null, "P11_003_26": null, "P11_003_27": null, "P11_003_28": null, "P11_003_29": null, "P11_003_30": null, "P11_003_31": null, "P11_003_32": null, "P11_003_33": null, "P11_003_34": null, "P11_003_35": null, "P11_004_01": "3", "P11_004_02": null, "P11_004_03": null, "P11_004_04": null, "P11_004_05": null, "P11_004_06": null, "P11_004_07": null, "P11_004_08": null, "P11_004_09": null, "P11_004_10": null, "P11_004_11": null, "P11_004_12": null, "P11_004_13": null, "P11_004_14": null, "P11_004_15": null, "P11_004_16": null, "P11_004_17": null, "P11_004_18": null, "P11_004_19": null, "P11_004_20": null, "P11_004_21": null, "P11_004_22": null, "P11_004_23": null, "P11_004_24": null, "P11_004_25": null, "P11_004_26": null, "P11_004_27": null, "P11_004_28": null, "P11_004_29": null, "P11_004_30": null, "P11_004_31": null, "P11_004_32": null, "P11_004_33": null, "P11_004_34": null, "P11_004_35": null, "P11_005": null, "name": "郡の杜", "operator": "君津市", "route": "小糸川循環線", "layer": "bus_stops" }, "geometry": { "type": "Point", "coordinates": [ 139.9139886, 35.3076695 ] } },
{ "type": "Feature", "properties": { "P11_001": "泉", "P11_002": "日東交通（株）", "P11_003_01": "三島線,周西線", "P11_003_02": null, "P11_003_03": null, "P11_003_04": null, "P11_003_05": null, "P11_003_06": null, "P11_003_07": null, "P11_003_08": null, "P11_003_09": null, "P11_003_10": null, "P11_003_11": null, "P11_003_12": null, "P11_003_13": null, "P11_003_14": null, "P11_003_15": null, "P11_003_16": null, "P11_003_17": null, "P11_003_18": null, "P11_003_19": null, "P11_003_20": null, "P11_003_21": null, "P11_003_22": null, "P11_003_23": null, "P11_003_24": null, "P11_003_25": null, "P11_003_26": null, "P11_003_27": null, "P11_003_28": null, "P11_003_29": null, "P11_003_30": null, "P11_003_31": null, "P11_003_32": null, "P11_003_33": null, "P11_003_34": null, "P11_003_35": null, "P11_004_01": "1,1", "P11_004_02": null, "P11_004_03": null, "P11_004_04": null, "P11_004_05": null, "P11_004_06": null, "P11_004_07": null, "P11_004_08": null, "P11_004_09": null, "P11_004_10": null, "P11_004_11": null, "P11_004_12": null, "P11_004_13": null, "P11_004_14": null, "P11_004_15": null, "P11_004_16": null, "P11_004_17": null, "P11_004_18": null, "P11_004_19": null, "P11_004_20": null, "P11_004_21": null, "P11_004_22": null, "P11_004_23": null, "P11_004_24": null, "P11_004_25": null, "P11_004_26": null, "P11_004_27": null, "P11_004_28": null, "P11_004_29": null, "P11_004_30": null, "P11_004_31": null, "P11_004_32": null, "P11_004_33": null, "P11_004_34": null, "P11_004_35": null, "P11_005": null, "name": "泉", "operator": "日東交通（株）", "route": "三島線,周西線", "layer": "bus_stops" }, "geometry": { "type": "Point", "coordinates": [ 139.9481299, 35.3070023 ] } },
{ "type": "Feature", "properties": { "P11_001": "溝添社宅", "P11_002": "君津市", "P11_003_01": "小糸川循環線", "P11_003_02": null, "P11_003_03": null, "P11_003_04": null, "P11_003_05": null, "P11_003_06": null, "P11_003_07": null, "P11_003_08": null, "P11_003_09": null, "P11_003_10": null, "P11_003_11": null, "P11_003_12": null, "P11_003_13": null, "P11_003_14": null, "P11_003_15": null, "P11_003_16": null, "P11_003_17": null, "P11_003_18": null, "P11_003_19": null, "P11_003_20": null, "P11_003_21": null, "P11_003_22": null, "P11_003_23": null, "P11_003_24": null, "P11_003_25": null, "P11_003_26": null, "P11_003_27": null, "P11_003_28": null, "P11_003_29": null, "P11_003_30": null, "P11_003_31": null, "P11_003_32": null, "P11_003_33": null, "P11_003_34": null, "P11_003_35": null, "P11_004_01": "3", "P11_004_02": null, "P11_004_03": null, "P11_004_04": null, "P11_004_05": null, "P11_004_06": null, "P11_004_07": null, "P11_004_08": null, "P11_004_09": null, "P11_004_10": null, "P11_004_11": null, "P11_004_12": null, "P11_004_13": null, "P11_004_14": null, "P11_004_15": null, "P11_004_16": null, "P11_004_17": null, "P11_004_18": null, "P11_004_19": null, "P11_004_20": null, "P11_004_21": null, "P11_004_22": null, "P11_004_23": null, "P11_004_24": null, "P11_004_25": null, "P11_004_26": null, "P11_004_27": null, "P11_004_28": null, "P11_004_29": null, "P11_004_30": null, "P11_004_31": null, "P11_004_32": null, "P11_004_33": null, "P11_004_34": null, "P11_004_35": null, "P11_005": null, "name": "溝添社宅", "operator": "君津市", "route": "小糸川循環線", "layer": "bus_stops" }, "geometry": { "type": "Point", "coordinates": [ 139.9240965, 35.3061683 ] } },
{ "type": "Feature", "properties": { "P11_001": "鈴木病院前", "P11_002": "君津市", "P11_003_01": "中島・豊英線", "P11_003_02": null, "P11_003_03": null, "P11_003_04": null, "P11_003_05": null, "P11_003_06": null, "P11_003_07": null, "P11_003_08": null, "P11_003_09": null, "P11_003_10": null, "P11_003_11": null, "P11_003_12": null, "P11_003_13": null, "P11_003_14": null, "P11_003_15": null, "P11_003_16": null, "P11_003_17": null, "P11_003_18": null, "P11_003_19": null, "P11_003_20": null, "P11_003_21": null, "P11_003_22": null, "P11_003_23": null, "P11_003_24": null, "P11_003_25": null, "P11_003_26": null, "P11_003_27": null, "P11_003_28": null, "P11_003_29": null, "P11_003_30": null, "P11_003_31": null, "P11_003_32": null, "P11_003_33": null, "P11_003_34": null, "P11_003_35": null, "P11_004_01": "3", "P11_004_02": null, "P11_004_03": null, "P11_004_04": null, "P11_004_05": null, "P11_004_06": null, "P11_004_07": null, "P11_004_08": null, "P11_004_09": null, "P11_004_10": null, "P11_004_11": null, "P11_004_12": null, "P11_004_13": null, "P11_004_14": null, "P11_004_15": null, "P11_004_16": null, "P11_004_17": null, "P11_004_18": null, "P11_004_19": null, "P11_004_20": null, "P11_004_21": null, "P11_004_22": null, "P11_004_23": null, "P11_004_24": null, "P11_004_25": null, "P11_004_26": null, "P11_004_27": null, "P11_004_28": null, "P11_004_29": null, "P11_004_30": null, "P11_004_31": null, "P11_004_32": null, "P11_004_33": null, "P11_004_34": null, "P11_004_35": null, "P11_005": null, "name": "鈴木病院前", "operator": "君津市", "route": "中島・豊英線", "layer": "bus_stops" }, "geometry": { "type": "Point", "coordinates": [ 139.9554017, 35.305973 ] } },
{ "type": "Feature", "properties": { "P11_001": "鈴木病院前", "P11_002": "日東交通（株）", "P11_003_01": "三島線,周西線", "P11_003_02": null, "P11_003_03": null, "P11_003_04": null, "P11_003_05": null, "P11_003_06": null, "P11_003_07": null, "P11_003_08": null, "P11_003_09": null, "P11_003_10": null, "P11_003_11": null, "P11_003_12": null, "P11_003_13": null, "P11_003_14": null, "P11_003_15": null, "P11_003_16": null, "P11_003_17": null, "P11_003_18": null, "P11_003_19": null, "P11_003_20": null, "P11_003_21": null, "P11_003_22": null, "P11_003_23": null, "P11_003_24": null, "P11_003_25": null, "P11_003_26": null, "P11_003_27": null, "P11_003_28": null, "P11_003_29": null, "P11_003_30": null, "P11_003_31": null, "P11_003_32": null, "P11_003_33": null, "P11_003_34": null, "P11_003_35": null, "P11_004_01": "1,1", "P11_004_02": null, "P11_004_03": null, "P11_004_04": null, "P11_004_05": null, "P11_004_06": null, "P11_004_07": null, "P11_004_08": null, "P11_004_09": null, "P11_004_10": null, "P11_004_11": null, "P11_004_12": null, "P11_004_13": null, "P11_004_14": null, "P11_004_15": null, "P11_004_16": null, "P11_004_17": null, "P11_004_18": null, "P11_004_19": null, "P11_004_20": null, "P11_004_21": null, "P11_004_22": null, "P11_004_23": null, "P11_004_24": null, "P11_004_25": null, "P11_004_26": null, "P11_004_27": null, "P11_004_28": null, "P11_004_29": null, "P11_004_30": null, "P11_004_31": null, "P11_004_32": null, "P11_004_33": null, "P11_004_34": null, "P11_004_35": null, "P11_005": null, "name": "鈴木病院前", "operator": "日東交通（株）", "route": "三島線,周西線", "layer": "bus_stops" }, "geometry": { "type": "Point", "coordinates": [ 139.9554017, 35.305973 ] } },
{ "type": "Feature", "properties": { "P11_001": "郡入口", "P11_002": "君津市", "P11_003_01": "小糸川循環線", "P11_003_02": null, "P11_003_03": null, "P11_003_04": null, "P11_003_05": null, "P11_003_06": null, "P11_003_07": null, "P11_003_08": null, "P11_003_09": null, "P11_003_10": null, "P11_003_11": null, "P11_003_12": null, "P11_003_13": null, "P11_003_14": null, "P11_003_15": null, "P11_003_16": null, "P11_003_17": null, "P11_003_18": null, "P11_003_19": null, "P11_003_20": null, "P11_003_21": null, "P11_003_22": null, "P11_003_23": null, "P11_003_24": null, "P11_003_25": null, "P11_003_26": null, "P11_003_27": null, "P11_003_28": null, "P11_003_29": null, "P11_003_30": null, "P11_003_31": null, "P11_003_32": null, "P11_003_33": null, "P11_003_34": null, "P11_003_35": null, "P11_004_01": "3", "P11_004_02": null, "P11_004_03": null, "P11_004_04": null, "P11_004_05": null, "P11_004_06": null, "P11_004_07": null, "P11_004_08": null, "P11_004_09": null, "P11_004_10": null, "P11_004_11": null, "P11_004_12": null, "P11_004_13": null, "P11_004_14": null, "P11_004_15": null, "P11_004_16": null, "P11_004_17": null, "P11_004_18": null, "P11_004_19": null, "P11_004_20": null, "P11_004_21": null, "P11_004_22": null, "P11_004_23": null, "P11_004_24": null, "P11_004_25": null, "P11_004_26": null, "P11_004_27": null, "P11_004_28": null, "P11_004_29": null, "P11_004_30": null, "P11_004_31": null, "P11_004_32": null, "P11_004_33": null, "P11_004_34": null, "P11_004_35": null, "P11_005": null, "name": "郡入口", "operator": "君津市", "route": "小糸川循環線", "layer": "bus_stops" }, "geometry": { "type": "Point", "coordinates": [ 139.9168871, 35.3058823 ] } },
{ "type": "Feature", "properties": { "P11_001": "小糸中農協", "P11_002": "君津市", "P11_003_01": "中島・豊英線", "P11_003_02": null, "P11_003_03": null, "P11_003_04": null, "P11_003_05": null, "P11_003_06": null, "P11_003_07": null, "P11_003_08": null, "P11_003_09": null, "P11_003_10": null, "P11_003_11": null, "P11_003_12": null, "P11_003_13": null, "P11_003_14": null, "P11_003_15": null, "P11_003_16": null, "P11_003_17": null, "P11_003_18": null, "P11_003_19": null, "P11_003_20": null, "P11_003_21": null, "P11_003_22": null, "P11_003_23": null, "P11_003_24": null, "P11_003_25": null, "P11_003_26": null, "P11_003_27": null, "P11_003_28": null, "P11_003_29": null, "P11_003_30": null, "P11_003_31": null, "P11_003_32": null, "P11_003_33": null, "P11_003_34": null, "P11_003_35": null, "P11_004_01": "3", "P11_004_02": null, "P11_004_03": null, "P11_004_04": null, "P11_004_05": null, "P11_004_06": null, "P11_004_07": null, "P11_004_08": null, "P11_004_09": null, "P11_004_10": null, "P11_004_11": null, "P11_004_12": null, "P11_004_13": null, "P11_004_14": null, "P11_004_15": null, "P11_004_16": null, "P11_004_17": null, "P11_004_18": null, "P11_004_19": null, "P11_004_20": null, "P11_004_21": null, "P11_004_22": null, "P11_004_23": null, "P11_004_24": null, "P11_004_25": null, "P11_004_26": null, "P11_004_27": null, "P11_004_28": null, "P11_004_29": null, "P11_004_30": null, "P11_004_31": null, "P11_004_32": null, "P11_004_33": null, "P11_004_34": null, "P11_004_35": null, "P11_005": null, "name": "小糸中農協", "operator": "君津市", "route": "中島・豊英線", "layer": "bus_stops" }, "geometry": { "type": "Point", "coordinates": [ 139.957269, 35.3056228 ] } },
{ "type": "Feature", "properties": { "P11_001": "小糸中農協前", "P11_002": "日東交通（株）", "P11_003_01": "三島線,周西線", "P11_003_02": null, "P11_003_03": null, "P11_003_04": null, "P11_003_05": null, "P11_003_06": null, "P11_003_07": null, "P11_003_08": null, "P11_003_09": null, "P11_003_10": null, "P11_003_11": null, "P11_003_12": null, "P11_003_13": null, "P11_003_14": null, "P11_003_15": null, "P11_003_16": null, "P11_003_17": null, "P11_003_18": null, "P11_003_19": null, "P11_003_20": null, "P11_003_21": null, "P11_003_22": null, "P11_003_23": null, "P11_003_24": null, "P11_003_25": null, "P11_003_26": null, "P11_003_27": null, "P11_003_28": null, "P11_003_29": null, "P11_003_30": null, "P11_003_31": null, "P11_003_32": null, "P11_003_33": null, "P11_003_34": null, "P11_003_35": null, "P11_004_01": "1,1", "P11_004_02": null, "P11_004_03": null, "P11_004_04": null, "P11_004_05": null, "P11_004_06": null, "P11_004_07": null, "P11_004_08": null, "P11_004_09": null, "P11_004_10": null, "P11_004_11": null, "P11_004_12": null, "P11_004_13": null, "P11_004_14": null, "P11_004_15": null, "P11_004_16": null, "P11_004_17": null, "P11_004_18": null, "P11_004_19": null, "P11_004_20": null, "P11_004_21": null, "P11_004_22": null, "P11_004_23": null, "P11_004_24": null, "P11_004_25": null, "P11_004_26": null, "P11_004_27": null, "P11_004_28": null, "P11_004_29": null, "P11_004_30": null, "P11_004_31": null, "P11_004_32": null, "P11_004_33": null, "P11_004_34": null, "P11_004_35": null, "P11_005": null, "name": "小糸中農協前", "operator": "日東交通（株）", "route": "三島線,周西線", "layer": "bus_stops" }, "geometry": { "type": "Point", "coordinates": [ 139.957269, 35.3056228 ] } },
{ "type": "Feature", "properties": { "P11_001": "中島", "P11_002": "君津市", "P11_003_01": "中島・豊英線", "P11_003_02": null, "P11_003_03": null, "P11_003_04": null, "P11_003_05": null, "P11_003_06": null, "P11_003_07": null, "P11_003_08": null, "P11_003_09": null, "P11_003_10": null, "P11_003_11": null, "P11_003_12": null, "P11_003_13": null, "P11_003_14": null, "P11_003_15": null, "P11_003_16": null, "P11_003_17": null, "P11_003_18": null, "P11_003_19": null, "P11_003_20": null, "P11_003_21": null, "P11_003_22": null, "P11_003_23": null, "P11_003_24": null, "P11_003_25": null, "P11_003_26": null, "P11_003_27": null, "P11_003_28": null, "P11_003_29": null, "P11_003_30": null, "P11_003_31": null, "P11_003_32": null, "P11_003_33": null, "P11_003_34": null, "P11_003_35": null, "P11_004_01": "3", "P11_004_02": null, "P11_004_03": null, "P11_004_04": null, "P11_004_05": null, "P11_004_06": null, "P11_004_07": null, "P11_004_08": null, "P11_004_09": null, "P11_004_10": null, "P11_004_11": null, "P11_004_12": null, "P11_004_13": null, "P11_004_14": null, "P11_004_15": null, "P11_004_16": null, "P11_004_17": null, "P11_004_18": null, "P11_004_19": null, "P11_004_20": null, "P11_004_21": null, "P11_004_22": null, "P11_004_23": null, "P11_004_24": null, "P11_004_25": null, "P11_004_26": null, "P11_004_27": null, "P11_004_28": null, "P11_004_29": null, "P11_004_30": null, "P11_004_31": null, "P11_004_32": null, "P11_004_33": null, "P11_004_34": null, "P11_004_35": null, "P11_005": null, "name": "中島", "operator": "君津市", "route": "中島・豊英線", "layer": "bus_stops" }, "geometry": { "type": "Point", "coordinates": [ 139.9614287, 35.3052167 ] } },
{ "type": "Feature", "properties": { "P11_001": "中島", "P11_002": "日東交通（株）", "P11_003_01": "三島線,周西線", "P11_003_02": null, "P11_003_03": null, "P11_003_04": null, "P11_003_05": null, "P11_003_06": null, "P11_003_07": null, "P11_003_08": null, "P11_003_09": null, "P11_003_10": null, "P11_003_11": null, "P11_003_12": null, "P11_003_13": null, "P11_003_14": null, "P11_003_15": null, "P11_003_16": null, "P11_003_17": null, "P11_003_18": null, "P11_003_19": null, "P11_003_20": null, "P11_003_21": null, "P11_003_22": null, "P11_003_23": null, "P11_003_24": null, "P11_003_25": null, "P11_003_26": null, "P11_003_27": null, "P11_003_28": null, "P11_003_29": null, "P11_003_30": null, "P11_003_31": null, "P11_003_32": null, "P11_003_33": null, "P11_003_34": null, "P11_003_35": null, "P11_004_01": "1,1", "P11_004_02": null, "P11_004_03": null, "P11_004_04": null, "P11_004_05": null, "P11_004_06": null, "P11_004_07": null, "P11_004_08": null, "P11_004_09": null, "P11_004_10": null, "P11_004_11": null, "P11_004_12": null, "P11_004_13": null, "P11_004_14": null, "P11_004_15": null, "P11_004_16": null, "P11_004_17": null, "P11_004_18": null, "P11_004_19": null, "P11_004_20": null, "P11_004_21": null, "P11_004_22": null, "P11_004_23": null, "P11_004_24": null, "P11_004_25": null, "P11_004_26": null, "P11_004_27": null, "P11_004_28": null, "P11_004_29": null, "P11_004_30": null, "P11_004_31": null, "P11_004_32": null, "P11_004_33": null, "P11_004_34": null, "P11_004_35": null, "P11_005": null, "name": "中島", "operator": "日東交通（株）", "route": "三島線,周西線", "layer": "bus_stops" }, "geometry": { "type": "Point", "coordinates": [ 139.9614287, 35.3052167 ] } },
{ "type": "Feature", "properties": { "P11_001": "六手公民館前", "P11_002": "君津市", "P11_003_01": "小糸川循環線", "P11_003_02": null, "P11_003_03": null, "P11_003_04": null, "P11_003_05": null, "P11_003_06": null, "P11_003_07": null, "P11_003_08": null, "P11_003_09": null, "P11_003_10": null, "P11_003_11": null, "P11_003_12": null, "P11_003_13": null, "P11_003_14": null, "P11_003_15": null, "P11_003_16": null, "P11_003_17": null, "P11_003_18": null, "P11_003_19": null, "P11_003_20": null, "P11_003_21": null, "P11_003_22": null, "P11_003_23": null, "P11_003_24": null, "P11_003_25": null, "P11_003_26": null, "P11_003_27": null, "P11_003_28": null, "P11_003_29": null, "P11_003_30": null, "P11_003_31": null, "P11_003_32": null, "P11_003_33": null, "P11_003_34": null, "P11_003_35": null, "P11_004_01": "3", "P11_004_02": null, "P11_004_03": null, "P11_004_04": null, "P11_004_05": null, "P11_004_06": null, "P11_004_07": null, "P11_004_08": null, "P11_004_09": null, "P11_004_10": null, "P11_004_11": null, "P11_004_12": null, "P11_004_13": null, "P11_004_14": null, "P11_004_15": null, "P11_004_16": null, "P11_004_17": null, "P11_004_18": null, "P11_004_19": null, "P11_004_20": null, "P11_004_21": null, "P11_004_22": null, "P11_004_23": null, "P11_004_24": null, "P11_004_25": null, "P11_004_26": null, "P11_004_27": null, "P11_004_28": null, "P11_004_29": null, "P11_004_30": null, "P11_004_31": null, "P11_004_32": null, "P11_004_33": null, "P11_004_34": null, "P11_004_35": null, "P11_005": null, "name": "六手公民館前", "operator": "君津市", "route": "小糸川循環線", "layer": "bus_stops" }, "geometry": { "type": "Point", "coordinates": [ 139.9396453, 35.3049663 ] } },
{ "type": "Feature", "properties": { "P11_001": "常代五丁目", "P11_002": "君津市", "P11_003_01": "小糸川循環線", "P11_003_02": null, "P11_003_03": null, "P11_003_04": null, "P11_003_05": null, "P11_003_06": null, "P11_003_07": null, "P11_003_08": null, "P11_003_09": null, "P11_003_10": null, "P11_003_11": null, "P11_003_12": null, "P11_003_13": null, "P11_003_14": null, "P11_003_15": null, "P11_003_16": null, "P11_003_17": null, "P11_003_18": null, "P11_003_19": null, "P11_003_20": null, "P11_003_21": null, "P11_003_22": null, "P11_003_23": null, "P11_003_24": null, "P11_003_25": null, "P11_003_26": null, "P11_003_27": null, "P11_003_28": null, "P11_003_29": null, "P11_003_30": null, "P11_003_31": null, "P11_003_32": null, "P11_003_33": null, "P11_003_34": null, "P11_003_35": null, "P11_004_01": "3", "P11_004_02": null, "P11_004_03": null, "P11_004_04": null, "P11_004_05": null, "P11_004_06": null, "P11_004_07": null, "P11_004_08": null, "P11_004_09": null, "P11_004_10": null, "P11_004_11": null, "P11_004_12": null, "P11_004_13": null, "P11_004_14": null, "P11_004_15": null, "P11_004_16": null, "P11_004_17": null, "P11_004_18": null, "P11_004_19": null, "P11_004_20": null, "P11_004_21": null, "P11_004_22": null, "P11_004_23": null, "P11_004_24": null, "P11_004_25": null, "P11_004_26": null, "P11_004_27": null, "P11_004_28": null, "P11_004_29": null, "P11_004_30": null, "P11_004_31": null, "P11_004_32": null, "P11_004_33": null, "P11_004_34": null, "P11_004_35": null, "P11_005": null, "name": "常代五丁目", "operator": "君津市", "route": "小糸川循環線", "layer": "bus_stops" }, "geometry": { "type": "Point", "coordinates": [ 139.9263539, 35.3048202 ] } },
{ "type": "Feature", "properties": { "P11_001": "堀の内", "P11_002": "君津市", "P11_003_01": "中島・豊英線", "P11_003_02": null, "P11_003_03": null, "P11_003_04": null, "P11_003_05": null, "P11_003_06": null, "P11_003_07": null, "P11_003_08": null, "P11_003_09": null, "P11_003_10": null, "P11_003_11": null, "P11_003_12": null, "P11_003_13": null, "P11_003_14": null, "P11_003_15": null, "P11_003_16": null, "P11_003_17": null, "P11_003_18": null, "P11_003_19": null, "P11_003_20": null, "P11_003_21": null, "P11_003_22": null, "P11_003_23": null, "P11_003_24": null, "P11_003_25": null, "P11_003_26": null, "P11_003_27": null, "P11_003_28": null, "P11_003_29": null, "P11_003_30": null, "P11_003_31": null, "P11_003_32": null, "P11_003_33": null, "P11_003_34": null, "P11_003_35": null, "P11_004_01": "3", "P11_004_02": null, "P11_004_03": null, "P11_004_04": null, "P11_004_05": null, "P11_004_06": null, "P11_004_07": null, "P11_004_08": null, "P11_004_09": null, "P11_004_10": null, "P11_004_11": null, "P11_004_12": null, "P11_004_13": null, "P11_004_14": null, "P11_004_15": null, "P11_004_16": null, "P11_004_17": null, "P11_004_18": null, "P11_004_19": null, "P11_004_20": null, "P11_004_21": null, "P11_004_22": null, "P11_004_23": null, "P11_004_24": null, "P11_004_25": null, "P11_004_26": null, "P11_004_27": null, "P11_004_28": null, "P11_004_29": null, "P11_004_30": null, "P11_004_31": null, "P11_004_32": null, "P11_004_33": null, "P11_004_34": null, "P11_004_35": null, "P11_005": null, "name": "堀の内", "operator": "君津市", "route": "中島・豊英線", "layer": "bus_stops" }, "geometry": { "type": "Point", "coordinates": [ 139.9662237, 35.3046051 ] } },
{ "type": "Feature", "properties": { "P11_001": "泉南", "P11_002": "君津市", "P11_003_01": "小糸川循環線", "P11_003_02": null, "P11_003_03": null, "P11_003_04": null, "P11_003_05": null, "P11_003_06": null, "P11_003_07": null, "P11_003_08": null, "P11_003_09": null, "P11_003_10": null, "P11_003_11": null, "P11_003_12": null, "P11_003_13": null, "P11_003_14": null, "P11_003_15": null, "P11_003_16": null, "P11_003_17": null, "P11_003_18": null, "P11_003_19": null, "P11_003_20": null, "P11_003_21": null, "P11_003_22": null, "P11_003_23": null, "P11_003_24": null, "P11_003_25": null, "P11_003_26": null, "P11_003_27": null, "P11_003_28": null, "P11_003_29": null, "P11_003_30": null, "P11_003_31": null, "P11_003_32": null, "P11_003_33": null, "P11_003_34": null, "P11_003_35": null, "P11_004_01": "3", "P11_004_02": null, "P11_004_03": null, "P11_004_04": null, "P11_004_05": null, "P11_004_06": null, "P11_004_07": null, "P11_004_08": null, "P11_004_09": null, "P11_004_10": null, "P11_004_11": null, "P11_004_12": null, "P11_004_13": null, "P11_004_14": null, "P11_004_15": null, "P11_004_16": null, "P11_004_17": null, "P11_004_18": null, "P11_004_19": null, "P11_004_20": null, "P11_004_21": null, "P11_004_22": null, "P11_004_23": null, "P11_004_24": null, "P11_004_25": null, "P11_004_26": null, "P11_004_27": null, "P11_004_28": null, "P11_004_29": null, "P11_004_30": null, "P11_004_31": null, "P11_004_32": null, "P11_004_33": null, "P11_004_34": null, "P11_004_35": null, "P11_005": null, "name": "泉南", "operator": "君津市", "route": "小糸川循環線", "layer": "bus_stops" }, "geometry": { "type": "Point", "coordinates": [ 139.9463826, 35.3042537 ] } },
{ "type": "Feature", "properties": { "P11_001": "宮下公園前", "P11_002": "君津市", "P11_003_01": "小糸川循環線", "P11_003_02": null, "P11_003_03": null, "P11_003_04": null, "P11_003_05": null, "P11_003_06": null, "P11_003_07": null, "P11_003_08": null, "P11_003_09": null, "P11_003_10": null, "P11_003_11": null, "P11_003_12": null, "P11_003_13": null, "P11_003_14": null, "P11_003_15": null, "P11_003_16": null, "P11_003_17": null, "P11_003_18": null, "P11_003_19": null, "P11_003_20": null, "P11_003_21": null, "P11_003_22": null, "P11_003_23": null, "P11_003_24": null, "P11_003_25": null, "P11_003_26": null, "P11_003_27": null, "P11_003_28": null, "P11_003_29": null, "P11_003_30": null, "P11_003_31": null, "P11_003_32": null, "P11_003_33": null, "P11_003_34": null, "P11_003_35": null, "P11_004_01": "3", "P11_004_02": null, "P11_004_03": null, "P11_004_04": null, "P11_004_05": null, "P11_004_06": null, "P11_004_07": null, "P11_004_08": null, "P11_004_09": null, "P11_004_10": null, "P11_004_11": null, "P11_004_12": null, "P11_004_13": null, "P11_004_14": null, "P11_004_15": null, "P11_004_16": null, "P11_004_17": null, "P11_004_18": null, "P11_004_19": null, "P11_004_20": null, "P11_004_21": null, "P11_004_22": null, "P11_004_23": null, "P11_004_24": null, "P11_004_25": null, "P11_004_26": null, "P11_004_27": null, "P11_004_28": null, "P11_004_29": null, "P11_004_30": null, "P11_004_31": null, "P11_004_32": null, "P11_004_33": null, "P11_004_34": null, "P11_004_35": null, "P11_005": null, "name": "宮下公園前", "operator": "君津市", "route": "小糸川循環線", "layer": "bus_stops" }, "geometry": { "type": "Point", "coordinates": [ 139.9313399, 35.303947 ] } },
{ "type": "Feature", "properties": { "P11_001": "小糸行政センター", "P11_002": "君津市", "P11_003_01": "中島・豊英線", "P11_003_02": null, "P11_003_03": null, "P11_003_04": null, "P11_003_05": null, "P11_003_06": null, "P11_003_07": null, "P11_003_08": null, "P11_003_09": null, "P11_003_10": null, "P11_003_11": null, "P11_003_12": null, "P11_003_13": null, "P11_003_14": null, "P11_003_15": null, "P11_003_16": null, "P11_003_17": null, "P11_003_18": null, "P11_003_19": null, "P11_003_20": null, "P11_003_21": null, "P11_003_22": null, "P11_003_23": null, "P11_003_24": null, "P11_003_25": null, "P11_003_26": null, "P11_003_27": null, "P11_003_28": null, "P11_003_29": null, "P11_003_30": null, "P11_003_31": null, "P11_003_32": null, "P11_003_33": null, "P11_003_34": null, "P11_003_35": null, "P11_004_01": "3", "P11_004_02": null, "P11_004_03": null, "P11_004_04": null, "P11_004_05": null, "P11_004_06": null, "P11_004_07": null, "P11_004_08": null, "P11_004_09": null, "P11_004_10": null, "P11_004_11": null, "P11_004_12": null, "P11_004_13": null, "P11_004_14": null, "P11_004_15": null, "P11_004_16": null, "P11_004_17": null, "P11_004_18": null, "P11_004_19": null, "P11_004_20": null, "P11_004_21": null, "P11_004_22": null, "P11_004_23": null, "P11_004_24": null, "P11_004_25": null, "P11_004_26": null, "P11_004_27": null, "P11_004_28": null, "P11_004_29": null, "P11_004_30": null, "P11_004_31": null, "P11_004_32": null, "P11_004_33": null, "P11_004_34": null, "P11_004_35": null, "P11_005": null, "name": "小糸行政センター", "operator": "君津市", "route": "中島・豊英線", "layer": "bus_stops" }, "geometry": { "type": "Point", "coordinates": [ 139.9695182, 35.3036883 ] } },
{ "type": "Feature", "properties": { "P11_001": "泉", "P11_002": "君津市", "P11_003_01": "小糸川循環線", "P11_003_02": null, "P11_003_03": null, "P11_003_04": null, "P11_003_05": null, "P11_003_06": null, "P11_003_07": null, "P11_003_08": null, "P11_003_09": null, "P11_003_10": null, "P11_003_11": null, "P11_003_12": null, "P11_003_13": null, "P11_003_14": null, "P11_003_15": null, "P11_003_16": null, "P11_003_17": null, "P11_003_18": null, "P11_003_19": null, "P11_003_20": null, "P11_003_21": null, "P11_003_22": null, "P11_003_23": null, "P11_003_24": null, "P11_003_25": null, "P11_003_26": null, "P11_003_27": null, "P11_003_28": null, "P11_003_29": null, "P11_003_30": null, "P11_003_31": null, "P11_003_32": null, "P11_003_33": null, "P11_003_34": null, "P11_003_35": null, "P11_004_01": "3", "P11_004_02": null, "P11_004_03": null, "P11_004_04": null, "P11_004_05": null, "P11_004_06": null, "P11_004_07": null, "P11_004_08": null, "P11_004_09": null, "P11_004_10": null, "P11_004_11": null, "P11_004_12": null, "P11_004_13": null, "P11_004_14": null, "P11_004_15": null, "P11_004_16": null, "P11_004_17": null, "P11_004_18": null, "P11_004_19": null, "P11_004_20": null, "P11_004_21": null, "P11_004_22": null, "P11_004_23": null, "P11_004_24": null, "P11_004_25": null, "P11_004_26": null, "P11_004_27": null, "P11_004_28": null, "P11_004_29": null, "P11_004_30": null, "P11_004_31": null, "P11_004_32": null, "P11_004_33": null, "P11_004_34": null, "P11_004_35": null, "P11_005": null, "name": "泉", "operator": "君津市", "route": "小糸川循環線", "layer": "bus_stops" }, "geometry": { "type": "Point", "coordinates": [ 139.9530766, 35.3036702 ] } },
{ "type": "Feature", "properties": { "P11_001": "宮下", "P11_002": "君津市", "P11_003_01": "小糸川循環線", "P11_003_02": null, "P11_003_03": null, "P11_003_04": null, "P11_003_05": null, "P11_003_06": null, "P11_003_07": null, "P11_003_08": null, "P11_003_09": null, "P11_003_10": null, "P11_003_11": null, "P11_003_12": null, "P11_003_13": null, "P11_003_14": null, "P11_003_15": null, "P11_003_16": null, "P11_003_17": null, "P11_003_18": null, "P11_003_19": null, "P11_003_20": null, "P11_003_21": null, "P11_003_22": null, "P11_003_23": null, "P11_003_24": null, "P11_003_25": null, "P11_003_26": null, "P11_003_27": null, "P11_003_28": null, "P11_003_29": null, "P11_003_30": null, "P11_003_31": null, "P11_003_32": null, "P11_003_33": null, "P11_003_34": null, "P11_003_35": null, "P11_004_01": "3", "P11_004_02": null, "P11_004_03": null, "P11_004_04": null, "P11_004_05": null, "P11_004_06": null, "P11_004_07": null, "P11_004_08": null, "P11_004_09": null, "P11_004_10": null, "P11_004_11": null, "P11_004_12": null, "P11_004_13": null, "P11_004_14": null, "P11_004_15": null, "P11_004_16": null, "P11_004_17": null, "P11_004_18": null, "P11_004_19": null, "P11_004_20": null, "P11_004_21": null, "P11_004_22": null, "P11_004_23": null, "P11_004_24": null, "P11_004_25": null, "P11_004_26": null, "P11_004_27": null, "P11_004_28": null, "P11_004_29": null, "P11_004_30": null, "P11_004_31": null, "P11_004_32": null, "P11_004_33": null, "P11_004_34": null, "P11_004_35": null, "P11_005": null, "name": "宮下", "operator": "君津市", "route": "小糸川循環線", "layer": "bus_stops" }, "geometry": { "type": "Point", "coordinates": [ 139.9282877, 35.3032785 ] } },
{ "type": "Feature", "properties": { "P11_001": "小糸郵便局前", "P11_002": "君津市", "P11_003_01": "小糸川循環線", "P11_003_02": null, "P11_003_03": null, "P11_003_04": null, "P11_003_05": null, "P11_003_06": null, "P11_003_07": null, "P11_003_08": null, "P11_003_09": null, "P11_003_10": null, "P11_003_11": null, "P11_003_12": null, "P11_003_13": null, "P11_003_14": null, "P11_003_15": null, "P11_003_16": null, "P11_003_17": null, "P11_003_18": null, "P11_003_19": null, "P11_003_20": null, "P11_003_21": null, "P11_003_22": null, "P11_003_23": null, "P11_003_24": null, "P11_003_25": null, "P11_003_26": null, "P11_003_27": null, "P11_003_28": null, "P11_003_29": null, "P11_003_30": null, "P11_003_31": null, "P11_003_32": null, "P11_003_33": null, "P11_003_34": null, "P11_003_35": null, "P11_004_01": "3", "P11_004_02": null, "P11_004_03": null, "P11_004_04": null, "P11_004_05": null, "P11_004_06": null, "P11_004_07": null, "P11_004_08": null, "P11_004_09": null, "P11_004_10": null, "P11_004_11": null, "P11_004_12": null, "P11_004_13": null, "P11_004_14": null, "P11_004_15": null, "P11_004_16": null, "P11_004_17": null, "P11_004_18": null, "P11_004_19": null, "P11_004_20": null, "P11_004_21": null, "P11_004_22": null, "P11_004_23": null, "P11_004_24": null, "P11_004_25": null, "P11_004_26": null, "P11_004_27": null, "P11_004_28": null, "P11_004_29": null, "P11_004_30": null, "P11_004_31": null, "P11_004_32": null, "P11_004_33": null, "P11_004_34": null, "P11_004_35": null, "P11_005": null, "name": "小糸郵便局前", "operator": "君津市", "route": "小糸川循環線", "layer": "bus_stops" }, "geometry": { "type": "Point", "coordinates": [ 139.9577577, 35.3032439 ] } },
{ "type": "Feature", "properties": { "P11_001": "上根本自治会館", "P11_002": "日東交通（株）", "P11_003_01": "木更津鴨川線", "P11_003_02": null, "P11_003_03": null, "P11_003_04": null, "P11_003_05": null, "P11_003_06": null, "P11_003_07": null, "P11_003_08": null, "P11_003_09": null, "P11_003_10": null, "P11_003_11": null, "P11_003_12": null, "P11_003_13": null, "P11_003_14": null, "P11_003_15": null, "P11_003_16": null, "P11_003_17": null, "P11_003_18": null, "P11_003_19": null, "P11_003_20": null, "P11_003_21": null, "P11_003_22": null, "P11_003_23": null, "P11_003_24": null, "P11_003_25": null, "P11_003_26": null, "P11_003_27": null, "P11_003_28": null, "P11_003_29": null, "P11_003_30": null, "P11_003_31": null, "P11_003_32": null, "P11_003_33": null, "P11_003_34": null, "P11_003_35": null, "P11_004_01": "1", "P11_004_02": null, "P11_004_03": null, "P11_004_04": null, "P11_004_05": null, "P11_004_06": null, "P11_004_07": null, "P11_004_08": null, "P11_004_09": null, "P11_004_10": null, "P11_004_11": null, "P11_004_12": null, "P11_004_13": null, "P11_004_14": null, "P11_004_15": null, "P11_004_16": null, "P11_004_17": null, "P11_004_18": null, "P11_004_19": null, "P11_004_20": null, "P11_004_21": null, "P11_004_22": null, "P11_004_23": null, "P11_004_24": null, "P11_004_25": null, "P11_004_26": null, "P11_004_27": null, "P11_004_28": null, "P11_004_29": null, "P11_004_30": null, "P11_004_31": null, "P11_004_32": null, "P11_004_33": null, "P11_004_34": null, "P11_004_35": null, "P11_005": null, "name": "上根本自治会館", "operator": "日東交通（株）", "route": "木更津鴨川線", "layer": "bus_stops" }, "geometry": { "type": "Point", "coordinates": [ 139.9933864, 35.3026409 ] } },
{ "type": "Feature", "properties": { "P11_001": "糠田", "P11_002": "君津市", "P11_003_01": "中島・豊英線", "P11_003_02": null, "P11_003_03": null, "P11_003_04": null, "P11_003_05": null, "P11_003_06": null, "P11_003_07": null, "P11_003_08": null, "P11_003_09": null, "P11_003_10": null, "P11_003_11": null, "P11_003_12": null, "P11_003_13": null, "P11_003_14": null, "P11_003_15": null, "P11_003_16": null, "P11_003_17": null, "P11_003_18": null, "P11_003_19": null, "P11_003_20": null, "P11_003_21": null, "P11_003_22": null, "P11_003_23": null, "P11_003_24": null, "P11_003_25": null, "P11_003_26": null, "P11_003_27": null, "P11_003_28": null, "P11_003_29": null, "P11_003_30": null, "P11_003_31": null, "P11_003_32": null, "P11_003_33": null, "P11_003_34": null, "P11_003_35": null, "P11_004_01": "3", "P11_004_02": null, "P11_004_03": null, "P11_004_04": null, "P11_004_05": null, "P11_004_06": null, "P11_004_07": null, "P11_004_08": null, "P11_004_09": null, "P11_004_10": null, "P11_004_11": null, "P11_004_12": null, "P11_004_13": null, "P11_004_14": null, "P11_004_15": null, "P11_004_16": null, "P11_004_17": null, "P11_004_18": null, "P11_004_19": null, "P11_004_20": null, "P11_004_21": null, "P11_004_22": null, "P11_004_23": null, "P11_004_24": null, "P11_004_25": null, "P11_004_26": null, "P11_004_27": null, "P11_004_28": null, "P11_004_29": null, "P11_004_30": null, "P11_004_31": null, "P11_004_32": null, "P11_004_33": null, "P11_004_34": null, "P11_004_35": null, "P11_005": null, "name": "糠田", "operator": "君津市", "route": "中島・豊英線", "layer": "bus_stops" }, "geometry": { "type": "Point", "coordinates": [ 139.9732904, 35.3019388 ] } },
{ "type": "Feature", "properties": { "P11_001": "周南中前", "P11_002": "君津市", "P11_003_01": "小糸川循環線", "P11_003_02": null, "P11_003_03": null, "P11_003_04": null, "P11_003_05": null, "P11_003_06": null, "P11_003_07": null, "P11_003_08": null, "P11_003_09": null, "P11_003_10": null, "P11_003_11": null, "P11_003_12": null, "P11_003_13": null, "P11_003_14": null, "P11_003_15": null, "P11_003_16": null, "P11_003_17": null, "P11_003_18": null, "P11_003_19": null, "P11_003_20": null, "P11_003_21": null, "P11_003_22": null, "P11_003_23": null, "P11_003_24": null, "P11_003_25": null, "P11_003_26": null, "P11_003_27": null, "P11_003_28": null, "P11_003_29": null, "P11_003_30": null, "P11_003_31": null, "P11_003_32": null, "P11_003_33": null, "P11_003_34": null, "P11_003_35": null, "P11_004_01": "3", "P11_004_02": null, "P11_004_03": null, "P11_004_04": null, "P11_004_05": null, "P11_004_06": null, "P11_004_07": null, "P11_004_08": null, "P11_004_09": null, "P11_004_10": null, "P11_004_11": null, "P11_004_12": null, "P11_004_13": null, "P11_004_14": null, "P11_004_15": null, "P11_004_16": null, "P11_004_17": null, "P11_004_18": null, "P11_004_19": null, "P11_004_20": null, "P11_004_21": null, "P11_004_22": null, "P11_004_23": null, "P11_004_24": null, "P11_004_25": null, "P11_004_26": null, "P11_004_27": null, "P11_004_28": null, "P11_004_29": null, "P11_004_30": null, "P11_004_31": null, "P11_004_32": null, "P11_004_33": null, "P11_004_34": null, "P11_004_35": null, "P11_005": null, "name": "周南中前", "operator": "君津市", "route": "小糸川循環線", "layer": "bus_stops" }, "geometry": { "type": "Point", "coordinates": [ 139.9282836, 35.3009202 ] } },
{ "type": "Feature", "properties": { "P11_001": "塚原", "P11_002": "君津市", "P11_003_01": "中島・豊英線", "P11_003_02": null, "P11_003_03": null, "P11_003_04": null, "P11_003_05": null, "P11_003_06": null, "P11_003_07": null, "P11_003_08": null, "P11_003_09": null, "P11_003_10": null, "P11_003_11": null, "P11_003_12": null, "P11_003_13": null, "P11_003_14": null, "P11_003_15": null, "P11_003_16": null, "P11_003_17": null, "P11_003_18": null, "P11_003_19": null, "P11_003_20": null, "P11_003_21": null, "P11_003_22": null, "P11_003_23": null, "P11_003_24": null, "P11_003_25": null, "P11_003_26": null, "P11_003_27": null, "P11_003_28": null, "P11_003_29": null, "P11_003_30": null, "P11_003_31": null, "P11_003_32": null, "P11_003_33": null, "P11_003_34": null, "P11_003_35": null, "P11_004_01": "3", "P11_004_02": null, "P11_004_03": null, "P11_004_04": null, "P11_004_05": null, "P11_004_06": null, "P11_004_07": null, "P11_004_08": null, "P11_004_09": null, "P11_004_10": null, "P11_004_11": null, "P11_004_12": null, "P11_004_13": null, "P11_004_14": null, "P11_004_15": null, "P11_004_16": null, "P11_004_17": null, "P11_004_18": null, "P11_004_19": null, "P11_004_20": null, "P11_004_21": null, "P11_004_22": null, "P11_004_23": null, "P11_004_24": null, "P11_004_25": null, "P11_004_26": null, "P11_004_27": null, "P11_004_28": null, "P11_004_29": null, "P11_004_30": null, "P11_004_31": null, "P11_004_32": null, "P11_004_33": null, "P11_004_34": null, "P11_004_35": null, "P11_005": null, "name": "塚原", "operator": "君津市", "route": "中島・豊英線", "layer": "bus_stops" }, "geometry": { "type": "Point", "coordinates": [ 139.9780551, 35.2985423 ] } },
{ "type": "Feature", "properties": { "P11_001": "周南小前", "P11_002": "君津市", "P11_003_01": "小糸川循環線", "P11_003_02": null, "P11_003_03": null, "P11_003_04": null, "P11_003_05": null, "P11_003_06": null, "P11_003_07": null, "P11_003_08": null, "P11_003_09": null, "P11_003_10": null, "P11_003_11": null, "P11_003_12": null, "P11_003_13": null, "P11_003_14": null, "P11_003_15": null, "P11_003_16": null, "P11_003_17": null, "P11_003_18": null, "P11_003_19": null, "P11_003_20": null, "P11_003_21": null, "P11_003_22": null, "P11_003_23": null, "P11_003_24": null, "P11_003_25": null, "P11_003_26": null, "P11_003_27": null, "P11_003_28": null, "P11_003_29": null, "P11_003_30": null, "P11_003_31": null, "P11_003_32": null, "P11_003_33": null, "P11_003_34": null, "P11_003_35": null, "P11_004_01": "3", "P11_004_02": null, "P11_004_03": null, "P11_004_04": null, "P11_004_05": null, "P11_004_06": null, "P11_004_07": null, "P11_004_08": null, "P11_004_09": null, "P11_004_10": null, "P11_004_11": null, "P11_004_12": null, "P11_004_13": null, "P11_004_14": null, "P11_004_15": null, "P11_004_16": null, "P11_004_17": null, "P11_004_18": null, "P11_004_19": null, "P11_004_20": null, "P11_004_21": null, "P11_004_22": null, "P11_004_23": null, "P11_004_24": null, "P11_004_25": null, "P11_004_26": null, "P11_004_27": null, "P11_004_28": null, "P11_004_29": null, "P11_004_30": null, "P11_004_31": null, "P11_004_32": null, "P11_004_33": null, "P11_004_34": null, "P11_004_35": null, "P11_005": null, "name": "周南小前", "operator": "君津市", "route": "小糸川循環線", "layer": "bus_stops" }, "geometry": { "type": "Point", "coordinates": [ 139.9284655, 35.2978739 ] } },
{ "type": "Feature", "properties": { "P11_001": "周南公民館入口", "P11_002": "君津市", "P11_003_01": "小糸川循環線", "P11_003_02": null, "P11_003_03": null, "P11_003_04": null, "P11_003_05": null, "P11_003_06": null, "P11_003_07": null, "P11_003_08": null, "P11_003_09": null, "P11_003_10": null, "P11_003_11": null, "P11_003_12": null, "P11_003_13": null, "P11_003_14": null, "P11_003_15": null, "P11_003_16": null, "P11_003_17": null, "P11_003_18": null, "P11_003_19": null, "P11_003_20": null, "P11_003_21": null, "P11_003_22": null, "P11_003_23": null, "P11_003_24": null, "P11_003_25": null, "P11_003_26": null, "P11_003_27": null, "P11_003_28": null, "P11_003_29": null, "P11_003_30": null, "P11_003_31": null, "P11_003_32": null, "P11_003_33": null, "P11_003_34": null, "P11_003_35": null, "P11_004_01": "3", "P11_004_02": null, "P11_004_03": null, "P11_004_04": null, "P11_004_05": null, "P11_004_06": null, "P11_004_07": null, "P11_004_08": null, "P11_004_09": null, "P11_004_10": null, "P11_004_11": null, "P11_004_12": null, "P11_004_13": null, "P11_004_14": null, "P11_004_15": null, "P11_004_16": null, "P11_004_17": null, "P11_004_18": null, "P11_004_19": null, "P11_004_20": null, "P11_004_21": null, "P11_004_22": null, "P11_004_23": null, "P11_004_24": null, "P11_004_25": null, "P11_004_26": null, "P11_004_27": null, "P11_004_28": null, "P11_004_29": null, "P11_004_30": null, "P11_004_31": null, "P11_004_32": null, "P11_004_33": null, "P11_004_34": null, "P11_004_35": null, "P11_005": null, "name": "周南公民館入口", "operator": "君津市", "route": "小糸川循環線", "layer": "bus_stops" }, "geometry": { "type": "Point", "coordinates": [ 139.9287264, 35.2956889 ] } },
{ "type": "Feature", "properties": { "P11_001": "駒久保", "P11_002": "君津市", "P11_003_01": "中島・豊英線", "P11_003_02": null, "P11_003_03": null, "P11_003_04": null, "P11_003_05": null, "P11_003_06": null, "P11_003_07": null, "P11_003_08": null, "P11_003_09": null, "P11_003_10": null, "P11_003_11": null, "P11_003_12": null, "P11_003_13": null, "P11_003_14": null, "P11_003_15": null, "P11_003_16": null, "P11_003_17": null, "P11_003_18": null, "P11_003_19": null, "P11_003_20": null, "P11_003_21": null, "P11_003_22": null, "P11_003_23": null, "P11_003_24": null, "P11_003_25": null, "P11_003_26": null, "P11_003_27": null, "P11_003_28": null, "P11_003_29": null, "P11_003_30": null, "P11_003_31": null, "P11_003_32": null, "P11_003_33": null, "P11_003_34": null, "P11_003_35": null, "P11_004_01": "3", "P11_004_02": null, "P11_004_03": null, "P11_004_04": null, "P11_004_05": null, "P11_004_06": null, "P11_004_07": null, "P11_004_08": null, "P11_004_09": null, "P11_004_10": null, "P11_004_11": null, "P11_004_12": null, "P11_004_13": null, "P11_004_14": null, "P11_004_15": null, "P11_004_16": null, "P11_004_17": null, "P11_004_18": null, "P11_004_19": null, "P11_004_20": null, "P11_004_21": null, "P11_004_22": null, "P11_004_23": null, "P11_004_24": null, "P11_004_25": null, "P11_004_26": null, "P11_004_27": null, "P11_004_28": null, "P11_004_29": null, "P11_004_30": null, "P11_004_31": null, "P11_004_32": null, "P11_004_33": null, "P11_004_34": null, "P11_004_35": null, "P11_005": null, "name": "駒久保", "operator": "君津市", "route": "中島・豊英線", "layer": "bus_stops" }, "geometry": { "type": "Point", "coordinates": [ 139.9790349, 35.2946783 ] } },
{ "type": "Feature", "properties": { "P11_001": "小糸小入口", "P11_002": "日東交通（株）", "P11_003_01": "木更津鴨川線", "P11_003_02": null, "P11_003_03": null, "P11_003_04": null, "P11_003_05": null, "P11_003_06": null, "P11_003_07": null, "P11_003_08": null, "P11_003_09": null, "P11_003_10": null, "P11_003_11": null, "P11_003_12": null, "P11_003_13": null, "P11_003_14": null, "P11_003_15": null, "P11_003_16": null, "P11_003_17": null, "P11_003_18": null, "P11_003_19": null, "P11_003_20": null, "P11_003_21": null, "P11_003_22": null, "P11_003_23": null, "P11_003_24": null, "P11_003_25": null, "P11_003_26": null, "P11_003_27": null, "P11_003_28": null, "P11_003_29": null, "P11_003_30": null, "P11_003_31": null, "P11_003_32": null, "P11_003_33": null, "P11_003_34": null, "P11_003_35": null, "P11_004_01": "1", "P11_004_02": null, "P11_004_03": null, "P11_004_04": null, "P11_004_05": null, "P11_004_06": null, "P11_004_07": null, "P11_004_08": null, "P11_004_09": null, "P11_004_10": null, "P11_004_11": null, "P11_004_12": null, "P11_004_13": null, "P11_004_14": null, "P11_004_15": null, "P11_004_16": null, "P11_004_17": null, "P11_004_18": null, "P11_004_19": null, "P11_004_20": null, "P11_004_21": null, "P11_004_22": null, "P11_004_23": null, "P11_004_24": null, "P11_004_25": null, "P11_004_26": null, "P11_004_27": null, "P11_004_28": null, "P11_004_29": null, "P11_004_30": null, "P11_004_31": null, "P11_004_32": null, "P11_004_33": null, "P11_004_34": null, "P11_004_35": null, "P11_005": null, "name": "小糸小入口", "operator": "日東交通（株）", "route": "木更津鴨川線", "layer": "bus_stops" }, "geometry": { "type": "Point", "coordinates": [ 139.9904716, 35.2920973 ] } },
{ "type": "Feature", "properties": { "P11_001": "福岡", "P11_002": "君津市", "P11_003_01": "中島・豊英線", "P11_003_02": null, "P11_003_03": null, "P11_003_04": null, "P11_003_05": null, "P11_003_06": null, "P11_003_07": null, "P11_003_08": null, "P11_003_09": null, "P11_003_10": null, "P11_003_11": null, "P11_003_12": null, "P11_003_13": null, "P11_003_14": null, "P11_003_15": null, "P11_003_16": null, "P11_003_17": null, "P11_003_18": null, "P11_003_19": null, "P11_003_20": null, "P11_003_21": null, "P11_003_22": null, "P11_003_23": null, "P11_003_24": null, "P11_003_25": null, "P11_003_26": null, "P11_003_27": null, "P11_003_28": null, "P11_003_29": null, "P11_003_30": null, "P11_003_31": null, "P11_003_32": null, "P11_003_33": null, "P11_003_34": null, "P11_003_35": null, "P11_004_01": "3", "P11_004_02": null, "P11_004_03": null, "P11_004_04": null, "P11_004_05": null, "P11_004_06": null, "P11_004_07": null, "P11_004_08": null, "P11_004_09": null, "P11_004_10": null, "P11_004_11": null, "P11_004_12": null, "P11_004_13": null, "P11_004_14": null, "P11_004_15": null, "P11_004_16": null, "P11_004_17": null, "P11_004_18": null, "P11_004_19": null, "P11_004_20": null, "P11_004_21": null, "P11_004_22": null, "P11_004_23": null, "P11_004_24": null, "P11_004_25": null, "P11_004_26": null, "P11_004_27": null, "P11_004_28": null, "P11_004_29": null, "P11_004_30": null, "P11_004_31": null, "P11_004_32": null, "P11_004_33": null, "P11_004_34": null, "P11_004_35": null, "P11_005": null, "name": "福岡", "operator": "君津市", "route": "中島・豊英線", "layer": "bus_stops" }, "geometry": { "type": "Point", "coordinates": [ 139.9802562, 35.2875977 ] } },
{ "type": "Feature", "properties": { "P11_001": "大山野", "P11_002": "君津市", "P11_003_01": "小糸川循環線", "P11_003_02": null, "P11_003_03": null, "P11_003_04": null, "P11_003_05": null, "P11_003_06": null, "P11_003_07": null, "P11_003_08": null, "P11_003_09": null, "P11_003_10": null, "P11_003_11": null, "P11_003_12": null, "P11_003_13": null, "P11_003_14": null, "P11_003_15": null, "P11_003_16": null, "P11_003_17": null, "P11_003_18": null, "P11_003_19": null, "P11_003_20": null, "P11_003_21": null, "P11_003_22": null, "P11_003_23": null, "P11_003_24": null, "P11_003_25": null, "P11_003_26": null, "P11_003_27": null, "P11_003_28": null, "P11_003_29": null, "P11_003_30": null, "P11_003_31": null, "P11_003_32": null, "P11_003_33": null, "P11_003_34": null, "P11_003_35": null, "P11_004_01": "3", "P11_004_02": null, "P11_004_03": null, "P11_004_04": null, "P11_004_05": null, "P11_004_06": null, "P11_004_07": null, "P11_004_08": null, "P11_004_09": null, "P11_004_10": null, "P11_004_11": null, "P11_004_12": null, "P11_004_13": null, "P11_004_14": null, "P11_004_15": null, "P11_004_16": null, "P11_004_17": null, "P11_004_18": null, "P11_004_19": null, "P11_004_20": null, "P11_004_21": null, "P11_004_22": null, "P11_004_23": null, "P11_004_24": null, "P11_004_25": null, "P11_004_26": null, "P11_004_27": null, "P11_004_28": null, "P11_004_29": null, "P11_004_30": null, "P11_004_31": null, "P11_004_32": null, "P11_004_33": null, "P11_004_34": null, "P11_004_35": null, "P11_005": null, "name": "大山野", "operator": "君津市", "route": "小糸川循環線", "layer": "bus_stops" }, "geometry": { "type": "Point", "coordinates": [ 139.9259853, 35.2857241 ] } },
{ "type": "Feature", "properties": { "P11_001": "下小糸", "P11_002": "君津市", "P11_003_01": "中島・豊英線", "P11_003_02": null, "P11_003_03": null, "P11_003_04": null, "P11_003_05": null, "P11_003_06": null, "P11_003_07": null, "P11_003_08": null, "P11_003_09": null, "P11_003_10": null, "P11_003_11": null, "P11_003_12": null, "P11_003_13": null, "P11_003_14": null, "P11_003_15": null, "P11_003_16": null, "P11_003_17": null, "P11_003_18": null, "P11_003_19": null, "P11_003_20": null, "P11_003_21": null, "P11_003_22": null, "P11_003_23": null, "P11_003_24": null, "P11_003_25": null, "P11_003_26": null, "P11_003_27": null, "P11_003_28": null, "P11_003_29": null, "P11_003_30": null, "P11_003_31": null, "P11_003_32": null, "P11_003_33": null, "P11_003_34": null, "P11_003_35": null, "P11_004_01": "3", "P11_004_02": null, "P11_004_03": null, "P11_004_04": null, "P11_004_05": null, "P11_004_06": null, "P11_004_07": null, "P11_004_08": null, "P11_004_09": null, "P11_004_10": null, "P11_004_11": null, "P11_004_12": null, "P11_004_13": null, "P11_004_14": null, "P11_004_15": null, "P11_004_16": null, "P11_004_17": null, "P11_004_18": null, "P11_004_19": null, "P11_004_20": null, "P11_004_21": null, "P11_004_22": null, "P11_004_23": null, "P11_004_24": null, "P11_004_25": null, "P11_004_26": null, "P11_004_27": null, "P11_004_28": null, "P11_004_29": null, "P11_004_30": null, "P11_004_31": null, "P11_004_32": null, "P11_004_33": null, "P11_004_34": null, "P11_004_35": null, "P11_005": null, "name": "下小糸", "operator": "君津市", "route": "中島・豊英線", "layer": "bus_stops" }, "geometry": { "type": "Point", "coordinates": [ 139.9820399, 35.2833119 ] } },
{ "type": "Feature", "properties": { "P11_001": "山高原", "P11_002": "君津市", "P11_003_01": "小糸川循環線", "P11_003_02": null, "P11_003_03": null, "P11_003_04": null, "P11_003_05": null, "P11_003_06": null, "P11_003_07": null, "P11_003_08": null, "P11_003_09": null, "P11_003_10": null, "P11_003_11": null, "P11_003_12": null, "P11_003_13": null, "P11_003_14": null, "P11_003_15": null, "P11_003_16": null, "P11_003_17": null, "P11_003_18": null, "P11_003_19": null, "P11_003_20": null, "P11_003_21": null, "P11_003_22": null, "P11_003_23": null, "P11_003_24": null, "P11_003_25": null, "P11_003_26": null, "P11_003_27": null, "P11_003_28": null, "P11_003_29": null, "P11_003_30": null, "P11_003_31": null, "P11_003_32": null, "P11_003_33": null, "P11_003_34": null, "P11_003_35": null, "P11_004_01": "3", "P11_004_02": null, "P11_004_03": null, "P11_004_04": null, "P11_004_05": null, "P11_004_06": null, "P11_004_07": null, "P11_004_08": null, "P11_004_09": null, "P11_004_10": null, "P11_004_11": null, "P11_004_12": null, "P11_004_13": null, "P11_004_14": null, "P11_004_15": null, "P11_004_16": null, "P11_004_17": null, "P11_004_18": null, "P11_004_19": null, "P11_004_20": null, "P11_004_21": null, "P11_004_22": null, "P11_004_23": null, "P11_004_24": null, "P11_004_25": null, "P11_004_26": null, "P11_004_27": null, "P11_004_28": null, "P11_004_29": null, "P11_004_30": null, "P11_004_31": null, "P11_004_32": null, "P11_004_33": null, "P11_004_34": null, "P11_004_35": null, "P11_005": null, "name": "山高原", "operator": "君津市", "route": "小糸川循環線", "layer": "bus_stops" }, "geometry": { "type": "Point", "coordinates": [ 139.9233528, 35.280812 ] } },
{ "type": "Feature", "properties": { "P11_001": "鎌滝原", "P11_002": "君津市", "P11_003_01": "中島・豊英線", "P11_003_02": null, "P11_003_03": null, "P11_003_04": null, "P11_003_05": null, "P11_003_06": null, "P11_003_07": null, "P11_003_08": null, "P11_003_09": null, "P11_003_10": null, "P11_003_11": null, "P11_003_12": null, "P11_003_13": null, "P11_003_14": null, "P11_003_15": null, "P11_003_16": null, "P11_003_17": null, "P11_003_18": null, "P11_003_19": null, "P11_003_20": null, "P11_003_21": null, "P11_003_22": null, "P11_003_23": null, "P11_003_24": null, "P11_003_25": null, "P11_003_26": null, "P11_003_27": null, "P11_003_28": null, "P11_003_29": null, "P11_003_30": null, "P11_003_31": null, "P11_003_32": null, "P11_003_33": null, "P11_003_34": null, "P11_003_35": null, "P11_004_01": "3", "P11_004_02": null, "P11_004_03": null, "P11_004_04": null, "P11_004_05": null, "P11_004_06": null, "P11_004_07": null, "P11_004_08": null, "P11_004_09": null, "P11_004_10": null, "P11_004_11": null, "P11_004_12": null, "P11_004_13": null, "P11_004_14": null, "P11_004_15": null, "P11_004_16": null, "P11_004_17": null, "P11_004_18": null, "P11_004_19": null, "P11_004_20": null, "P11_004_21": null, "P11_004_22": null, "P11_004_23": null, "P11_004_24": null, "P11_004_25": null, "P11_004_26": null, "P11_004_27": null, "P11_004_28": null, "P11_004_29": null, "P11_004_30": null, "P11_004_31": null, "P11_004_32": null, "P11_004_33": null, "P11_004_34": null, "P11_004_35": null, "P11_005": null, "name": "鎌滝原", "operator": "君津市", "route": "中島・豊英線", "layer": "bus_stops" }, "geometry": { "type": "Point", "coordinates": [ 139.9841534, 35.2801174 ] } },
{ "type": "Feature", "properties": { "P11_001": "鎌滝", "P11_002": "君津市", "P11_003_01": "中島・豊英線", "P11_003_02": null, "P11_003_03": null, "P11_003_04": null, "P11_003_05": null, "P11_003_06": null, "P11_003_07": null, "P11_003_08": null, "P11_003_09": null, "P11_003_10": null, "P11_003_11": null, "P11_003_12": null, "P11_003_13": null, "P11_003_14": null, "P11_003_15": null, "P11_003_16": null, "P11_003_17": null, "P11_003_18": null, "P11_003_19": null, "P11_003_20": null, "P11_003_21": null, "P11_003_22": null, "P11_003_23": null, "P11_003_24": null, "P11_003_25": null, "P11_003_26": null, "P11_003_27": null, "P11_003_28": null, "P11_003_29": null, "P11_003_30": null, "P11_003_31": null, "P11_003_32": null, "P11_003_33": null, "P11_003_34": null, "P11_003_35": null, "P11_004_01": "3", "P11_004_02": null, "P11_004_03": null, "P11_004_04": null, "P11_004_05": null, "P11_004_06": null, "P11_004_07": null, "P11_004_08": null, "P11_004_09": null, "P11_004_10": null, "P11_004_11": null, "P11_004_12": null, "P11_004_13": null, "P11_004_14": null, "P11_004_15": null, "P11_004_16": null, "P11_004_17": null, "P11_004_18": null, "P11_004_19": null, "P11_004_20": null, "P11_004_21": null, "P11_004_22": null, "P11_004_23": null, "P11_004_24": null, "P11_004_25": null, "P11_004_26": null, "P11_004_27": null, "P11_004_28": null, "P11_004_29": null, "P11_004_30": null, "P11_004_31": null, "P11_004_32": null, "P11_004_33": null, "P11_004_34": null, "P11_004_35": null, "P11_005": null, "name": "鎌滝", "operator": "君津市", "route": "中島・豊英線", "layer": "bus_stops" }, "geometry": { "type": "Point", "coordinates": [ 139.9831648, 35.2777202 ] } },
{ "type": "Feature", "properties": { "P11_001": "芝原", "P11_002": "君津市", "P11_003_01": "中島・豊英線", "P11_003_02": null, "P11_003_03": null, "P11_003_04": null, "P11_003_05": null, "P11_003_06": null, "P11_003_07": null, "P11_003_08": null, "P11_003_09": null, "P11_003_10": null, "P11_003_11": null, "P11_003_12": null, "P11_003_13": null, "P11_003_14": null, "P11_003_15": null, "P11_003_16": null, "P11_003_17": null, "P11_003_18": null, "P11_003_19": null, "P11_003_20": null, "P11_003_21": null, "P11_003_22": null, "P11_003_23": null, "P11_003_24": null, "P11_003_25": null, "P11_003_26": null, "P11_003_27": null, "P11_003_28": null, "P11_003_29": null, "P11_003_30": null, "P11_003_31": null, "P11_003_32": null, "P11_003_33": null, "P11_003_34": null, "P11_003_35": null, "P11_004_01": "3", "P11_004_02": null, "P11_004_03": null, "P11_004_04": null, "P11_004_05": null, "P11_004_06": null, "P11_004_07": null, "P11_004_08": null, "P11_004_09": null, "P11_004_10": null, "P11_004_11": null, "P11_004_12": null, "P11_004_13": null, "P11_004_14": null, "P11_004_15": null, "P11_004_16": null, "P11_004_17": null, "P11_004_18": null, "P11_004_19": null, "P11_004_20": null, "P11_004_21": null, "P11_004_22": null, "P11_004_23": null, "P11_004_24": null, "P11_004_25": null, "P11_004_26": null, "P11_004_27": null, "P11_004_28": null, "P11_004_29": null, "P11_004_30": null, "P11_004_31": null, "P11_004_32": null, "P11_004_33": null, "P11_004_34": null, "P11_004_35": null, "P11_005": null, "name": "芝原", "operator": "君津市", "route": "中島・豊英線", "layer": "bus_stops" }, "geometry": { "type": "Point", "coordinates": [ 139.9842861, 35.2746073 ] } },
{ "type": "Feature", "properties": { "P11_001": "君津グラウンドゴルフ場", "P11_002": "君津市", "P11_003_01": "小糸川循環線", "P11_003_02": null, "P11_003_03": null, "P11_003_04": null, "P11_003_05": null, "P11_003_06": null, "P11_003_07": null, "P11_003_08": null, "P11_003_09": null, "P11_003_10": null, "P11_003_11": null, "P11_003_12": null, "P11_003_13": null, "P11_003_14": null, "P11_003_15": null, "P11_003_16": null, "P11_003_17": null, "P11_003_18": null, "P11_003_19": null, "P11_003_20": null, "P11_003_21": null, "P11_003_22": null, "P11_003_23": null, "P11_003_24": null, "P11_003_25": null, "P11_003_26": null, "P11_003_27": null, "P11_003_28": null, "P11_003_29": null, "P11_003_30": null, "P11_003_31": null, "P11_003_32": null, "P11_003_33": null, "P11_003_34": null, "P11_003_35": null, "P11_004_01": "3", "P11_004_02": null, "P11_004_03": null, "P11_004_04": null, "P11_004_05": null, "P11_004_06": null, "P11_004_07": null, "P11_004_08": null, "P11_004_09": null, "P11_004_10": null, "P11_004_11": null, "P11_004_12": null, "P11_004_13": null, "P11_004_14": null, "P11_004_15": null, "P11_004_16": null, "P11_004_17": null, "P11_004_18": null, "P11_004_19": null, "P11_004_20": null, "P11_004_21": null, "P11_004_22": null, "P11_004_23": null, "P11_004_24": null, "P11_004_25": null, "P11_004_26": null, "P11_004_27": null, "P11_004_28": null, "P11_004_29": null, "P11_004_30": null, "P11_004_31": null, "P11_004_32": null, "P11_004_33": null, "P11_004_34": null, "P11_004_35": null, "P11_005": null, "name": "君津グラウンドゴルフ場", "operator": "君津市", "route": "小糸川循環線", "layer": "bus_stops" }, "geometry": { "type": "Point", "coordinates": [ 139.9211906, 35.2733344 ] } },
{ "type": "Feature", "properties": { "P11_001": "大野台", "P11_002": "日東交通（株）", "P11_003_01": "木更津鴨川線", "P11_003_02": null, "P11_003_03": null, "P11_003_04": null, "P11_003_05": null, "P11_003_06": null, "P11_003_07": null, "P11_003_08": null, "P11_003_09": null, "P11_003_10": null, "P11_003_11": null, "P11_003_12": null, "P11_003_13": null, "P11_003_14": null, "P11_003_15": null, "P11_003_16": null, "P11_003_17": null, "P11_003_18": null, "P11_003_19": null, "P11_003_20": null, "P11_003_21": null, "P11_003_22": null, "P11_003_23": null, "P11_003_24": null, "P11_003_25": null, "P11_003_26": null, "P11_003_27": null, "P11_003_28": null, "P11_003_29": null, "P11_003_30": null, "P11_003_31": null, "P11_003_32": null, "P11_003_33": null, "P11_003_34": null, "P11_003_35": null, "P11_004_01": "1", "P11_004_02": null, "P11_004_03": null, "P11_004_04": null, "P11_004_05": null, "P11_004_06": null, "P11_004_07": null, "P11_004_08": null, "P11_004_09": null, "P11_004_10": null, "P11_004_11": null, "P11_004_12": null, "P11_004_13": null, "P11_004_14": null, "P11_004_15": null, "P11_004_16": null, "P11_004_17": null, "P11_004_18": null, "P11_004_19": null, "P11_004_20": null, "P11_004_21": null, "P11_004_22": null, "P11_004_23": null, "P11_004_24": null, "P11_004_25": null, "P11_004_26": null, "P11_004_27": null, "P11_004_28": null, "P11_004_29": null, "P11_004_30": null, "P11_004_31": null, "P11_004_32": null, "P11_004_33": null, "P11_004_34": null, "P11_004_35": null, "P11_005": null, "name": "大野台", "operator": "日東交通（株）", "route": "木更津鴨川線", "layer": "bus_stops" }, "geometry": { "type": "Point", "coordinates": [ 139.9973684, 35.2716188 ] } },
{ "type": "Feature", "properties": { "P11_001": "周南入口", "P11_002": "日東交通（株）", "P11_003_01": "鹿野山線", "P11_003_02": null, "P11_003_03": null, "P11_003_04": null, "P11_003_05": null, "P11_003_06": null, "P11_003_07": null, "P11_003_08": null, "P11_003_09": null, "P11_003_10": null, "P11_003_11": null, "P11_003_12": null, "P11_003_13": null, "P11_003_14": null, "P11_003_15": null, "P11_003_16": null, "P11_003_17": null, "P11_003_18": null, "P11_003_19": null, "P11_003_20": null, "P11_003_21": null, "P11_003_22": null, "P11_003_23": null, "P11_003_24": null, "P11_003_25": null, "P11_003_26": null, "P11_003_27": null, "P11_003_28": null, "P11_003_29": null, "P11_003_30": null, "P11_003_31": null, "P11_003_32": null, "P11_003_33": null, "P11_003_34": null, "P11_003_35": null, "P11_004_01": "1", "P11_004_02": null, "P11_004_03": null, "P11_004_04": null, "P11_004_05": null, "P11_004_06": null, "P11_004_07": null, "P11_004_08": null, "P11_004_09": null, "P11_004_10": null, "P11_004_11": null, "P11_004_12": null, "P11_004_13": null, "P11_004_14": null, "P11_004_15": null, "P11_004_16": null, "P11_004_17": null, "P11_004_18": null, "P11_004_19": null, "P11_004_20": null, "P11_004_21": null, "P11_004_22": null, "P11_004_23": null, "P11_004_24": null, "P11_004_25": null, "P11_004_26": null, "P11_004_27": null, "P11_004_28": null, "P11_004_29": null, "P11_004_30": null, "P11_004_31": null, "P11_004_32": null, "P11_004_33": null, "P11_004_34": null, "P11_004_35": null, "P11_005": null, "name": "周南入口", "operator": "日東交通（株）", "route": "鹿野山線", "layer": "bus_stops" }, "geometry": { "type": "Point", "coordinates": [ 139.9202507, 35.2704698 ] } },
{ "type": "Feature", "properties": { "P11_001": "岩富南口", "P11_002": "日東交通（株）", "P11_003_01": "鹿野山線", "P11_003_02": null, "P11_003_03": null, "P11_003_04": null, "P11_003_05": null, "P11_003_06": null, "P11_003_07": null, "P11_003_08": null, "P11_003_09": null, "P11_003_10": null, "P11_003_11": null, "P11_003_12": null, "P11_003_13": null, "P11_003_14": null, "P11_003_15": null, "P11_003_16": null, "P11_003_17": null, "P11_003_18": null, "P11_003_19": null, "P11_003_20": null, "P11_003_21": null, "P11_003_22": null, "P11_003_23": null, "P11_003_24": null, "P11_003_25": null, "P11_003_26": null, "P11_003_27": null, "P11_003_28": null, "P11_003_29": null, "P11_003_30": null, "P11_003_31": null, "P11_003_32": null, "P11_003_33": null, "P11_003_34": null, "P11_003_35": null, "P11_004_01": "1", "P11_004_02": null, "P11_004_03": null, "P11_004_04": null, "P11_004_05": null, "P11_004_06": null, "P11_004_07": null, "P11_004_08": null, "P11_004_09": null, "P11_004_10": null, "P11_004_11": null, "P11_004_12": null, "P11_004_13": null, "P11_004_14": null, "P11_004_15": null, "P11_004_16": null, "P11_004_17": null, "P11_004_18": null, "P11_004_19": null, "P11_004_20": null, "P11_004_21": null, "P11_004_22": null, "P11_004_23": null, "P11_004_24": null, "P11_004_25": null, "P11_004_26": null, "P11_004_27": null, "P11_004_28": null, "P11_004_29": null, "P11_004_30": null, "P11_004_31": null, "P11_004_32": null, "P11_004_33": null, "P11_004_34": null, "P11_004_35": null, "P11_005": null, "name": "岩富南口", "operator": "日東交通（株）", "route": "鹿野山線", "layer": "bus_stops" }, "geometry": { "type": "Point", "coordinates": [ 139.9180361, 35.2695444 ] } },
{ "type": "Feature", "properties": { "P11_001": "市宿", "P11_002": "君津市", "P11_003_01": "中島・豊英線", "P11_003_02": null, "P11_003_03": null, "P11_003_04": null, "P11_003_05": null, "P11_003_06": null, "P11_003_07": null, "P11_003_08": null, "P11_003_09": null, "P11_003_10": null, "P11_003_11": null, "P11_003_12": null, "P11_003_13": null, "P11_003_14": null, "P11_003_15": null, "P11_003_16": null, "P11_003_17": null, "P11_003_18": null, "P11_003_19": null, "P11_003_20": null, "P11_003_21": null, "P11_003_22": null, "P11_003_23": null, "P11_003_24": null, "P11_003_25": null, "P11_003_26": null, "P11_003_27": null, "P11_003_28": null, "P11_003_29": null, "P11_003_30": null, "P11_003_31": null, "P11_003_32": null, "P11_003_33": null, "P11_003_34": null, "P11_003_35": null, "P11_004_01": "3", "P11_004_02": null, "P11_004_03": null, "P11_004_04": null, "P11_004_05": null, "P11_004_06": null, "P11_004_07": null, "P11_004_08": null, "P11_004_09": null, "P11_004_10": null, "P11_004_11": null, "P11_004_12": null, "P11_004_13": null, "P11_004_14": null, "P11_004_15": null, "P11_004_16": null, "P11_004_17": null, "P11_004_18": null, "P11_004_19": null, "P11_004_20": null, "P11_004_21": null, "P11_004_22": null, "P11_004_23": null, "P11_004_24": null, "P11_004_25": null, "P11_004_26": null, "P11_004_27": null, "P11_004_28": null, "P11_004_29": null, "P11_004_30": null, "P11_004_31": null, "P11_004_32": null, "P11_004_33": null, "P11_004_34": null, "P11_004_35": null, "P11_005": null, "name": "市宿", "operator": "君津市", "route": "中島・豊英線", "layer": "bus_stops" }, "geometry": { "type": "Point", "coordinates": [ 139.9912444, 35.2683142 ] } },
{ "type": "Feature", "properties": { "P11_001": "山麓", "P11_002": "日東交通（株）", "P11_003_01": "鹿野山線", "P11_003_02": null, "P11_003_03": null, "P11_003_04": null, "P11_003_05": null, "P11_003_06": null, "P11_003_07": null, "P11_003_08": null, "P11_003_09": null, "P11_003_10": null, "P11_003_11": null, "P11_003_12": null, "P11_003_13": null, "P11_003_14": null, "P11_003_15": null, "P11_003_16": null, "P11_003_17": null, "P11_003_18": null, "P11_003_19": null, "P11_003_20": null, "P11_003_21": null, "P11_003_22": null, "P11_003_23": null, "P11_003_24": null, "P11_003_25": null, "P11_003_26": null, "P11_003_27": null, "P11_003_28": null, "P11_003_29": null, "P11_003_30": null, "P11_003_31": null, "P11_003_32": null, "P11_003_33": null, "P11_003_34": null, "P11_003_35": null, "P11_004_01": "1", "P11_004_02": null, "P11_004_03": null, "P11_004_04": null, "P11_004_05": null, "P11_004_06": null, "P11_004_07": null, "P11_004_08": null, "P11_004_09": null, "P11_004_10": null, "P11_004_11": null, "P11_004_12": null, "P11_004_13": null, "P11_004_14": null, "P11_004_15": null, "P11_004_16": null, "P11_004_17": null, "P11_004_18": null, "P11_004_19": null, "P11_004_20": null, "P11_004_21": null, "P11_004_22": null, "P11_004_23": null, "P11_004_24": null, "P11_004_25": null, "P11_004_26": null, "P11_004_27": null, "P11_004_28": null, "P11_004_29": null, "P11_004_30": null, "P11_004_31": null, "P11_004_32": null, "P11_004_33": null, "P11_004_34": null, "P11_004_35": null, "P11_005": null, "name": "山麓", "operator": "日東交通（株）", "route": "鹿野山線", "layer": "bus_stops" }, "geometry": { "type": "Point", "coordinates": [ 139.9234891, 35.2682162 ] } },
{ "type": "Feature", "properties": { "P11_001": "市宿中", "P11_002": "君津市", "P11_003_01": "中島・豊英線", "P11_003_02": null, "P11_003_03": null, "P11_003_04": null, "P11_003_05": null, "P11_003_06": null, "P11_003_07": null, "P11_003_08": null, "P11_003_09": null, "P11_003_10": null, "P11_003_11": null, "P11_003_12": null, "P11_003_13": null, "P11_003_14": null, "P11_003_15": null, "P11_003_16": null, "P11_003_17": null, "P11_003_18": null, "P11_003_19": null, "P11_003_20": null, "P11_003_21": null, "P11_003_22": null, "P11_003_23": null, "P11_003_24": null, "P11_003_25": null, "P11_003_26": null, "P11_003_27": null, "P11_003_28": null, "P11_003_29": null, "P11_003_30": null, "P11_003_31": null, "P11_003_32": null, "P11_003_33": null, "P11_003_34": null, "P11_003_35": null, "P11_004_01": "3", "P11_004_02": null, "P11_004_03": null, "P11_004_04": null, "P11_004_05": null, "P11_004_06": null, "P11_004_07": null, "P11_004_08": null, "P11_004_09": null, "P11_004_10": null, "P11_004_11": null, "P11_004_12": null, "P11_004_13": null, "P11_004_14": null, "P11_004_15": null, "P11_004_16": null, "P11_004_17": null, "P11_004_18": null, "P11_004_19": null, "P11_004_20": null, "P11_004_21": null, "P11_004_22": null, "P11_004_23": null, "P11_004_24": null, "P11_004_25": null, "P11_004_26": null, "P11_004_27": null, "P11_004_28": null, "P11_004_29": null, "P11_004_30": null, "P11_004_31": null, "P11_004_32": null, "P11_004_33": null, "P11_004_34": null, "P11_004_35": null, "P11_005": null, "name": "市宿中", "operator": "君津市", "route": "中島・豊英線", "layer": "bus_stops" }, "geometry": { "type": "Point", "coordinates": [ 139.9912214, 35.2666103 ] } },
{ "type": "Feature", "properties": { "P11_001": "関山口", "P11_002": "日東交通（株）", "P11_003_01": "鹿野山線", "P11_003_02": null, "P11_003_03": null, "P11_003_04": null, "P11_003_05": null, "P11_003_06": null, "P11_003_07": null, "P11_003_08": null, "P11_003_09": null, "P11_003_10": null, "P11_003_11": null, "P11_003_12": null, "P11_003_13": null, "P11_003_14": null, "P11_003_15": null, "P11_003_16": null, "P11_003_17": null, "P11_003_18": null, "P11_003_19": null, "P11_003_20": null, "P11_003_21": null, "P11_003_22": null, "P11_003_23": null, "P11_003_24": null, "P11_003_25": null, "P11_003_26": null, "P11_003_27": null, "P11_003_28": null, "P11_003_29": null, "P11_003_30": null, "P11_003_31": null, "P11_003_32": null, "P11_003_33": null, "P11_003_34": null, "P11_003_35": null, "P11_004_01": "1", "P11_004_02": null, "P11_004_03": null, "P11_004_04": null, "P11_004_05": null, "P11_004_06": null, "P11_004_07": null, "P11_004_08": null, "P11_004_09": null, "P11_004_10": null, "P11_004_11": null, "P11_004_12": null, "P11_004_13": null, "P11_004_14": null, "P11_004_15": null, "P11_004_16": null, "P11_004_17": null, "P11_004_18": null, "P11_004_19": null, "P11_004_20": null, "P11_004_21": null, "P11_004_22": null, "P11_004_23": null, "P11_004_24": null, "P11_004_25": null, "P11_004_26": null, "P11_004_27": null, "P11_004_28": null, "P11_004_29": null, "P11_004_30": null, "P11_004_31": null, "P11_004_32": null, "P11_004_33": null, "P11_004_34": null, "P11_004_35": null, "P11_005": null, "name": "関山口", "operator": "日東交通（株）", "route": "鹿野山線", "layer": "bus_stops" }, "geometry": { "type": "Point", "coordinates": [ 139.9107179, 35.2653599 ] } },
{ "type": "Feature", "properties": { "P11_001": "馬登西入口", "P11_002": "日東交通（株）", "P11_003_01": "鹿野山線", "P11_003_02": null, "P11_003_03": null, "P11_003_04": null, "P11_003_05": null, "P11_003_06": null, "P11_003_07": null, "P11_003_08": null, "P11_003_09": null, "P11_003_10": null, "P11_003_11": null, "P11_003_12": null, "P11_003_13": null, "P11_003_14": null, "P11_003_15": null, "P11_003_16": null, "P11_003_17": null, "P11_003_18": null, "P11_003_19": null, "P11_003_20": null, "P11_003_21": null, "P11_003_22": null, "P11_003_23": null, "P11_003_24": null, "P11_003_25": null, "P11_003_26": null, "P11_003_27": null, "P11_003_28": null, "P11_003_29": null, "P11_003_30": null, "P11_003_31": null, "P11_003_32": null, "P11_003_33": null, "P11_003_34": null, "P11_003_35": null, "P11_004_01": "1", "P11_004_02": null, "P11_004_03": null, "P11_004_04": null, "P11_004_05": null, "P11_004_06": null, "P11_004_07": null, "P11_004_08": null, "P11_004_09": null, "P11_004_10": null, "P11_004_11": null, "P11_004_12": null, "P11_004_13": null, "P11_004_14": null, "P11_004_15": null, "P11_004_16": null, "P11_004_17": null, "P11_004_18": null, "P11_004_19": null, "P11_004_20": null, "P11_004_21": null, "P11_004_22": null, "P11_004_23": null, "P11_004_24": null, "P11_004_25": null, "P11_004_26": null, "P11_004_27": null, "P11_004_28": null, "P11_004_29": null, "P11_004_30": null, "P11_004_31": null, "P11_004_32": null, "P11_004_33": null, "P11_004_34": null, "P11_004_35": null, "P11_005": null, "name": "馬登西入口", "operator": "日東交通（株）", "route": "鹿野山線", "layer": "bus_stops" }, "geometry": { "type": "Point", "coordinates": [ 139.9308585, 35.2644046 ] } },
{ "type": "Feature", "properties": { "P11_001": "牛房谷", "P11_002": "日東交通（株）", "P11_003_01": "鹿野山線", "P11_003_02": null, "P11_003_03": null, "P11_003_04": null, "P11_003_05": null, "P11_003_06": null, "P11_003_07": null, "P11_003_08": null, "P11_003_09": null, "P11_003_10": null, "P11_003_11": null, "P11_003_12": null, "P11_003_13": null, "P11_003_14": null, "P11_003_15": null, "P11_003_16": null, "P11_003_17": null, "P11_003_18": null, "P11_003_19": null, "P11_003_20": null, "P11_003_21": null, "P11_003_22": null, "P11_003_23": null, "P11_003_24": null, "P11_003_25": null, "P11_003_26": null, "P11_003_27": null, "P11_003_28": null, "P11_003_29": null, "P11_003_30": null, "P11_003_31": null, "P11_003_32": null, "P11_003_33": null, "P11_003_34": null, "P11_003_35": null, "P11_004_01": "1", "P11_004_02": null, "P11_004_03": null, "P11_004_04": null, "P11_004_05": null, "P11_004_06": null, "P11_004_07": null, "P11_004_08": null, "P11_004_09": null, "P11_004_10": null, "P11_004_11": null, "P11_004_12": null, "P11_004_13": null, "P11_004_14": null, "P11_004_15": null, "P11_004_16": null, "P11_004_17": null, "P11_004_18": null, "P11_004_19": null, "P11_004_20": null, "P11_004_21": null, "P11_004_22": null, "P11_004_23": null, "P11_004_24": null, "P11_004_25": null, "P11_004_26": null, "P11_004_27": null, "P11_004_28": null, "P11_004_29": null, "P11_004_30": null, "P11_004_31": null, "P11_004_32": null, "P11_004_33": null, "P11_004_34": null, "P11_004_35": null, "P11_005": null, "name": "牛房谷", "operator": "日東交通（株）", "route": "鹿野山線", "layer": "bus_stops" }, "geometry": { "type": "Point", "coordinates": [ 139.8962649, 35.2636193 ] } },
{ "type": "Feature", "properties": { "P11_001": "変電所前", "P11_002": "日東交通（株）", "P11_003_01": "鹿野山線", "P11_003_02": null, "P11_003_03": null, "P11_003_04": null, "P11_003_05": null, "P11_003_06": null, "P11_003_07": null, "P11_003_08": null, "P11_003_09": null, "P11_003_10": null, "P11_003_11": null, "P11_003_12": null, "P11_003_13": null, "P11_003_14": null, "P11_003_15": null, "P11_003_16": null, "P11_003_17": null, "P11_003_18": null, "P11_003_19": null, "P11_003_20": null, "P11_003_21": null, "P11_003_22": null, "P11_003_23": null, "P11_003_24": null, "P11_003_25": null, "P11_003_26": null, "P11_003_27": null, "P11_003_28": null, "P11_003_29": null, "P11_003_30": null, "P11_003_31": null, "P11_003_32": null, "P11_003_33": null, "P11_003_34": null, "P11_003_35": null, "P11_004_01": "1", "P11_004_02": null, "P11_004_03": null, "P11_004_04": null, "P11_004_05": null, "P11_004_06": null, "P11_004_07": null, "P11_004_08": null, "P11_004_09": null, "P11_004_10": null, "P11_004_11": null, "P11_004_12": null, "P11_004_13": null, "P11_004_14": null, "P11_004_15": null, "P11_004_16": null, "P11_004_17": null, "P11_004_18": null, "P11_004_19": null, "P11_004_20": null, "P11_004_21": null, "P11_004_22": null, "P11_004_23": null, "P11_004_24": null, "P11_004_25": null, "P11_004_26": null, "P11_004_27": null, "P11_004_28": null, "P11_004_29": null, "P11_004_30": null, "P11_004_31": null, "P11_004_32": null, "P11_004_33": null, "P11_004_34": null, "P11_004_35": null, "P11_005": null, "name": "変電所前", "operator": "日東交通（株）", "route": "鹿野山線", "layer": "bus_stops" }, "geometry": { "type": "Point", "coordinates": [ 139.8931924, 35.2632549 ] } },
{ "type": "Feature", "properties": { "P11_001": "電通富津倶楽部前", "P11_002": "日東交通（株）", "P11_003_01": "鹿野山線", "P11_003_02": null, "P11_003_03": null, "P11_003_04": null, "P11_003_05": null, "P11_003_06": null, "P11_003_07": null, "P11_003_08": null, "P11_003_09": null, "P11_003_10": null, "P11_003_11": null, "P11_003_12": null, "P11_003_13": null, "P11_003_14": null, "P11_003_15": null, "P11_003_16": null, "P11_003_17": null, "P11_003_18": null, "P11_003_19": null, "P11_003_20": null, "P11_003_21": null, "P11_003_22": null, "P11_003_23": null, "P11_003_24": null, "P11_003_25": null, "P11_003_26": null, "P11_003_27": null, "P11_003_28": null, "P11_003_29": null, "P11_003_30": null, "P11_003_31": null, "P11_003_32": null, "P11_003_33": null, "P11_003_34": null, "P11_003_35": null, "P11_004_01": "1", "P11_004_02": null, "P11_004_03": null, "P11_004_04": null, "P11_004_05": null, "P11_004_06": null, "P11_004_07": null, "P11_004_08": null, "P11_004_09": null, "P11_004_10": null, "P11_004_11": null, "P11_004_12": null, "P11_004_13": null, "P11_004_14": null, "P11_004_15": null, "P11_004_16": null, "P11_004_17": null, "P11_004_18": null, "P11_004_19": null, "P11_004_20": null, "P11_004_21": null, "P11_004_22": null, "P11_004_23": null, "P11_004_24": null, "P11_004_25": null, "P11_004_26": null, "P11_004_27": null, "P11_004_28": null, "P11_004_29": null, "P11_004_30": null, "P11_004_31": null, "P11_004_32": null, "P11_004_33": null, "P11_004_34": null, "P11_004_35": null, "P11_005": null, "name": "電通富津倶楽部前", "operator": "日東交通（株）", "route": "鹿野山線", "layer": "bus_stops" }, "geometry": { "type": "Point", "coordinates": [ 139.9053208, 35.263148 ] } },
{ "type": "Feature", "properties": { "P11_001": "宝竜寺", "P11_002": "日東交通（株）", "P11_003_01": "鹿野山線", "P11_003_02": null, "P11_003_03": null, "P11_003_04": null, "P11_003_05": null, "P11_003_06": null, "P11_003_07": null, "P11_003_08": null, "P11_003_09": null, "P11_003_10": null, "P11_003_11": null, "P11_003_12": null, "P11_003_13": null, "P11_003_14": null, "P11_003_15": null, "P11_003_16": null, "P11_003_17": null, "P11_003_18": null, "P11_003_19": null, "P11_003_20": null, "P11_003_21": null, "P11_003_22": null, "P11_003_23": null, "P11_003_24": null, "P11_003_25": null, "P11_003_26": null, "P11_003_27": null, "P11_003_28": null, "P11_003_29": null, "P11_003_30": null, "P11_003_31": null, "P11_003_32": null, "P11_003_33": null, "P11_003_34": null, "P11_003_35": null, "P11_004_01": "1", "P11_004_02": null, "P11_004_03": null, "P11_004_04": null, "P11_004_05": null, "P11_004_06": null, "P11_004_07": null, "P11_004_08": null, "P11_004_09": null, "P11_004_10": null, "P11_004_11": null, "P11_004_12": null, "P11_004_13": null, "P11_004_14": null, "P11_004_15": null, "P11_004_16": null, "P11_004_17": null, "P11_004_18": null, "P11_004_19": null, "P11_004_20": null, "P11_004_21": null, "P11_004_22": null, "P11_004_23": null, "P11_004_24": null, "P11_004_25": null, "P11_004_26": null, "P11_004_27": null, "P11_004_28": null, "P11_004_29": null, "P11_004_30": null, "P11_004_31": null, "P11_004_32": null, "P11_004_33": null, "P11_004_34": null, "P11_004_35": null, "P11_005": null, "name": "宝竜寺", "operator": "日東交通（株）", "route": "鹿野山線", "layer": "bus_stops" }, "geometry": { "type": "Point", "coordinates": [ 139.9002633, 35.2628422 ] } },
{ "type": "Feature", "properties": { "P11_001": "鹿野山口", "P11_002": "日東交通（株）", "P11_003_01": "鹿野山線", "P11_003_02": null, "P11_003_03": null, "P11_003_04": null, "P11_003_05": null, "P11_003_06": null, "P11_003_07": null, "P11_003_08": null, "P11_003_09": null, "P11_003_10": null, "P11_003_11": null, "P11_003_12": null, "P11_003_13": null, "P11_003_14": null, "P11_003_15": null, "P11_003_16": null, "P11_003_17": null, "P11_003_18": null, "P11_003_19": null, "P11_003_20": null, "P11_003_21": null, "P11_003_22": null, "P11_003_23": null, "P11_003_24": null, "P11_003_25": null, "P11_003_26": null, "P11_003_27": null, "P11_003_28": null, "P11_003_29": null, "P11_003_30": null, "P11_003_31": null, "P11_003_32": null, "P11_003_33": null, "P11_003_34": null, "P11_003_35": null, "P11_004_01": "1", "P11_004_02": null, "P11_004_03": null, "P11_004_04": null, "P11_004_05": null, "P11_004_06": null, "P11_004_07": null, "P11_004_08": null, "P11_004_09": null, "P11_004_10": null, "P11_004_11": null, "P11_004_12": null, "P11_004_13": null, "P11_004_14": null, "P11_004_15": null, "P11_004_16": null, "P11_004_17": null, "P11_004_18": null, "P11_004_19": null, "P11_004_20": null, "P11_004_21": null, "P11_004_22": null, "P11_004_23": null, "P11_004_24": null, "P11_004_25": null, "P11_004_26": null, "P11_004_27": null, "P11_004_28": null, "P11_004_29": null, "P11_004_30": null, "P11_004_31": null, "P11_004_32": null, "P11_004_33": null, "P11_004_34": null, "P11_004_35": null, "P11_005": null, "name": "鹿野山口", "operator": "日東交通（株）", "route": "鹿野山線", "layer": "bus_stops" }, "geometry": { "type": "Point", "coordinates": [ 139.889083, 35.2621753 ] } },
{ "type": "Feature", "properties": { "P11_001": "東佐貫", "P11_002": "日東交通（株）", "P11_003_01": "鹿野山線", "P11_003_02": null, "P11_003_03": null, "P11_003_04": null, "P11_003_05": null, "P11_003_06": null, "P11_003_07": null, "P11_003_08": null, "P11_003_09": null, "P11_003_10": null, "P11_003_11": null, "P11_003_12": null, "P11_003_13": null, "P11_003_14": null, "P11_003_15": null, "P11_003_16": null, "P11_003_17": null, "P11_003_18": null, "P11_003_19": null, "P11_003_20": null, "P11_003_21": null, "P11_003_22": null, "P11_003_23": null, "P11_003_24": null, "P11_003_25": null, "P11_003_26": null, "P11_003_27": null, "P11_003_28": null, "P11_003_29": null, "P11_003_30": null, "P11_003_31": null, "P11_003_32": null, "P11_003_33": null, "P11_003_34": null, "P11_003_35": null, "P11_004_01": "1", "P11_004_02": null, "P11_004_03": null, "P11_004_04": null, "P11_004_05": null, "P11_004_06": null, "P11_004_07": null, "P11_004_08": null, "P11_004_09": null, "P11_004_10": null, "P11_004_11": null, "P11_004_12": null, "P11_004_13": null, "P11_004_14": null, "P11_004_15": null, "P11_004_16": null, "P11_004_17": null, "P11_004_18": null, "P11_004_19": null, "P11_004_20": null, "P11_004_21": null, "P11_004_22": null, "P11_004_23": null, "P11_004_24": null, "P11_004_25": null, "P11_004_26": null, "P11_004_27": null, "P11_004_28": null, "P11_004_29": null, "P11_004_30": null, "P11_004_31": null, "P11_004_32": null, "P11_004_33": null, "P11_004_34": null, "P11_004_35": null, "P11_005": null, "name": "東佐貫", "operator": "日東交通（株）", "route": "鹿野山線", "layer": "bus_stops" }, "geometry": { "type": "Point", "coordinates": [ 139.8902193, 35.2621292 ] } },
{ "type": "Feature", "properties": { "P11_001": "保育園前", "P11_002": "日東交通（株）", "P11_003_01": "鹿野山線", "P11_003_02": null, "P11_003_03": null, "P11_003_04": null, "P11_003_05": null, "P11_003_06": null, "P11_003_07": null, "P11_003_08": null, "P11_003_09": null, "P11_003_10": null, "P11_003_11": null, "P11_003_12": null, "P11_003_13": null, "P11_003_14": null, "P11_003_15": null, "P11_003_16": null, "P11_003_17": null, "P11_003_18": null, "P11_003_19": null, "P11_003_20": null, "P11_003_21": null, "P11_003_22": null, "P11_003_23": null, "P11_003_24": null, "P11_003_25": null, "P11_003_26": null, "P11_003_27": null, "P11_003_28": null, "P11_003_29": null, "P11_003_30": null, "P11_003_31": null, "P11_003_32": null, "P11_003_33": null, "P11_003_34": null, "P11_003_35": null, "P11_004_01": "1", "P11_004_02": null, "P11_004_03": null, "P11_004_04": null, "P11_004_05": null, "P11_004_06": null, "P11_004_07": null, "P11_004_08": null, "P11_004_09": null, "P11_004_10": null, "P11_004_11": null, "P11_004_12": null, "P11_004_13": null, "P11_004_14": null, "P11_004_15": null, "P11_004_16": null, "P11_004_17": null, "P11_004_18": null, "P11_004_19": null, "P11_004_20": null, "P11_004_21": null, "P11_004_22": null, "P11_004_23": null, "P11_004_24": null, "P11_004_25": null, "P11_004_26": null, "P11_004_27": null, "P11_004_28": null, "P11_004_29": null, "P11_004_30": null, "P11_004_31": null, "P11_004_32": null, "P11_004_33": null, "P11_004_34": null, "P11_004_35": null, "P11_005": null, "name": "保育園前", "operator": "日東交通（株）", "route": "鹿野山線", "layer": "bus_stops" }, "geometry": { "type": "Point", "coordinates": [ 139.8843269, 35.2621011 ] } },
{ "type": "Feature", "properties": { "P11_001": "佐貫郵便局前", "P11_002": "日東交通（株）", "P11_003_01": "鹿野山線", "P11_003_02": null, "P11_003_03": null, "P11_003_04": null, "P11_003_05": null, "P11_003_06": null, "P11_003_07": null, "P11_003_08": null, "P11_003_09": null, "P11_003_10": null, "P11_003_11": null, "P11_003_12": null, "P11_003_13": null, "P11_003_14": null, "P11_003_15": null, "P11_003_16": null, "P11_003_17": null, "P11_003_18": null, "P11_003_19": null, "P11_003_20": null, "P11_003_21": null, "P11_003_22": null, "P11_003_23": null, "P11_003_24": null, "P11_003_25": null, "P11_003_26": null, "P11_003_27": null, "P11_003_28": null, "P11_003_29": null, "P11_003_30": null, "P11_003_31": null, "P11_003_32": null, "P11_003_33": null, "P11_003_34": null, "P11_003_35": null, "P11_004_01": "1", "P11_004_02": null, "P11_004_03": null, "P11_004_04": null, "P11_004_05": null, "P11_004_06": null, "P11_004_07": null, "P11_004_08": null, "P11_004_09": null, "P11_004_10": null, "P11_004_11": null, "P11_004_12": null, "P11_004_13": null, "P11_004_14": null, "P11_004_15": null, "P11_004_16": null, "P11_004_17": null, "P11_004_18": null, "P11_004_19": null, "P11_004_20": null, "P11_004_21": null, "P11_004_22": null, "P11_004_23": null, "P11_004_24": null, "P11_004_25": null, "P11_004_26": null, "P11_004_27": null, "P11_004_28": null, "P11_004_29": null, "P11_004_30": null, "P11_004_31": null, "P11_004_32": null, "P11_004_33": null, "P11_004_34": null, "P11_004_35": null, "P11_005": null, "name": "佐貫郵便局前", "operator": "日東交通（株）", "route": "鹿野山線", "layer": "bus_stops" }, "geometry": { "type": "Point", "coordinates": [ 139.8858043, 35.2620653 ] } },
{ "type": "Feature", "properties": { "P11_001": "仲村口", "P11_002": "日東交通（株）", "P11_003_01": "鹿野山線", "P11_003_02": null, "P11_003_03": null, "P11_003_04": null, "P11_003_05": null, "P11_003_06": null, "P11_003_07": null, "P11_003_08": null, "P11_003_09": null, "P11_003_10": null, "P11_003_11": null, "P11_003_12": null, "P11_003_13": null, "P11_003_14": null, "P11_003_15": null, "P11_003_16": null, "P11_003_17": null, "P11_003_18": null, "P11_003_19": null, "P11_003_20": null, "P11_003_21": null, "P11_003_22": null, "P11_003_23": null, "P11_003_24": null, "P11_003_25": null, "P11_003_26": null, "P11_003_27": null, "P11_003_28": null, "P11_003_29": null, "P11_003_30": null, "P11_003_31": null, "P11_003_32": null, "P11_003_33": null, "P11_003_34": null, "P11_003_35": null, "P11_004_01": "1", "P11_004_02": null, "P11_004_03": null, "P11_004_04": null, "P11_004_05": null, "P11_004_06": null, "P11_004_07": null, "P11_004_08": null, "P11_004_09": null, "P11_004_10": null, "P11_004_11": null, "P11_004_12": null, "P11_004_13": null, "P11_004_14": null, "P11_004_15": null, "P11_004_16": null, "P11_004_17": null, "P11_004_18": null, "P11_004_19": null, "P11_004_20": null, "P11_004_21": null, "P11_004_22": null, "P11_004_23": null, "P11_004_24": null, "P11_004_25": null, "P11_004_26": null, "P11_004_27": null, "P11_004_28": null, "P11_004_29": null, "P11_004_30": null, "P11_004_31": null, "P11_004_32": null, "P11_004_33": null, "P11_004_34": null, "P11_004_35": null, "P11_005": null, "name": "仲村口", "operator": "日東交通（株）", "route": "鹿野山線", "layer": "bus_stops" }, "geometry": { "type": "Point", "coordinates": [ 139.8801176, 35.2611018 ] } },
{ "type": "Feature", "properties": { "P11_001": "佐貫町駅", "P11_002": "日東交通（株）", "P11_003_01": "鹿野山線", "P11_003_02": null, "P11_003_03": null, "P11_003_04": null, "P11_003_05": null, "P11_003_06": null, "P11_003_07": null, "P11_003_08": null, "P11_003_09": null, "P11_003_10": null, "P11_003_11": null, "P11_003_12": null, "P11_003_13": null, "P11_003_14": null, "P11_003_15": null, "P11_003_16": null, "P11_003_17": null, "P11_003_18": null, "P11_003_19": null, "P11_003_20": null, "P11_003_21": null, "P11_003_22": null, "P11_003_23": null, "P11_003_24": null, "P11_003_25": null, "P11_003_26": null, "P11_003_27": null, "P11_003_28": null, "P11_003_29": null, "P11_003_30": null, "P11_003_31": null, "P11_003_32": null, "P11_003_33": null, "P11_003_34": null, "P11_003_35": null, "P11_004_01": "1", "P11_004_02": null, "P11_004_03": null, "P11_004_04": null, "P11_004_05": null, "P11_004_06": null, "P11_004_07": null, "P11_004_08": null, "P11_004_09": null, "P11_004_10": null, "P11_004_11": null, "P11_004_12": null, "P11_004_13": null, "P11_004_14": null, "P11_004_15": null, "P11_004_16": null, "P11_004_17": null, "P11_004_18": null, "P11_004_19": null, "P11_004_20": null, "P11_004_21": null, "P11_004_22": null, "P11_004_23": null, "P11_004_24": null, "P11_004_25": null, "P11_004_26": null, "P11_004_27": null, "P11_004_28": null, "P11_004_29": null, "P11_004_30": null, "P11_004_31": null, "P11_004_32": null, "P11_004_33": null, "P11_004_34": null, "P11_004_35": null, "P11_005": null, "name": "佐貫町駅", "operator": "日東交通（株）", "route": "鹿野山線", "layer": "bus_stops" }, "geometry": { "type": "Point", "coordinates": [ 139.8763229, 35.2607029 ] } },
{ "type": "Feature", "properties": { "P11_001": "佐貫町駅前", "P11_002": "日東交通（株）", "P11_003_01": "湊・富津線", "P11_003_02": null, "P11_003_03": null, "P11_003_04": null, "P11_003_05": null, "P11_003_06": null, "P11_003_07": null, "P11_003_08": null, "P11_003_09": null, "P11_003_10": null, "P11_003_11": null, "P11_003_12": null, "P11_003_13": null, "P11_003_14": null, "P11_003_15": null, "P11_003_16": null, "P11_003_17": null, "P11_003_18": null, "P11_003_19": null, "P11_003_20": null, "P11_003_21": null, "P11_003_22": null, "P11_003_23": null, "P11_003_24": null, "P11_003_25": null, "P11_003_26": null, "P11_003_27": null, "P11_003_28": null, "P11_003_29": null, "P11_003_30": null, "P11_003_31": null, "P11_003_32": null, "P11_003_33": null, "P11_003_34": null, "P11_003_35": null, "P11_004_01": "1", "P11_004_02": null, "P11_004_03": null, "P11_004_04": null, "P11_004_05": null, "P11_004_06": null, "P11_004_07": null, "P11_004_08": null, "P11_004_09": null, "P11_004_10": null, "P11_004_11": null, "P11_004_12": null, "P11_004_13": null, "P11_004_14": null, "P11_004_15": null, "P11_004_16": null, "P11_004_17": null, "P11_004_18": null, "P11_004_19": null, "P11_004_20": null, "P11_004_21": null, "P11_004_22": null, "P11_004_23": null, "P11_004_24": null, "P11_004_25": null, "P11_004_26": null, "P11_004_27": null, "P11_004_28": null, "P11_004_29": null, "P11_004_30": null, "P11_004_31": null, "P11_004_32": null, "P11_004_33": null, "P11_004_34": null, "P11_004_35": null, "P11_005": null, "name": "佐貫町駅前", "operator": "日東交通（株）", "route": "湊・富津線", "layer": "bus_stops" }, "geometry": { "type": "Point", "coordinates": [ 139.8763229, 35.2607029 ] } },
{ "type": "Feature", "properties": { "P11_001": "市場", "P11_002": "君津市", "P11_003_01": "中島・豊英線", "P11_003_02": null, "P11_003_03": null, "P11_003_04": null, "P11_003_05": null, "P11_003_06": null, "P11_003_07": null, "P11_003_08": null, "P11_003_09": null, "P11_003_10": null, "P11_003_11": null, "P11_003_12": null, "P11_003_13": null, "P11_003_14": null, "P11_003_15": null, "P11_003_16": null, "P11_003_17": null, "P11_003_18": null, "P11_003_19": null, "P11_003_20": null, "P11_003_21": null, "P11_003_22": null, "P11_003_23": null, "P11_003_24": null, "P11_003_25": null, "P11_003_26": null, "P11_003_27": null, "P11_003_28": null, "P11_003_29": null, "P11_003_30": null, "P11_003_31": null, "P11_003_32": null, "P11_003_33": null, "P11_003_34": null, "P11_003_35": null, "P11_004_01": "3", "P11_004_02": null, "P11_004_03": null, "P11_004_04": null, "P11_004_05": null, "P11_004_06": null, "P11_004_07": null, "P11_004_08": null, "P11_004_09": null, "P11_004_10": null, "P11_004_11": null, "P11_004_12": null, "P11_004_13": null, "P11_004_14": null, "P11_004_15": null, "P11_004_16": null, "P11_004_17": null, "P11_004_18": null, "P11_004_19": null, "P11_004_20": null, "P11_004_21": null, "P11_004_22": null, "P11_004_23": null, "P11_004_24": null, "P11_004_25": null, "P11_004_26": null, "P11_004_27": null, "P11_004_28": null, "P11_004_29": null, "P11_004_30": null, "P11_004_31": null, "P11_004_32": null, "P11_004_33": null, "P11_004_34": null, "P11_004_35": null, "P11_005": null, "name": "市場", "operator": "君津市", "route": "中島・豊英線", "layer": "bus_stops" }, "geometry": { "type": "Point", "coordinates": [ 139.9949791, 35.2600257 ] } },
{ "type": "Feature", "properties": { "P11_001": "休場", "P11_002": "日東交通（株）", "P11_003_01": "鹿野山線", "P11_003_02": null, "P11_003_03": null, "P11_003_04": null, "P11_003_05": null, "P11_003_06": null, "P11_003_07": null, "P11_003_08": null, "P11_003_09": null, "P11_003_10": null, "P11_003_11": null, "P11_003_12": null, "P11_003_13": null, "P11_003_14": null, "P11_003_15": null, "P11_003_16": null, "P11_003_17": null, "P11_003_18": null, "P11_003_19": null, "P11_003_20": null, "P11_003_21": null, "P11_003_22": null, "P11_003_23": null, "P11_003_24": null, "P11_003_25": null, "P11_003_26": null, "P11_003_27": null, "P11_003_28": null, "P11_003_29": null, "P11_003_30": null, "P11_003_31": null, "P11_003_32": null, "P11_003_33": null, "P11_003_34": null, "P11_003_35": null, "P11_004_01": "1", "P11_004_02": null, "P11_004_03": null, "P11_004_04": null, "P11_004_05": null, "P11_004_06": null, "P11_004_07": null, "P11_004_08": null, "P11_004_09": null, "P11_004_10": null, "P11_004_11": null, "P11_004_12": null, "P11_004_13": null, "P11_004_14": null, "P11_004_15": null, "P11_004_16": null, "P11_004_17": null, "P11_004_18": null, "P11_004_19": null, "P11_004_20": null, "P11_004_21": null, "P11_004_22": null, "P11_004_23": null, "P11_004_24": null, "P11_004_25": null, "P11_004_26": null, "P11_004_27": null, "P11_004_28": null, "P11_004_29": null, "P11_004_30": null, "P11_004_31": null, "P11_004_32": null, "P11_004_33": null, "P11_004_34": null, "P11_004_35": null, "P11_005": null, "name": "休場", "operator": "日東交通（株）", "route": "鹿野山線", "layer": "bus_stops" }, "geometry": { "type": "Point", "coordinates": [ 139.9378855, 35.2592499 ] } },
{ "type": "Feature", "properties": { "P11_001": "猪原", "P11_002": "日東交通（株）", "P11_003_01": "木更津鴨川線", "P11_003_02": null, "P11_003_03": null, "P11_003_04": null, "P11_003_05": null, "P11_003_06": null, "P11_003_07": null, "P11_003_08": null, "P11_003_09": null, "P11_003_10": null, "P11_003_11": null, "P11_003_12": null, "P11_003_13": null, "P11_003_14": null, "P11_003_15": null, "P11_003_16": null, "P11_003_17": null, "P11_003_18": null, "P11_003_19": null, "P11_003_20": null, "P11_003_21": null, "P11_003_22": null, "P11_003_23": null, "P11_003_24": null, "P11_003_25": null, "P11_003_26": null, "P11_003_27": null, "P11_003_28": null, "P11_003_29": null, "P11_003_30": null, "P11_003_31": null, "P11_003_32": null, "P11_003_33": null, "P11_003_34": null, "P11_003_35": null, "P11_004_01": "1", "P11_004_02": null, "P11_004_03": null, "P11_004_04": null, "P11_004_05": null, "P11_004_06": null, "P11_004_07": null, "P11_004_08": null, "P11_004_09": null, "P11_004_10": null, "P11_004_11": null, "P11_004_12": null, "P11_004_13": null, "P11_004_14": null, "P11_004_15": null, "P11_004_16": null, "P11_004_17": null, "P11_004_18": null, "P11_004_19": null, "P11_004_20": null, "P11_004_21": null, "P11_004_22": null, "P11_004_23": null, "P11_004_24": null, "P11_004_25": null, "P11_004_26": null, "P11_004_27": null, "P11_004_28": null, "P11_004_29": null, "P11_004_30": null, "P11_004_31": null, "P11_004_32": null, "P11_004_33": null, "P11_004_34": null, "P11_004_35": null, "P11_005": null, "name": "猪原", "operator": "日東交通（株）", "route": "木更津鴨川線", "layer": "bus_stops" }, "geometry": { "type": "Point", "coordinates": [ 140.0022318, 35.2578712 ] } },
{ "type": "Feature", "properties": { "P11_001": "田中台", "P11_002": "君津市", "P11_003_01": "中島・豊英線", "P11_003_02": null, "P11_003_03": null, "P11_003_04": null, "P11_003_05": null, "P11_003_06": null, "P11_003_07": null, "P11_003_08": null, "P11_003_09": null, "P11_003_10": null, "P11_003_11": null, "P11_003_12": null, "P11_003_13": null, "P11_003_14": null, "P11_003_15": null, "P11_003_16": null, "P11_003_17": null, "P11_003_18": null, "P11_003_19": null, "P11_003_20": null, "P11_003_21": null, "P11_003_22": null, "P11_003_23": null, "P11_003_24": null, "P11_003_25": null, "P11_003_26": null, "P11_003_27": null, "P11_003_28": null, "P11_003_29": null, "P11_003_30": null, "P11_003_31": null, "P11_003_32": null, "P11_003_33": null, "P11_003_34": null, "P11_003_35": null, "P11_004_01": "3", "P11_004_02": null, "P11_004_03": null, "P11_004_04": null, "P11_004_05": null, "P11_004_06": null, "P11_004_07": null, "P11_004_08": null, "P11_004_09": null, "P11_004_10": null, "P11_004_11": null, "P11_004_12": null, "P11_004_13": null, "P11_004_14": null, "P11_004_15": null, "P11_004_16": null, "P11_004_17": null, "P11_004_18": null, "P11_004_19": null, "P11_004_20": null, "P11_004_21": null, "P11_004_22": null, "P11_004_23": null, "P11_004_24": null, "P11_004_25": null, "P11_004_26": null, "P11_004_27": null, "P11_004_28": null, "P11_004_29": null, "P11_004_30": null, "P11_004_31": null, "P11_004_32": null, "P11_004_33": null, "P11_004_34": null, "P11_004_35": null, "P11_005": null, "name": "田中台", "operator": "君津市", "route": "中島・豊英線", "layer": "bus_stops" }, "geometry": { "type": "Point", "coordinates": [ 139.9932794, 35.2553346 ] } },
{ "type": "Feature", "properties": { "P11_001": "鹿野山山頂", "P11_002": "日東交通（株）", "P11_003_01": "鹿野山線", "P11_003_02": null, "P11_003_03": null, "P11_003_04": null, "P11_003_05": null, "P11_003_06": null, "P11_003_07": null, "P11_003_08": null, "P11_003_09": null, "P11_003_10": null, "P11_003_11": null, "P11_003_12": null, "P11_003_13": null, "P11_003_14": null, "P11_003_15": null, "P11_003_16": null, "P11_003_17": null, "P11_003_18": null, "P11_003_19": null, "P11_003_20": null, "P11_003_21": null, "P11_003_22": null, "P11_003_23": null, "P11_003_24": null, "P11_003_25": null, "P11_003_26": null, "P11_003_27": null, "P11_003_28": null, "P11_003_29": null, "P11_003_30": null, "P11_003_31": null, "P11_003_32": null, "P11_003_33": null, "P11_003_34": null, "P11_003_35": null, "P11_004_01": "1", "P11_004_02": null, "P11_004_03": null, "P11_004_04": null, "P11_004_05": null, "P11_004_06": null, "P11_004_07": null, "P11_004_08": null, "P11_004_09": null, "P11_004_10": null, "P11_004_11": null, "P11_004_12": null, "P11_004_13": null, "P11_004_14": null, "P11_004_15": null, "P11_004_16": null, "P11_004_17": null, "P11_004_18": null, "P11_004_19": null, "P11_004_20": null, "P11_004_21": null, "P11_004_22": null, "P11_004_23": null, "P11_004_24": null, "P11_004_25": null, "P11_004_26": null, "P11_004_27": null, "P11_004_28": null, "P11_004_29": null, "P11_004_30": null, "P11_004_31": null, "P11_004_32": null, "P11_004_33": null, "P11_004_34": null, "P11_004_35": null, "P11_005": null, "name": "鹿野山山頂", "operator": "日東交通（株）", "route": "鹿野山線", "layer": "bus_stops" }, "geometry": { "type": "Point", "coordinates": [ 139.9591014, 35.2548399 ] } },
{ "type": "Feature", "properties": { "P11_001": "観測所前", "P11_002": "日東交通（株）", "P11_003_01": "鹿野山線", "P11_003_02": null, "P11_003_03": null, "P11_003_04": null, "P11_003_05": null, "P11_003_06": null, "P11_003_07": null, "P11_003_08": null, "P11_003_09": null, "P11_003_10": null, "P11_003_11": null, "P11_003_12": null, "P11_003_13": null, "P11_003_14": null, "P11_003_15": null, "P11_003_16": null, "P11_003_17": null, "P11_003_18": null, "P11_003_19": null, "P11_003_20": null, "P11_003_21": null, "P11_003_22": null, "P11_003_23": null, "P11_003_24": null, "P11_003_25": null, "P11_003_26": null, "P11_003_27": null, "P11_003_28": null, "P11_003_29": null, "P11_003_30": null, "P11_003_31": null, "P11_003_32": null, "P11_003_33": null, "P11_003_34": null, "P11_003_35": null, "P11_004_01": "1", "P11_004_02": null, "P11_004_03": null, "P11_004_04": null, "P11_004_05": null, "P11_004_06": null, "P11_004_07": null, "P11_004_08": null, "P11_004_09": null, "P11_004_10": null, "P11_004_11": null, "P11_004_12": null, "P11_004_13": null, "P11_004_14": null, "P11_004_15": null, "P11_004_16": null, "P11_004_17": null, "P11_004_18": null, "P11_004_19": null, "P11_004_20": null, "P11_004_21": null, "P11_004_22": null, "P11_004_23": null, "P11_004_24": null, "P11_004_25": null, "P11_004_26": null, "P11_004_27": null, "P11_004_28": null, "P11_004_29": null, "P11_004_30": null, "P11_004_31": null, "P11_004_32": null, "P11_004_33": null, "P11_004_34": null, "P11_004_35": null, "P11_005": null, "name": "観測所前", "operator": "日東交通（株）", "route": "鹿野山線", "layer": "bus_stops" }, "geometry": { "type": "Point", "coordinates": [ 139.9562481, 35.2537695 ] } },
{ "type": "Feature", "properties": { "P11_001": "神野寺", "P11_002": "日東交通（株）", "P11_003_01": "鹿野山線", "P11_003_02": null, "P11_003_03": null, "P11_003_04": null, "P11_003_05": null, "P11_003_06": null, "P11_003_07": null, "P11_003_08": null, "P11_003_09": null, "P11_003_10": null, "P11_003_11": null, "P11_003_12": null, "P11_003_13": null, "P11_003_14": null, "P11_003_15": null, "P11_003_16": null, "P11_003_17": null, "P11_003_18": null, "P11_003_19": null, "P11_003_20": null, "P11_003_21": null, "P11_003_22": null, "P11_003_23": null, "P11_003_24": null, "P11_003_25": null, "P11_003_26": null, "P11_003_27": null, "P11_003_28": null, "P11_003_29": null, "P11_003_30": null, "P11_003_31": null, "P11_003_32": null, "P11_003_33": null, "P11_003_34": null, "P11_003_35": null, "P11_004_01": "1", "P11_004_02": null, "P11_004_03": null, "P11_004_04": null, "P11_004_05": null, "P11_004_06": null, "P11_004_07": null, "P11_004_08": null, "P11_004_09": null, "P11_004_10": null, "P11_004_11": null, "P11_004_12": null, "P11_004_13": null, "P11_004_14": null, "P11_004_15": null, "P11_004_16": null, "P11_004_17": null, "P11_004_18": null, "P11_004_19": null, "P11_004_20": null, "P11_004_21": null, "P11_004_22": null, "P11_004_23": null, "P11_004_24": null, "P11_004_25": null, "P11_004_26": null, "P11_004_27": null, "P11_004_28": null, "P11_004_29": null, "P11_004_30": null, "P11_004_31": null, "P11_004_32": null, "P11_004_33": null, "P11_004_34": null, "P11_004_35": null, "P11_005": null, "name": "神野寺", "operator": "日東交通（株）", "route": "鹿野山線", "layer": "bus_stops" }, "geometry": { "type": "Point", "coordinates": [ 139.9633043, 35.2537695 ] } },
{ "type": "Feature", "properties": { "P11_001": "粟倉", "P11_002": "君津市", "P11_003_01": "中島・豊英線", "P11_003_02": null, "P11_003_03": null, "P11_003_04": null, "P11_003_05": null, "P11_003_06": null, "P11_003_07": null, "P11_003_08": null, "P11_003_09": null, "P11_003_10": null, "P11_003_11": null, "P11_003_12": null, "P11_003_13": null, "P11_003_14": null, "P11_003_15": null, "P11_003_16": null, "P11_003_17": null, "P11_003_18": null, "P11_003_19": null, "P11_003_20": null, "P11_003_21": null, "P11_003_22": null, "P11_003_23": null, "P11_003_24": null, "P11_003_25": null, "P11_003_26": null, "P11_003_27": null, "P11_003_28": null, "P11_003_29": null, "P11_003_30": null, "P11_003_31": null, "P11_003_32": null, "P11_003_33": null, "P11_003_34": null, "P11_003_35": null, "P11_004_01": "3", "P11_004_02": null, "P11_004_03": null, "P11_004_04": null, "P11_004_05": null, "P11_004_06": null, "P11_004_07": null, "P11_004_08": null, "P11_004_09": null, "P11_004_10": null, "P11_004_11": null, "P11_004_12": null, "P11_004_13": null, "P11_004_14": null, "P11_004_15": null, "P11_004_16": null, "P11_004_17": null, "P11_004_18": null, "P11_004_19": null, "P11_004_20": null, "P11_004_21": null, "P11_004_22": null, "P11_004_23": null, "P11_004_24": null, "P11_004_25": null, "P11_004_26": null, "P11_004_27": null, "P11_004_28": null, "P11_004_29": null, "P11_004_30": null, "P11_004_31": null, "P11_004_32": null, "P11_004_33": null, "P11_004_34": null, "P11_004_35": null, "P11_005": null, "name": "粟倉", "operator": "君津市", "route": "中島・豊英線", "layer": "bus_stops" }, "geometry": { "type": "Point", "coordinates": [ 139.9950737, 35.2534189 ] } },
{ "type": "Feature", "properties": { "P11_001": "春日山", "P11_002": "日東交通（株）", "P11_003_01": "鹿野山線", "P11_003_02": null, "P11_003_03": null, "P11_003_04": null, "P11_003_05": null, "P11_003_06": null, "P11_003_07": null, "P11_003_08": null, "P11_003_09": null, "P11_003_10": null, "P11_003_11": null, "P11_003_12": null, "P11_003_13": null, "P11_003_14": null, "P11_003_15": null, "P11_003_16": null, "P11_003_17": null, "P11_003_18": null, "P11_003_19": null, "P11_003_20": null, "P11_003_21": null, "P11_003_22": null, "P11_003_23": null, "P11_003_24": null, "P11_003_25": null, "P11_003_26": null, "P11_003_27": null, "P11_003_28": null, "P11_003_29": null, "P11_003_30": null, "P11_003_31": null, "P11_003_32": null, "P11_003_33": null, "P11_003_34": null, "P11_003_35": null, "P11_004_01": "1", "P11_004_02": null, "P11_004_03": null, "P11_004_04": null, "P11_004_05": null, "P11_004_06": null, "P11_004_07": null, "P11_004_08": null, "P11_004_09": null, "P11_004_10": null, "P11_004_11": null, "P11_004_12": null, "P11_004_13": null, "P11_004_14": null, "P11_004_15": null, "P11_004_16": null, "P11_004_17": null, "P11_004_18": null, "P11_004_19": null, "P11_004_20": null, "P11_004_21": null, "P11_004_22": null, "P11_004_23": null, "P11_004_24": null, "P11_004_25": null, "P11_004_26": null, "P11_004_27": null, "P11_004_28": null, "P11_004_29": null, "P11_004_30": null, "P11_004_31": null, "P11_004_32": null, "P11_004_33": null, "P11_004_34": null, "P11_004_35": null, "P11_005": null, "name": "春日山", "operator": "日東交通（株）", "route": "鹿野山線", "layer": "bus_stops" }, "geometry": { "type": "Point", "coordinates": [ 139.9518796, 35.253167 ] } },
{ "type": "Feature", "properties": { "P11_001": "牧場入口", "P11_002": "日東交通（株）", "P11_003_01": "鹿野山線", "P11_003_02": null, "P11_003_03": null, "P11_003_04": null, "P11_003_05": null, "P11_003_06": null, "P11_003_07": null, "P11_003_08": null, "P11_003_09": null, "P11_003_10": null, "P11_003_11": null, "P11_003_12": null, "P11_003_13": null, "P11_003_14": null, "P11_003_15": null, "P11_003_16": null, "P11_003_17": null, "P11_003_18": null, "P11_003_19": null, "P11_003_20": null, "P11_003_21": null, "P11_003_22": null, "P11_003_23": null, "P11_003_24": null, "P11_003_25": null, "P11_003_26": null, "P11_003_27": null, "P11_003_28": null, "P11_003_29": null, "P11_003_30": null, "P11_003_31": null, "P11_003_32": null, "P11_003_33": null, "P11_003_34": null, "P11_003_35": null, "P11_004_01": "1", "P11_004_02": null, "P11_004_03": null, "P11_004_04": null, "P11_004_05": null, "P11_004_06": null, "P11_004_07": null, "P11_004_08": null, "P11_004_09": null, "P11_004_10": null, "P11_004_11": null, "P11_004_12": null, "P11_004_13": null, "P11_004_14": null, "P11_004_15": null, "P11_004_16": null, "P11_004_17": null, "P11_004_18": null, "P11_004_19": null, "P11_004_20": null, "P11_004_21": null, "P11_004_22": null, "P11_004_23": null, "P11_004_24": null, "P11_004_25": null, "P11_004_26": null, "P11_004_27": null, "P11_004_28": null, "P11_004_29": null, "P11_004_30": null, "P11_004_31": null, "P11_004_32": null, "P11_004_33": null, "P11_004_34": null, "P11_004_35": null, "P11_005": null, "name": "牧場入口", "operator": "日東交通（株）", "route": "鹿野山線", "layer": "bus_stops" }, "geometry": { "type": "Point", "coordinates": [ 139.9545555, 35.2530193 ] } },
{ "type": "Feature", "properties": { "P11_001": "清和公民館", "P11_002": "君津市", "P11_003_01": "中島・豊英線", "P11_003_02": null, "P11_003_03": null, "P11_003_04": null, "P11_003_05": null, "P11_003_06": null, "P11_003_07": null, "P11_003_08": null, "P11_003_09": null, "P11_003_10": null, "P11_003_11": null, "P11_003_12": null, "P11_003_13": null, "P11_003_14": null, "P11_003_15": null, "P11_003_16": null, "P11_003_17": null, "P11_003_18": null, "P11_003_19": null, "P11_003_20": null, "P11_003_21": null, "P11_003_22": null, "P11_003_23": null, "P11_003_24": null, "P11_003_25": null, "P11_003_26": null, "P11_003_27": null, "P11_003_28": null, "P11_003_29": null, "P11_003_30": null, "P11_003_31": null, "P11_003_32": null, "P11_003_33": null, "P11_003_34": null, "P11_003_35": null, "P11_004_01": "3", "P11_004_02": null, "P11_004_03": null, "P11_004_04": null, "P11_004_05": null, "P11_004_06": null, "P11_004_07": null, "P11_004_08": null, "P11_004_09": null, "P11_004_10": null, "P11_004_11": null, "P11_004_12": null, "P11_004_13": null, "P11_004_14": null, "P11_004_15": null, "P11_004_16": null, "P11_004_17": null, "P11_004_18": null, "P11_004_19": null, "P11_004_20": null, "P11_004_21": null, "P11_004_22": null, "P11_004_23": null, "P11_004_24": null, "P11_004_25": null, "P11_004_26": null, "P11_004_27": null, "P11_004_28": null, "P11_004_29": null, "P11_004_30": null, "P11_004_31": null, "P11_004_32": null, "P11_004_33": null, "P11_004_34": null, "P11_004_35": null, "P11_005": null, "name": "清和公民館", "operator": "君津市", "route": "中島・豊英線", "layer": "bus_stops" }, "geometry": { "type": "Point", "coordinates": [ 139.9974716, 35.2526593 ] } },
{ "type": "Feature", "properties": { "P11_001": "粟倉橋", "P11_002": "君津市", "P11_003_01": "中島・豊英線", "P11_003_02": null, "P11_003_03": null, "P11_003_04": null, "P11_003_05": null, "P11_003_06": null, "P11_003_07": null, "P11_003_08": null, "P11_003_09": null, "P11_003_10": null, "P11_003_11": null, "P11_003_12": null, "P11_003_13": null, "P11_003_14": null, "P11_003_15": null, "P11_003_16": null, "P11_003_17": null, "P11_003_18": null, "P11_003_19": null, "P11_003_20": null, "P11_003_21": null, "P11_003_22": null, "P11_003_23": null, "P11_003_24": null, "P11_003_25": null, "P11_003_26": null, "P11_003_27": null, "P11_003_28": null, "P11_003_29": null, "P11_003_30": null, "P11_003_31": null, "P11_003_32": null, "P11_003_33": null, "P11_003_34": null, "P11_003_35": null, "P11_004_01": "3", "P11_004_02": null, "P11_004_03": null, "P11_004_04": null, "P11_004_05": null, "P11_004_06": null, "P11_004_07": null, "P11_004_08": null, "P11_004_09": null, "P11_004_10": null, "P11_004_11": null, "P11_004_12": null, "P11_004_13": null, "P11_004_14": null, "P11_004_15": null, "P11_004_16": null, "P11_004_17": null, "P11_004_18": null, "P11_004_19": null, "P11_004_20": null, "P11_004_21": null, "P11_004_22": null, "P11_004_23": null, "P11_004_24": null, "P11_004_25": null, "P11_004_26": null, "P11_004_27": null, "P11_004_28": null, "P11_004_29": null, "P11_004_30": null, "P11_004_31": null, "P11_004_32": null, "P11_004_33": null, "P11_004_34": null, "P11_004_35": null, "P11_005": null, "name": "粟倉橋", "operator": "君津市", "route": "中島・豊英線", "layer": "bus_stops" }, "geometry": { "type": "Point", "coordinates": [ 139.9980062, 35.2520856 ] } },
{ "type": "Feature", "properties": { "P11_001": "川代", "P11_002": "君津市", "P11_003_01": "中島・豊英線", "P11_003_02": null, "P11_003_03": null, "P11_003_04": null, "P11_003_05": null, "P11_003_06": null, "P11_003_07": null, "P11_003_08": null, "P11_003_09": null, "P11_003_10": null, "P11_003_11": null, "P11_003_12": null, "P11_003_13": null, "P11_003_14": null, "P11_003_15": null, "P11_003_16": null, "P11_003_17": null, "P11_003_18": null, "P11_003_19": null, "P11_003_20": null, "P11_003_21": null, "P11_003_22": null, "P11_003_23": null, "P11_003_24": null, "P11_003_25": null, "P11_003_26": null, "P11_003_27": null, "P11_003_28": null, "P11_003_29": null, "P11_003_30": null, "P11_003_31": null, "P11_003_32": null, "P11_003_33": null, "P11_003_34": null, "P11_003_35": null, "P11_004_01": "3", "P11_004_02": null, "P11_004_03": null, "P11_004_04": null, "P11_004_05": null, "P11_004_06": null, "P11_004_07": null, "P11_004_08": null, "P11_004_09": null, "P11_004_10": null, "P11_004_11": null, "P11_004_12": null, "P11_004_13": null, "P11_004_14": null, "P11_004_15": null, "P11_004_16": null, "P11_004_17": null, "P11_004_18": null, "P11_004_19": null, "P11_004_20": null, "P11_004_21": null, "P11_004_22": null, "P11_004_23": null, "P11_004_24": null, "P11_004_25": null, "P11_004_26": null, "P11_004_27": null, "P11_004_28": null, "P11_004_29": null, "P11_004_30": null, "P11_004_31": null, "P11_004_32": null, "P11_004_33": null, "P11_004_34": null, "P11_004_35": null, "P11_005": null, "name": "川代", "operator": "君津市", "route": "中島・豊英線", "layer": "bus_stops" }, "geometry": { "type": "Point", "coordinates": [ 139.9983799, 35.2494008 ] } },
{ "type": "Feature", "properties": { "P11_001": "サンライフ鹿野山", "P11_002": "日東交通（株）", "P11_003_01": "鹿野山線", "P11_003_02": null, "P11_003_03": null, "P11_003_04": null, "P11_003_05": null, "P11_003_06": null, "P11_003_07": null, "P11_003_08": null, "P11_003_09": null, "P11_003_10": null, "P11_003_11": null, "P11_003_12": null, "P11_003_13": null, "P11_003_14": null, "P11_003_15": null, "P11_003_16": null, "P11_003_17": null, "P11_003_18": null, "P11_003_19": null, "P11_003_20": null, "P11_003_21": null, "P11_003_22": null, "P11_003_23": null, "P11_003_24": null, "P11_003_25": null, "P11_003_26": null, "P11_003_27": null, "P11_003_28": null, "P11_003_29": null, "P11_003_30": null, "P11_003_31": null, "P11_003_32": null, "P11_003_33": null, "P11_003_34": null, "P11_003_35": null, "P11_004_01": "1", "P11_004_02": null, "P11_004_03": null, "P11_004_04": null, "P11_004_05": null, "P11_004_06": null, "P11_004_07": null, "P11_004_08": null, "P11_004_09": null, "P11_004_10": null, "P11_004_11": null, "P11_004_12": null, "P11_004_13": null, "P11_004_14": null, "P11_004_15": null, "P11_004_16": null, "P11_004_17": null, "P11_004_18": null, "P11_004_19": null, "P11_004_20": null, "P11_004_21": null, "P11_004_22": null, "P11_004_23": null, "P11_004_24": null, "P11_004_25": null, "P11_004_26": null, "P11_004_27": null, "P11_004_28": null, "P11_004_29": null, "P11_004_30": null, "P11_004_31": null, "P11_004_32": null, "P11_004_33": null, "P11_004_34": null, "P11_004_35": null, "P11_005": null, "name": "サンライフ鹿野山", "operator": "日東交通（株）", "route": "鹿野山線", "layer": "bus_stops" }, "geometry": { "type": "Point", "coordinates": [ 139.9445439, 35.2493809 ] } },
{ "type": "Feature", "properties": { "P11_001": "マザー牧場", "P11_002": "日東交通（株）", "P11_003_01": "鹿野山線", "P11_003_02": null, "P11_003_03": null, "P11_003_04": null, "P11_003_05": null, "P11_003_06": null, "P11_003_07": null, "P11_003_08": null, "P11_003_09": null, "P11_003_10": null, "P11_003_11": null, "P11_003_12": null, "P11_003_13": null, "P11_003_14": null, "P11_003_15": null, "P11_003_16": null, "P11_003_17": null, "P11_003_18": null, "P11_003_19": null, "P11_003_20": null, "P11_003_21": null, "P11_003_22": null, "P11_003_23": null, "P11_003_24": null, "P11_003_25": null, "P11_003_26": null, "P11_003_27": null, "P11_003_28": null, "P11_003_29": null, "P11_003_30": null, "P11_003_31": null, "P11_003_32": null, "P11_003_33": null, "P11_003_34": null, "P11_003_35": null, "P11_004_01": "1", "P11_004_02": null, "P11_004_03": null, "P11_004_04": null, "P11_004_05": null, "P11_004_06": null, "P11_004_07": null, "P11_004_08": null, "P11_004_09": null, "P11_004_10": null, "P11_004_11": null, "P11_004_12": null, "P11_004_13": null, "P11_004_14": null, "P11_004_15": null, "P11_004_16": null, "P11_004_17": null, "P11_004_18": null, "P11_004_19": null, "P11_004_20": null, "P11_004_21": null, "P11_004_22": null, "P11_004_23": null, "P11_004_24": null, "P11_004_25": null, "P11_004_26": null, "P11_004_27": null, "P11_004_28": null, "P11_004_29": null, "P11_004_30": null, "P11_004_31": null, "P11_004_32": null, "P11_004_33": null, "P11_004_34": null, "P11_004_35": null, "P11_005": null, "name": "マザー牧場", "operator": "日東交通（株）", "route": "鹿野山線", "layer": "bus_stops" }, "geometry": { "type": "Point", "coordinates": [ 139.9413515, 35.2482327 ] } },
{ "type": "Feature", "properties": { "P11_001": "マザー牧場（まきばゲート）", "P11_002": "日東交通（株）", "P11_003_01": "君津・マザー牧場線", "P11_003_02": null, "P11_003_03": null, "P11_003_04": null, "P11_003_05": null, "P11_003_06": null, "P11_003_07": null, "P11_003_08": null, "P11_003_09": null, "P11_003_10": null, "P11_003_11": null, "P11_003_12": null, "P11_003_13": null, "P11_003_14": null, "P11_003_15": null, "P11_003_16": null, "P11_003_17": null, "P11_003_18": null, "P11_003_19": null, "P11_003_20": null, "P11_003_21": null, "P11_003_22": null, "P11_003_23": null, "P11_003_24": null, "P11_003_25": null, "P11_003_26": null, "P11_003_27": null, "P11_003_28": null, "P11_003_29": null, "P11_003_30": null, "P11_003_31": null, "P11_003_32": null, "P11_003_33": null, "P11_003_34": null, "P11_003_35": null, "P11_004_01": "1", "P11_004_02": null, "P11_004_03": null, "P11_004_04": null, "P11_004_05": null, "P11_004_06": null, "P11_004_07": null, "P11_004_08": null, "P11_004_09": null, "P11_004_10": null, "P11_004_11": null, "P11_004_12": null, "P11_004_13": null, "P11_004_14": null, "P11_004_15": null, "P11_004_16": null, "P11_004_17": null, "P11_004_18": null, "P11_004_19": null, "P11_004_20": null, "P11_004_21": null, "P11_004_22": null, "P11_004_23": null, "P11_004_24": null, "P11_004_25": null, "P11_004_26": null, "P11_004_27": null, "P11_004_28": null, "P11_004_29": null, "P11_004_30": null, "P11_004_31": null, "P11_004_32": null, "P11_004_33": null, "P11_004_34": null, "P11_004_35": null, "P11_005": null, "name": "マザー牧場（まきばゲート）", "operator": "日東交通（株）", "route": "君津・マザー牧場線", "layer": "bus_stops" }, "geometry": { "type": "Point", "coordinates": [ 139.9406015, 35.2480291 ] } },
{ "type": "Feature", "properties": { "P11_001": "東粟倉", "P11_002": "君津市", "P11_003_01": "中島・豊英線", "P11_003_02": null, "P11_003_03": null, "P11_003_04": null, "P11_003_05": null, "P11_003_06": null, "P11_003_07": null, "P11_003_08": null, "P11_003_09": null, "P11_003_10": null, "P11_003_11": null, "P11_003_12": null, "P11_003_13": null, "P11_003_14": null, "P11_003_15": null, "P11_003_16": null, "P11_003_17": null, "P11_003_18": null, "P11_003_19": null, "P11_003_20": null, "P11_003_21": null, "P11_003_22": null, "P11_003_23": null, "P11_003_24": null, "P11_003_25": null, "P11_003_26": null, "P11_003_27": null, "P11_003_28": null, "P11_003_29": null, "P11_003_30": null, "P11_003_31": null, "P11_003_32": null, "P11_003_33": null, "P11_003_34": null, "P11_003_35": null, "P11_004_01": "3", "P11_004_02": null, "P11_004_03": null, "P11_004_04": null, "P11_004_05": null, "P11_004_06": null, "P11_004_07": null, "P11_004_08": null, "P11_004_09": null, "P11_004_10": null, "P11_004_11": null, "P11_004_12": null, "P11_004_13": null, "P11_004_14": null, "P11_004_15": null, "P11_004_16": null, "P11_004_17": null, "P11_004_18": null, "P11_004_19": null, "P11_004_20": null, "P11_004_21": null, "P11_004_22": null, "P11_004_23": null, "P11_004_24": null, "P11_004_25": null, "P11_004_26": null, "P11_004_27": null, "P11_004_28": null, "P11_004_29": null, "P11_004_30": null, "P11_004_31": null, "P11_004_32": null, "P11_004_33": null, "P11_004_34": null, "P11_004_35": null, "P11_005": null, "name": "東粟倉", "operator": "君津市", "route": "中島・豊英線", "layer": "bus_stops" }, "geometry": { "type": "Point", "coordinates": [ 140.0041983, 35.2469019 ] } },
{ "type": "Feature", "properties": { "P11_001": "東粟倉", "P11_002": "日東交通（株）", "P11_003_01": "木更津鴨川線", "P11_003_02": null, "P11_003_03": null, "P11_003_04": null, "P11_003_05": null, "P11_003_06": null, "P11_003_07": null, "P11_003_08": null, "P11_003_09": null, "P11_003_10": null, "P11_003_11": null, "P11_003_12": null, "P11_003_13": null, "P11_003_14": null, "P11_003_15": null, "P11_003_16": null, "P11_003_17": null, "P11_003_18": null, "P11_003_19": null, "P11_003_20": null, "P11_003_21": null, "P11_003_22": null, "P11_003_23": null, "P11_003_24": null, "P11_003_25": null, "P11_003_26": null, "P11_003_27": null, "P11_003_28": null, "P11_003_29": null, "P11_003_30": null, "P11_003_31": null, "P11_003_32": null, "P11_003_33": null, "P11_003_34": null, "P11_003_35": null, "P11_004_01": "1", "P11_004_02": null, "P11_004_03": null, "P11_004_04": null, "P11_004_05": null, "P11_004_06": null, "P11_004_07": null, "P11_004_08": null, "P11_004_09": null, "P11_004_10": null, "P11_004_11": null, "P11_004_12": null, "P11_004_13": null, "P11_004_14": null, "P11_004_15": null, "P11_004_16": null, "P11_004_17": null, "P11_004_18": null, "P11_004_19": null, "P11_004_20": null, "P11_004_21": null, "P11_004_22": null, "P11_004_23": null, "P11_004_24": null, "P11_004_25": null, "P11_004_26": null, "P11_004_27": null, "P11_004_28": null, "P11_004_29": null, "P11_004_30": null, "P11_004_31": null, "P11_004_32": null, "P11_004_33": null, "P11_004_34": null, "P11_004_35": null, "P11_005": null, "name": "東粟倉", "operator": "日東交通（株）", "route": "木更津鴨川線", "layer": "bus_stops" }, "geometry": { "type": "Point", "coordinates": [ 140.0041983, 35.2469019 ] } },
{ "type": "Feature", "properties": { "P11_001": "平田", "P11_002": "君津市", "P11_003_01": "中島・豊英線", "P11_003_02": null, "P11_003_03": null, "P11_003_04": null, "P11_003_05": null, "P11_003_06": null, "P11_003_07": null, "P11_003_08": null, "P11_003_09": null, "P11_003_10": null, "P11_003_11": null, "P11_003_12": null, "P11_003_13": null, "P11_003_14": null, "P11_003_15": null, "P11_003_16": null, "P11_003_17": null, "P11_003_18": null, "P11_003_19": null, "P11_003_20": null, "P11_003_21": null, "P11_003_22": null, "P11_003_23": null, "P11_003_24": null, "P11_003_25": null, "P11_003_26": null, "P11_003_27": null, "P11_003_28": null, "P11_003_29": null, "P11_003_30": null, "P11_003_31": null, "P11_003_32": null, "P11_003_33": null, "P11_003_34": null, "P11_003_35": null, "P11_004_01": "3", "P11_004_02": null, "P11_004_03": null, "P11_004_04": null, "P11_004_05": null, "P11_004_06": null, "P11_004_07": null, "P11_004_08": null, "P11_004_09": null, "P11_004_10": null, "P11_004_11": null, "P11_004_12": null, "P11_004_13": null, "P11_004_14": null, "P11_004_15": null, "P11_004_16": null, "P11_004_17": null, "P11_004_18": null, "P11_004_19": null, "P11_004_20": null, "P11_004_21": null, "P11_004_22": null, "P11_004_23": null, "P11_004_24": null, "P11_004_25": null, "P11_004_26": null, "P11_004_27": null, "P11_004_28": null, "P11_004_29": null, "P11_004_30": null, "P11_004_31": null, "P11_004_32": null, "P11_004_33": null, "P11_004_34": null, "P11_004_35": null, "P11_005": null, "name": "平田", "operator": "君津市", "route": "中島・豊英線", "layer": "bus_stops" }, "geometry": { "type": "Point", "coordinates": [ 139.9929829, 35.2458458 ] } },
{ "type": "Feature", "properties": { "P11_001": "植畑本郷", "P11_002": "君津市", "P11_003_01": "中島・豊英線", "P11_003_02": null, "P11_003_03": null, "P11_003_04": null, "P11_003_05": null, "P11_003_06": null, "P11_003_07": null, "P11_003_08": null, "P11_003_09": null, "P11_003_10": null, "P11_003_11": null, "P11_003_12": null, "P11_003_13": null, "P11_003_14": null, "P11_003_15": null, "P11_003_16": null, "P11_003_17": null, "P11_003_18": null, "P11_003_19": null, "P11_003_20": null, "P11_003_21": null, "P11_003_22": null, "P11_003_23": null, "P11_003_24": null, "P11_003_25": null, "P11_003_26": null, "P11_003_27": null, "P11_003_28": null, "P11_003_29": null, "P11_003_30": null, "P11_003_31": null, "P11_003_32": null, "P11_003_33": null, "P11_003_34": null, "P11_003_35": null, "P11_004_01": "3", "P11_004_02": null, "P11_004_03": null, "P11_004_04": null, "P11_004_05": null, "P11_004_06": null, "P11_004_07": null, "P11_004_08": null, "P11_004_09": null, "P11_004_10": null, "P11_004_11": null, "P11_004_12": null, "P11_004_13": null, "P11_004_14": null, "P11_004_15": null, "P11_004_16": null, "P11_004_17": null, "P11_004_18": null, "P11_004_19": null, "P11_004_20": null, "P11_004_21": null, "P11_004_22": null, "P11_004_23": null, "P11_004_24": null, "P11_004_25": null, "P11_004_26": null, "P11_004_27": null, "P11_004_28": null, "P11_004_29": null, "P11_004_30": null, "P11_004_31": null, "P11_004_32": null, "P11_004_33": null, "P11_004_34": null, "P11_004_35": null, "P11_005": null, "name": "植畑本郷", "operator": "君津市", "route": "中島・豊英線", "layer": "bus_stops" }, "geometry": { "type": "Point", "coordinates": [ 139.9959027, 35.2433555 ] } },
{ "type": "Feature", "properties": { "P11_001": "植畑根形", "P11_002": "君津市", "P11_003_01": "中島・豊英線", "P11_003_02": null, "P11_003_03": null, "P11_003_04": null, "P11_003_05": null, "P11_003_06": null, "P11_003_07": null, "P11_003_08": null, "P11_003_09": null, "P11_003_10": null, "P11_003_11": null, "P11_003_12": null, "P11_003_13": null, "P11_003_14": null, "P11_003_15": null, "P11_003_16": null, "P11_003_17": null, "P11_003_18": null, "P11_003_19": null, "P11_003_20": null, "P11_003_21": null, "P11_003_22": null, "P11_003_23": null, "P11_003_24": null, "P11_003_25": null, "P11_003_26": null, "P11_003_27": null, "P11_003_28": null, "P11_003_29": null, "P11_003_30": null, "P11_003_31": null, "P11_003_32": null, "P11_003_33": null, "P11_003_34": null, "P11_003_35": null, "P11_004_01": "3", "P11_004_02": null, "P11_004_03": null, "P11_004_04": null, "P11_004_05": null, "P11_004_06": null, "P11_004_07": null, "P11_004_08": null, "P11_004_09": null, "P11_004_10": null, "P11_004_11": null, "P11_004_12": null, "P11_004_13": null, "P11_004_14": null, "P11_004_15": null, "P11_004_16": null, "P11_004_17": null, "P11_004_18": null, "P11_004_19": null, "P11_004_20": null, "P11_004_21": null, "P11_004_22": null, "P11_004_23": null, "P11_004_24": null, "P11_004_25": null, "P11_004_26": null, "P11_004_27": null, "P11_004_28": null, "P11_004_29": null, "P11_004_30": null, "P11_004_31": null, "P11_004_32": null, "P11_004_33": null, "P11_004_34": null, "P11_004_35": null, "P11_005": null, "name": "植畑根形", "operator": "君津市", "route": "中島・豊英線", "layer": "bus_stops" }, "geometry": { "type": "Point", "coordinates": [ 139.9927217, 35.2393161 ] } },
{ "type": "Feature", "properties": { "P11_001": "日笠", "P11_002": "君津市", "P11_003_01": "中島・豊英線", "P11_003_02": null, "P11_003_03": null, "P11_003_04": null, "P11_003_05": null, "P11_003_06": null, "P11_003_07": null, "P11_003_08": null, "P11_003_09": null, "P11_003_10": null, "P11_003_11": null, "P11_003_12": null, "P11_003_13": null, "P11_003_14": null, "P11_003_15": null, "P11_003_16": null, "P11_003_17": null, "P11_003_18": null, "P11_003_19": null, "P11_003_20": null, "P11_003_21": null, "P11_003_22": null, "P11_003_23": null, "P11_003_24": null, "P11_003_25": null, "P11_003_26": null, "P11_003_27": null, "P11_003_28": null, "P11_003_29": null, "P11_003_30": null, "P11_003_31": null, "P11_003_32": null, "P11_003_33": null, "P11_003_34": null, "P11_003_35": null, "P11_004_01": "3", "P11_004_02": null, "P11_004_03": null, "P11_004_04": null, "P11_004_05": null, "P11_004_06": null, "P11_004_07": null, "P11_004_08": null, "P11_004_09": null, "P11_004_10": null, "P11_004_11": null, "P11_004_12": null, "P11_004_13": null, "P11_004_14": null, "P11_004_15": null, "P11_004_16": null, "P11_004_17": null, "P11_004_18": null, "P11_004_19": null, "P11_004_20": null, "P11_004_21": null, "P11_004_22": null, "P11_004_23": null, "P11_004_24": null, "P11_004_25": null, "P11_004_26": null, "P11_004_27": null, "P11_004_28": null, "P11_004_29": null, "P11_004_30": null, "P11_004_31": null, "P11_004_32": null, "P11_004_33": null, "P11_004_34": null, "P11_004_35": null, "P11_005": null, "name": "日笠", "operator": "君津市", "route": "中島・豊英線", "layer": "bus_stops" }, "geometry": { "type": "Point", "coordinates": [ 140.000914, 35.2386598 ] } },
{ "type": "Feature", "properties": { "P11_001": "富津浅間山バスストップ", "P11_002": "京浜急行バス（株）・日東交通（株）", "P11_003_01": "羽田空港　⇔　君津", "P11_003_02": null, "P11_003_03": null, "P11_003_04": null, "P11_003_05": null, "P11_003_06": null, "P11_003_07": null, "P11_003_08": null, "P11_003_09": null, "P11_003_10": null, "P11_003_11": null, "P11_003_12": null, "P11_003_13": null, "P11_003_14": null, "P11_003_15": null, "P11_003_16": null, "P11_003_17": null, "P11_003_18": null, "P11_003_19": null, "P11_003_20": null, "P11_003_21": null, "P11_003_22": null, "P11_003_23": null, "P11_003_24": null, "P11_003_25": null, "P11_003_26": null, "P11_003_27": null, "P11_003_28": null, "P11_003_29": null, "P11_003_30": null, "P11_003_31": null, "P11_003_32": null, "P11_003_33": null, "P11_003_34": null, "P11_003_35": null, "P11_004_01": "1", "P11_004_02": null, "P11_004_03": null, "P11_004_04": null, "P11_004_05": null, "P11_004_06": null, "P11_004_07": null, "P11_004_08": null, "P11_004_09": null, "P11_004_10": null, "P11_004_11": null, "P11_004_12": null, "P11_004_13": null, "P11_004_14": null, "P11_004_15": null, "P11_004_16": null, "P11_004_17": null, "P11_004_18": null, "P11_004_19": null, "P11_004_20": null, "P11_004_21": null, "P11_004_22": null, "P11_004_23": null, "P11_004_24": null, "P11_004_25": null, "P11_004_26": null, "P11_004_27": null, "P11_004_28": null, "P11_004_29": null, "P11_004_30": null, "P11_004_31": null, "P11_004_32": null, "P11_004_33": null, "P11_004_34": null, "P11_004_35": null, "P11_005": null, "name": "富津浅間山バスストップ", "operator": "京浜急行バス（株）・日東交通（株）", "route": "羽田空港　⇔　君津", "layer": "bus_stops" }, "geometry": { "type": "Point", "coordinates": [ 139.8881141, 35.2361093 ] } },
{ "type": "Feature", "properties": { "P11_001": "清和小", "P11_002": "君津市", "P11_003_01": "中島・豊英線", "P11_003_02": null, "P11_003_03": null, "P11_003_04": null, "P11_003_05": null, "P11_003_06": null, "P11_003_07": null, "P11_003_08": null, "P11_003_09": null, "P11_003_10": null, "P11_003_11": null, "P11_003_12": null, "P11_003_13": null, "P11_003_14": null, "P11_003_15": null, "P11_003_16": null, "P11_003_17": null, "P11_003_18": null, "P11_003_19": null, "P11_003_20": null, "P11_003_21": null, "P11_003_22": null, "P11_003_23": null, "P11_003_24": null, "P11_003_25": null, "P11_003_26": null, "P11_003_27": null, "P11_003_28": null, "P11_003_29": null, "P11_003_30": null, "P11_003_31": null, "P11_003_32": null, "P11_003_33": null, "P11_003_34": null, "P11_003_35": null, "P11_004_01": "3", "P11_004_02": null, "P11_004_03": null, "P11_004_04": null, "P11_004_05": null, "P11_004_06": null, "P11_004_07": null, "P11_004_08": null, "P11_004_09": null, "P11_004_10": null, "P11_004_11": null, "P11_004_12": null, "P11_004_13": null, "P11_004_14": null, "P11_004_15": null, "P11_004_16": null, "P11_004_17": null, "P11_004_18": null, "P11_004_19": null, "P11_004_20": null, "P11_004_21": null, "P11_004_22": null, "P11_004_23": null, "P11_004_24": null, "P11_004_25": null, "P11_004_26": null, "P11_004_27": null, "P11_004_28": null, "P11_004_29": null, "P11_004_30": null, "P11_004_31": null, "P11_004_32": null, "P11_004_33": null, "P11_004_34": null, "P11_004_35": null, "P11_005": null, "name": "清和小", "operator": "君津市", "route": "中島・豊英線", "layer": "bus_stops" }, "geometry": { "type": "Point", "coordinates": [ 140.0016874, 35.2359401 ] } },
{ "type": "Feature", "properties": { "P11_001": "清和中", "P11_002": "日東交通（株）", "P11_003_01": "木更津鴨川線", "P11_003_02": null, "P11_003_03": null, "P11_003_04": null, "P11_003_05": null, "P11_003_06": null, "P11_003_07": null, "P11_003_08": null, "P11_003_09": null, "P11_003_10": null, "P11_003_11": null, "P11_003_12": null, "P11_003_13": null, "P11_003_14": null, "P11_003_15": null, "P11_003_16": null, "P11_003_17": null, "P11_003_18": null, "P11_003_19": null, "P11_003_20": null, "P11_003_21": null, "P11_003_22": null, "P11_003_23": null, "P11_003_24": null, "P11_003_25": null, "P11_003_26": null, "P11_003_27": null, "P11_003_28": null, "P11_003_29": null, "P11_003_30": null, "P11_003_31": null, "P11_003_32": null, "P11_003_33": null, "P11_003_34": null, "P11_003_35": null, "P11_004_01": "1", "P11_004_02": null, "P11_004_03": null, "P11_004_04": null, "P11_004_05": null, "P11_004_06": null, "P11_004_07": null, "P11_004_08": null, "P11_004_09": null, "P11_004_10": null, "P11_004_11": null, "P11_004_12": null, "P11_004_13": null, "P11_004_14": null, "P11_004_15": null, "P11_004_16": null, "P11_004_17": null, "P11_004_18": null, "P11_004_19": null, "P11_004_20": null, "P11_004_21": null, "P11_004_22": null, "P11_004_23": null, "P11_004_24": null, "P11_004_25": null, "P11_004_26": null, "P11_004_27": null, "P11_004_28": null, "P11_004_29": null, "P11_004_30": null, "P11_004_31": null, "P11_004_32": null, "P11_004_33": null, "P11_004_34": null, "P11_004_35": null, "P11_005": null, "name": "清和中", "operator": "日東交通（株）", "route": "木更津鴨川線", "layer": "bus_stops" }, "geometry": { "type": "Point", "coordinates": [ 140.0016874, 35.2359401 ] } },
{ "type": "Feature", "properties": { "P11_001": "公会堂前", "P11_002": "君津市", "P11_003_01": "中島・豊英線", "P11_003_02": null, "P11_003_03": null, "P11_003_04": null, "P11_003_05": null, "P11_003_06": null, "P11_003_07": null, "P11_003_08": null, "P11_003_09": null, "P11_003_10": null, "P11_003_11": null, "P11_003_12": null, "P11_003_13": null, "P11_003_14": null, "P11_003_15": null, "P11_003_16": null, "P11_003_17": null, "P11_003_18": null, "P11_003_19": null, "P11_003_20": null, "P11_003_21": null, "P11_003_22": null, "P11_003_23": null, "P11_003_24": null, "P11_003_25": null, "P11_003_26": null, "P11_003_27": null, "P11_003_28": null, "P11_003_29": null, "P11_003_30": null, "P11_003_31": null, "P11_003_32": null, "P11_003_33": null, "P11_003_34": null, "P11_003_35": null, "P11_004_01": "3", "P11_004_02": null, "P11_004_03": null, "P11_004_04": null, "P11_004_05": null, "P11_004_06": null, "P11_004_07": null, "P11_004_08": null, "P11_004_09": null, "P11_004_10": null, "P11_004_11": null, "P11_004_12": null, "P11_004_13": null, "P11_004_14": null, "P11_004_15": null, "P11_004_16": null, "P11_004_17": null, "P11_004_18": null, "P11_004_19": null, "P11_004_20": null, "P11_004_21": null, "P11_004_22": null, "P11_004_23": null, "P11_004_24": null, "P11_004_25": null, "P11_004_26": null, "P11_004_27": null, "P11_004_28": null, "P11_004_29": null, "P11_004_30": null, "P11_004_31": null, "P11_004_32": null, "P11_004_33": null, "P11_004_34": null, "P11_004_35": null, "P11_005": null, "name": "公会堂前", "operator": "君津市", "route": "中島・豊英線", "layer": "bus_stops" }, "geometry": { "type": "Point", "coordinates": [ 140.004085, 35.2347461 ] } },
{ "type": "Feature", "properties": { "P11_001": "植畑上郷", "P11_002": "君津市", "P11_003_01": "中島・豊英線", "P11_003_02": null, "P11_003_03": null, "P11_003_04": null, "P11_003_05": null, "P11_003_06": null, "P11_003_07": null, "P11_003_08": null, "P11_003_09": null, "P11_003_10": null, "P11_003_11": null, "P11_003_12": null, "P11_003_13": null, "P11_003_14": null, "P11_003_15": null, "P11_003_16": null, "P11_003_17": null, "P11_003_18": null, "P11_003_19": null, "P11_003_20": null, "P11_003_21": null, "P11_003_22": null, "P11_003_23": null, "P11_003_24": null, "P11_003_25": null, "P11_003_26": null, "P11_003_27": null, "P11_003_28": null, "P11_003_29": null, "P11_003_30": null, "P11_003_31": null, "P11_003_32": null, "P11_003_33": null, "P11_003_34": null, "P11_003_35": null, "P11_004_01": "3", "P11_004_02": null, "P11_004_03": null, "P11_004_04": null, "P11_004_05": null, "P11_004_06": null, "P11_004_07": null, "P11_004_08": null, "P11_004_09": null, "P11_004_10": null, "P11_004_11": null, "P11_004_12": null, "P11_004_13": null, "P11_004_14": null, "P11_004_15": null, "P11_004_16": null, "P11_004_17": null, "P11_004_18": null, "P11_004_19": null, "P11_004_20": null, "P11_004_21": null, "P11_004_22": null, "P11_004_23": null, "P11_004_24": null, "P11_004_25": null, "P11_004_26": null, "P11_004_27": null, "P11_004_28": null, "P11_004_29": null, "P11_004_30": null, "P11_004_31": null, "P11_004_32": null, "P11_004_33": null, "P11_004_34": null, "P11_004_35": null, "P11_005": null, "name": "植畑上郷", "operator": "君津市", "route": "中島・豊英線", "layer": "bus_stops" }, "geometry": { "type": "Point", "coordinates": [ 139.9955806, 35.2340721 ] } },
{ "type": "Feature", "properties": { "P11_001": "長浜", "P11_002": "日東交通（株）", "P11_003_01": "湊・富津線", "P11_003_02": null, "P11_003_03": null, "P11_003_04": null, "P11_003_05": null, "P11_003_06": null, "P11_003_07": null, "P11_003_08": null, "P11_003_09": null, "P11_003_10": null, "P11_003_11": null, "P11_003_12": null, "P11_003_13": null, "P11_003_14": null, "P11_003_15": null, "P11_003_16": null, "P11_003_17": null, "P11_003_18": null, "P11_003_19": null, "P11_003_20": null, "P11_003_21": null, "P11_003_22": null, "P11_003_23": null, "P11_003_24": null, "P11_003_25": null, "P11_003_26": null, "P11_003_27": null, "P11_003_28": null, "P11_003_29": null, "P11_003_30": null, "P11_003_31": null, "P11_003_32": null, "P11_003_33": null, "P11_003_34": null, "P11_003_35": null, "P11_004_01": "1", "P11_004_02": null, "P11_004_03": null, "P11_004_04": null, "P11_004_05": null, "P11_004_06": null, "P11_004_07": null, "P11_004_08": null, "P11_004_09": null, "P11_004_10": null, "P11_004_11": null, "P11_004_12": null, "P11_004_13": null, "P11_004_14": null, "P11_004_15": null, "P11_004_16": null, "P11_004_17": null, "P11_004_18": null, "P11_004_19": null, "P11_004_20": null, "P11_004_21": null, "P11_004_22": null, "P11_004_23": null, "P11_004_24": null, "P11_004_25": null, "P11_004_26": null, "P11_004_27": null, "P11_004_28": null, "P11_004_29": null, "P11_004_30": null, "P11_004_31": null, "P11_004_32": null, "P11_004_33": null, "P11_004_34": null, "P11_004_35": null, "P11_005": null, "name": "長浜", "operator": "日東交通（株）", "route": "湊・富津線", "layer": "bus_stops" }, "geometry": { "type": "Point", "coordinates": [ 139.8770044, 35.2322541 ] } },
{ "type": "Feature", "properties": { "P11_001": "東日笠", "P11_002": "君津市", "P11_003_01": "中島・豊英線", "P11_003_02": null, "P11_003_03": null, "P11_003_04": null, "P11_003_05": null, "P11_003_06": null, "P11_003_07": null, "P11_003_08": null, "P11_003_09": null, "P11_003_10": null, "P11_003_11": null, "P11_003_12": null, "P11_003_13": null, "P11_003_14": null, "P11_003_15": null, "P11_003_16": null, "P11_003_17": null, "P11_003_18": null, "P11_003_19": null, "P11_003_20": null, "P11_003_21": null, "P11_003_22": null, "P11_003_23": null, "P11_003_24": null, "P11_003_25": null, "P11_003_26": null, "P11_003_27": null, "P11_003_28": null, "P11_003_29": null, "P11_003_30": null, "P11_003_31": null, "P11_003_32": null, "P11_003_33": null, "P11_003_34": null, "P11_003_35": null, "P11_004_01": "3", "P11_004_02": null, "P11_004_03": null, "P11_004_04": null, "P11_004_05": null, "P11_004_06": null, "P11_004_07": null, "P11_004_08": null, "P11_004_09": null, "P11_004_10": null, "P11_004_11": null, "P11_004_12": null, "P11_004_13": null, "P11_004_14": null, "P11_004_15": null, "P11_004_16": null, "P11_004_17": null, "P11_004_18": null, "P11_004_19": null, "P11_004_20": null, "P11_004_21": null, "P11_004_22": null, "P11_004_23": null, "P11_004_24": null, "P11_004_25": null, "P11_004_26": null, "P11_004_27": null, "P11_004_28": null, "P11_004_29": null, "P11_004_30": null, "P11_004_31": null, "P11_004_32": null, "P11_004_33": null, "P11_004_34": null, "P11_004_35": null, "P11_005": null, "name": "東日笠", "operator": "君津市", "route": "中島・豊英線", "layer": "bus_stops" }, "geometry": { "type": "Point", "coordinates": [ 140.0046649, 35.231303 ] } },
{ "type": "Feature", "properties": { "P11_001": "東日笠", "P11_002": "日東交通（株）", "P11_003_01": "木更津鴨川線", "P11_003_02": null, "P11_003_03": null, "P11_003_04": null, "P11_003_05": null, "P11_003_06": null, "P11_003_07": null, "P11_003_08": null, "P11_003_09": null, "P11_003_10": null, "P11_003_11": null, "P11_003_12": null, "P11_003_13": null, "P11_003_14": null, "P11_003_15": null, "P11_003_16": null, "P11_003_17": null, "P11_003_18": null, "P11_003_19": null, "P11_003_20": null, "P11_003_21": null, "P11_003_22": null, "P11_003_23": null, "P11_003_24": null, "P11_003_25": null, "P11_003_26": null, "P11_003_27": null, "P11_003_28": null, "P11_003_29": null, "P11_003_30": null, "P11_003_31": null, "P11_003_32": null, "P11_003_33": null, "P11_003_34": null, "P11_003_35": null, "P11_004_01": "1", "P11_004_02": null, "P11_004_03": null, "P11_004_04": null, "P11_004_05": null, "P11_004_06": null, "P11_004_07": null, "P11_004_08": null, "P11_004_09": null, "P11_004_10": null, "P11_004_11": null, "P11_004_12": null, "P11_004_13": null, "P11_004_14": null, "P11_004_15": null, "P11_004_16": null, "P11_004_17": null, "P11_004_18": null, "P11_004_19": null, "P11_004_20": null, "P11_004_21": null, "P11_004_22": null, "P11_004_23": null, "P11_004_24": null, "P11_004_25": null, "P11_004_26": null, "P11_004_27": null, "P11_004_28": null, "P11_004_29": null, "P11_004_30": null, "P11_004_31": null, "P11_004_32": null, "P11_004_33": null, "P11_004_34": null, "P11_004_35": null, "P11_005": null, "name": "東日笠", "operator": "日東交通（株）", "route": "木更津鴨川線", "layer": "bus_stops" }, "geometry": { "type": "Point", "coordinates": [ 140.0046649, 35.231303 ] } },
{ "type": "Feature", "properties": { "P11_001": "二入", "P11_002": "君津市", "P11_003_01": "中島・豊英線", "P11_003_02": null, "P11_003_03": null, "P11_003_04": null, "P11_003_05": null, "P11_003_06": null, "P11_003_07": null, "P11_003_08": null, "P11_003_09": null, "P11_003_10": null, "P11_003_11": null, "P11_003_12": null, "P11_003_13": null, "P11_003_14": null, "P11_003_15": null, "P11_003_16": null, "P11_003_17": null, "P11_003_18": null, "P11_003_19": null, "P11_003_20": null, "P11_003_21": null, "P11_003_22": null, "P11_003_23": null, "P11_003_24": null, "P11_003_25": null, "P11_003_26": null, "P11_003_27": null, "P11_003_28": null, "P11_003_29": null, "P11_003_30": null, "P11_003_31": null, "P11_003_32": null, "P11_003_33": null, "P11_003_34": null, "P11_003_35": null, "P11_004_01": "3", "P11_004_02": null, "P11_004_03": null, "P11_004_04": null, "P11_004_05": null, "P11_004_06": null, "P11_004_07": null, "P11_004_08": null, "P11_004_09": null, "P11_004_10": null, "P11_004_11": null, "P11_004_12": null, "P11_004_13": null, "P11_004_14": null, "P11_004_15": null, "P11_004_16": null, "P11_004_17": null, "P11_004_18": null, "P11_004_19": null, "P11_004_20": null, "P11_004_21": null, "P11_004_22": null, "P11_004_23": null, "P11_004_24": null, "P11_004_25": null, "P11_004_26": null, "P11_004_27": null, "P11_004_28": null, "P11_004_29": null, "P11_004_30": null, "P11_004_31": null, "P11_004_32": null, "P11_004_33": null, "P11_004_34": null, "P11_004_35": null, "P11_005": null, "name": "二入", "operator": "君津市", "route": "中島・豊英線", "layer": "bus_stops" }, "geometry": { "type": "Point", "coordinates": [ 140.0126976, 35.2292836 ] } },
{ "type": "Feature", "properties": { "P11_001": "日の出橋", "P11_002": "君津市", "P11_003_01": "中島・豊英線", "P11_003_02": null, "P11_003_03": null, "P11_003_04": null, "P11_003_05": null, "P11_003_06": null, "P11_003_07": null, "P11_003_08": null, "P11_003_09": null, "P11_003_10": null, "P11_003_11": null, "P11_003_12": null, "P11_003_13": null, "P11_003_14": null, "P11_003_15": null, "P11_003_16": null, "P11_003_17": null, "P11_003_18": null, "P11_003_19": null, "P11_003_20": null, "P11_003_21": null, "P11_003_22": null, "P11_003_23": null, "P11_003_24": null, "P11_003_25": null, "P11_003_26": null, "P11_003_27": null, "P11_003_28": null, "P11_003_29": null, "P11_003_30": null, "P11_003_31": null, "P11_003_32": null, "P11_003_33": null, "P11_003_34": null, "P11_003_35": null, "P11_004_01": "3", "P11_004_02": null, "P11_004_03": null, "P11_004_04": null, "P11_004_05": null, "P11_004_06": null, "P11_004_07": null, "P11_004_08": null, "P11_004_09": null, "P11_004_10": null, "P11_004_11": null, "P11_004_12": null, "P11_004_13": null, "P11_004_14": null, "P11_004_15": null, "P11_004_16": null, "P11_004_17": null, "P11_004_18": null, "P11_004_19": null, "P11_004_20": null, "P11_004_21": null, "P11_004_22": null, "P11_004_23": null, "P11_004_24": null, "P11_004_25": null, "P11_004_26": null, "P11_004_27": null, "P11_004_28": null, "P11_004_29": null, "P11_004_30": null, "P11_004_31": null, "P11_004_32": null, "P11_004_33": null, "P11_004_34": null, "P11_004_35": null, "P11_005": null, "name": "日の出橋", "operator": "君津市", "route": "中島・豊英線", "layer": "bus_stops" }, "geometry": { "type": "Point", "coordinates": [ 139.9966644, 35.2291046 ] } },
{ "type": "Feature", "properties": { "P11_001": "追込台", "P11_002": "君津市", "P11_003_01": "中島・豊英線", "P11_003_02": null, "P11_003_03": null, "P11_003_04": null, "P11_003_05": null, "P11_003_06": null, "P11_003_07": null, "P11_003_08": null, "P11_003_09": null, "P11_003_10": null, "P11_003_11": null, "P11_003_12": null, "P11_003_13": null, "P11_003_14": null, "P11_003_15": null, "P11_003_16": null, "P11_003_17": null, "P11_003_18": null, "P11_003_19": null, "P11_003_20": null, "P11_003_21": null, "P11_003_22": null, "P11_003_23": null, "P11_003_24": null, "P11_003_25": null, "P11_003_26": null, "P11_003_27": null, "P11_003_28": null, "P11_003_29": null, "P11_003_30": null, "P11_003_31": null, "P11_003_32": null, "P11_003_33": null, "P11_003_34": null, "P11_003_35": null, "P11_004_01": "3", "P11_004_02": null, "P11_004_03": null, "P11_004_04": null, "P11_004_05": null, "P11_004_06": null, "P11_004_07": null, "P11_004_08": null, "P11_004_09": null, "P11_004_10": null, "P11_004_11": null, "P11_004_12": null, "P11_004_13": null, "P11_004_14": null, "P11_004_15": null, "P11_004_16": null, "P11_004_17": null, "P11_004_18": null, "P11_004_19": null, "P11_004_20": null, "P11_004_21": null, "P11_004_22": null, "P11_004_23": null, "P11_004_24": null, "P11_004_25": null, "P11_004_26": null, "P11_004_27": null, "P11_004_28": null, "P11_004_29": null, "P11_004_30": null, "P11_004_31": null, "P11_004_32": null, "P11_004_33": null, "P11_004_34": null, "P11_004_35": null, "P11_005": null, "name": "追込台", "operator": "君津市", "route": "中島・豊英線", "layer": "bus_stops" }, "geometry": { "type": "Point", "coordinates": [ 140.0031189, 35.2290258 ] } },
{ "type": "Feature", "properties": { "P11_001": "穴原口", "P11_002": "君津市", "P11_003_01": "中島・豊英線", "P11_003_02": null, "P11_003_03": null, "P11_003_04": null, "P11_003_05": null, "P11_003_06": null, "P11_003_07": null, "P11_003_08": null, "P11_003_09": null, "P11_003_10": null, "P11_003_11": null, "P11_003_12": null, "P11_003_13": null, "P11_003_14": null, "P11_003_15": null, "P11_003_16": null, "P11_003_17": null, "P11_003_18": null, "P11_003_19": null, "P11_003_20": null, "P11_003_21": null, "P11_003_22": null, "P11_003_23": null, "P11_003_24": null, "P11_003_25": null, "P11_003_26": null, "P11_003_27": null, "P11_003_28": null, "P11_003_29": null, "P11_003_30": null, "P11_003_31": null, "P11_003_32": null, "P11_003_33": null, "P11_003_34": null, "P11_003_35": null, "P11_004_01": "3", "P11_004_02": null, "P11_004_03": null, "P11_004_04": null, "P11_004_05": null, "P11_004_06": null, "P11_004_07": null, "P11_004_08": null, "P11_004_09": null, "P11_004_10": null, "P11_004_11": null, "P11_004_12": null, "P11_004_13": null, "P11_004_14": null, "P11_004_15": null, "P11_004_16": null, "P11_004_17": null, "P11_004_18": null, "P11_004_19": null, "P11_004_20": null, "P11_004_21": null, "P11_004_22": null, "P11_004_23": null, "P11_004_24": null, "P11_004_25": null, "P11_004_26": null, "P11_004_27": null, "P11_004_28": null, "P11_004_29": null, "P11_004_30": null, "P11_004_31": null, "P11_004_32": null, "P11_004_33": null, "P11_004_34": null, "P11_004_35": null, "P11_005": null, "name": "穴原口", "operator": "君津市", "route": "中島・豊英線", "layer": "bus_stops" }, "geometry": { "type": "Point", "coordinates": [ 140.0151174, 35.2288033 ] } },
{ "type": "Feature", "properties": { "P11_001": "西日笠", "P11_002": "君津市", "P11_003_01": "中島・豊英線", "P11_003_02": null, "P11_003_03": null, "P11_003_04": null, "P11_003_05": null, "P11_003_06": null, "P11_003_07": null, "P11_003_08": null, "P11_003_09": null, "P11_003_10": null, "P11_003_11": null, "P11_003_12": null, "P11_003_13": null, "P11_003_14": null, "P11_003_15": null, "P11_003_16": null, "P11_003_17": null, "P11_003_18": null, "P11_003_19": null, "P11_003_20": null, "P11_003_21": null, "P11_003_22": null, "P11_003_23": null, "P11_003_24": null, "P11_003_25": null, "P11_003_26": null, "P11_003_27": null, "P11_003_28": null, "P11_003_29": null, "P11_003_30": null, "P11_003_31": null, "P11_003_32": null, "P11_003_33": null, "P11_003_34": null, "P11_003_35": null, "P11_004_01": "3", "P11_004_02": null, "P11_004_03": null, "P11_004_04": null, "P11_004_05": null, "P11_004_06": null, "P11_004_07": null, "P11_004_08": null, "P11_004_09": null, "P11_004_10": null, "P11_004_11": null, "P11_004_12": null, "P11_004_13": null, "P11_004_14": null, "P11_004_15": null, "P11_004_16": null, "P11_004_17": null, "P11_004_18": null, "P11_004_19": null, "P11_004_20": null, "P11_004_21": null, "P11_004_22": null, "P11_004_23": null, "P11_004_24": null, "P11_004_25": null, "P11_004_26": null, "P11_004_27": null, "P11_004_28": null, "P11_004_29": null, "P11_004_30": null, "P11_004_31": null, "P11_004_32": null, "P11_004_33": null, "P11_004_34": null, "P11_004_35": null, "P11_005": null, "name": "西日笠", "operator": "君津市", "route": "中島・豊英線", "layer": "bus_stops" }, "geometry": { "type": "Point", "coordinates": [ 140.0007327, 35.2272199 ] } },
{ "type": "Feature", "properties": { "P11_001": "辻森", "P11_002": "君津市", "P11_003_01": "中島・豊英線", "P11_003_02": null, "P11_003_03": null, "P11_003_04": null, "P11_003_05": null, "P11_003_06": null, "P11_003_07": null, "P11_003_08": null, "P11_003_09": null, "P11_003_10": null, "P11_003_11": null, "P11_003_12": null, "P11_003_13": null, "P11_003_14": null, "P11_003_15": null, "P11_003_16": null, "P11_003_17": null, "P11_003_18": null, "P11_003_19": null, "P11_003_20": null, "P11_003_21": null, "P11_003_22": null, "P11_003_23": null, "P11_003_24": null, "P11_003_25": null, "P11_003_26": null, "P11_003_27": null, "P11_003_28": null, "P11_003_29": null, "P11_003_30": null, "P11_003_31": null, "P11_003_32": null, "P11_003_33": null, "P11_003_34": null, "P11_003_35": null, "P11_004_01": "3", "P11_004_02": null, "P11_004_03": null, "P11_004_04": null, "P11_004_05": null, "P11_004_06": null, "P11_004_07": null, "P11_004_08": null, "P11_004_09": null, "P11_004_10": null, "P11_004_11": null, "P11_004_12": null, "P11_004_13": null, "P11_004_14": null, "P11_004_15": null, "P11_004_16": null, "P11_004_17": null, "P11_004_18": null, "P11_004_19": null, "P11_004_20": null, "P11_004_21": null, "P11_004_22": null, "P11_004_23": null, "P11_004_24": null, "P11_004_25": null, "P11_004_26": null, "P11_004_27": null, "P11_004_28": null, "P11_004_29": null, "P11_004_30": null, "P11_004_31": null, "P11_004_32": null, "P11_004_33": null, "P11_004_34": null, "P11_004_35": null, "P11_005": null, "name": "辻森", "operator": "君津市", "route": "中島・豊英線", "layer": "bus_stops" }, "geometry": { "type": "Point", "coordinates": [ 140.0192426, 35.2246266 ] } },
{ "type": "Feature", "properties": { "P11_001": "辻森", "P11_002": "日東交通（株）", "P11_003_01": "木更津鴨川線", "P11_003_02": null, "P11_003_03": null, "P11_003_04": null, "P11_003_05": null, "P11_003_06": null, "P11_003_07": null, "P11_003_08": null, "P11_003_09": null, "P11_003_10": null, "P11_003_11": null, "P11_003_12": null, "P11_003_13": null, "P11_003_14": null, "P11_003_15": null, "P11_003_16": null, "P11_003_17": null, "P11_003_18": null, "P11_003_19": null, "P11_003_20": null, "P11_003_21": null, "P11_003_22": null, "P11_003_23": null, "P11_003_24": null, "P11_003_25": null, "P11_003_26": null, "P11_003_27": null, "P11_003_28": null, "P11_003_29": null, "P11_003_30": null, "P11_003_31": null, "P11_003_32": null, "P11_003_33": null, "P11_003_34": null, "P11_003_35": null, "P11_004_01": "1", "P11_004_02": null, "P11_004_03": null, "P11_004_04": null, "P11_004_05": null, "P11_004_06": null, "P11_004_07": null, "P11_004_08": null, "P11_004_09": null, "P11_004_10": null, "P11_004_11": null, "P11_004_12": null, "P11_004_13": null, "P11_004_14": null, "P11_004_15": null, "P11_004_16": null, "P11_004_17": null, "P11_004_18": null, "P11_004_19": null, "P11_004_20": null, "P11_004_21": null, "P11_004_22": null, "P11_004_23": null, "P11_004_24": null, "P11_004_25": null, "P11_004_26": null, "P11_004_27": null, "P11_004_28": null, "P11_004_29": null, "P11_004_30": null, "P11_004_31": null, "P11_004_32": null, "P11_004_33": null, "P11_004_34": null, "P11_004_35": null, "P11_005": null, "name": "辻森", "operator": "日東交通（株）", "route": "木更津鴨川線", "layer": "bus_stops" }, "geometry": { "type": "Point", "coordinates": [ 140.0192426, 35.2246266 ] } },
{ "type": "Feature", "properties": { "P11_001": "新道台", "P11_002": "君津市", "P11_003_01": "中島・豊英線", "P11_003_02": null, "P11_003_03": null, "P11_003_04": null, "P11_003_05": null, "P11_003_06": null, "P11_003_07": null, "P11_003_08": null, "P11_003_09": null, "P11_003_10": null, "P11_003_11": null, "P11_003_12": null, "P11_003_13": null, "P11_003_14": null, "P11_003_15": null, "P11_003_16": null, "P11_003_17": null, "P11_003_18": null, "P11_003_19": null, "P11_003_20": null, "P11_003_21": null, "P11_003_22": null, "P11_003_23": null, "P11_003_24": null, "P11_003_25": null, "P11_003_26": null, "P11_003_27": null, "P11_003_28": null, "P11_003_29": null, "P11_003_30": null, "P11_003_31": null, "P11_003_32": null, "P11_003_33": null, "P11_003_34": null, "P11_003_35": null, "P11_004_01": "3", "P11_004_02": null, "P11_004_03": null, "P11_004_04": null, "P11_004_05": null, "P11_004_06": null, "P11_004_07": null, "P11_004_08": null, "P11_004_09": null, "P11_004_10": null, "P11_004_11": null, "P11_004_12": null, "P11_004_13": null, "P11_004_14": null, "P11_004_15": null, "P11_004_16": null, "P11_004_17": null, "P11_004_18": null, "P11_004_19": null, "P11_004_20": null, "P11_004_21": null, "P11_004_22": null, "P11_004_23": null, "P11_004_24": null, "P11_004_25": null, "P11_004_26": null, "P11_004_27": null, "P11_004_28": null, "P11_004_29": null, "P11_004_30": null, "P11_004_31": null, "P11_004_32": null, "P11_004_33": null, "P11_004_34": null, "P11_004_35": null, "P11_005": null, "name": "新道台", "operator": "君津市", "route": "中島・豊英線", "layer": "bus_stops" }, "geometry": { "type": "Point", "coordinates": [ 140.0166976, 35.223942 ] } },
{ "type": "Feature", "properties": { "P11_001": "長崎", "P11_002": "日東交通（株）", "P11_003_01": "戸面原ダム線", "P11_003_02": null, "P11_003_03": null, "P11_003_04": null, "P11_003_05": null, "P11_003_06": null, "P11_003_07": null, "P11_003_08": null, "P11_003_09": null, "P11_003_10": null, "P11_003_11": null, "P11_003_12": null, "P11_003_13": null, "P11_003_14": null, "P11_003_15": null, "P11_003_16": null, "P11_003_17": null, "P11_003_18": null, "P11_003_19": null, "P11_003_20": null, "P11_003_21": null, "P11_003_22": null, "P11_003_23": null, "P11_003_24": null, "P11_003_25": null, "P11_003_26": null, "P11_003_27": null, "P11_003_28": null, "P11_003_29": null, "P11_003_30": null, "P11_003_31": null, "P11_003_32": null, "P11_003_33": null, "P11_003_34": null, "P11_003_35": null, "P11_004_01": "1", "P11_004_02": null, "P11_004_03": null, "P11_004_04": null, "P11_004_05": null, "P11_004_06": null, "P11_004_07": null, "P11_004_08": null, "P11_004_09": null, "P11_004_10": null, "P11_004_11": null, "P11_004_12": null, "P11_004_13": null, "P11_004_14": null, "P11_004_15": null, "P11_004_16": null, "P11_004_17": null, "P11_004_18": null, "P11_004_19": null, "P11_004_20": null, "P11_004_21": null, "P11_004_22": null, "P11_004_23": null, "P11_004_24": null, "P11_004_25": null, "P11_004_26": null, "P11_004_27": null, "P11_004_28": null, "P11_004_29": null, "P11_004_30": null, "P11_004_31": null, "P11_004_32": null, "P11_004_33": null, "P11_004_34": null, "P11_004_35": null, "P11_005": null, "name": "長崎", "operator": "日東交通（株）", "route": "戸面原ダム線", "layer": "bus_stops" }, "geometry": { "type": "Point", "coordinates": [ 139.9087519, 35.2204873 ] } },
{ "type": "Feature", "properties": { "P11_001": "寺尾入口", "P11_002": "日東交通（株）", "P11_003_01": "戸面原ダム線", "P11_003_02": null, "P11_003_03": null, "P11_003_04": null, "P11_003_05": null, "P11_003_06": null, "P11_003_07": null, "P11_003_08": null, "P11_003_09": null, "P11_003_10": null, "P11_003_11": null, "P11_003_12": null, "P11_003_13": null, "P11_003_14": null, "P11_003_15": null, "P11_003_16": null, "P11_003_17": null, "P11_003_18": null, "P11_003_19": null, "P11_003_20": null, "P11_003_21": null, "P11_003_22": null, "P11_003_23": null, "P11_003_24": null, "P11_003_25": null, "P11_003_26": null, "P11_003_27": null, "P11_003_28": null, "P11_003_29": null, "P11_003_30": null, "P11_003_31": null, "P11_003_32": null, "P11_003_33": null, "P11_003_34": null, "P11_003_35": null, "P11_004_01": "1", "P11_004_02": null, "P11_004_03": null, "P11_004_04": null, "P11_004_05": null, "P11_004_06": null, "P11_004_07": null, "P11_004_08": null, "P11_004_09": null, "P11_004_10": null, "P11_004_11": null, "P11_004_12": null, "P11_004_13": null, "P11_004_14": null, "P11_004_15": null, "P11_004_16": null, "P11_004_17": null, "P11_004_18": null, "P11_004_19": null, "P11_004_20": null, "P11_004_21": null, "P11_004_22": null, "P11_004_23": null, "P11_004_24": null, "P11_004_25": null, "P11_004_26": null, "P11_004_27": null, "P11_004_28": null, "P11_004_29": null, "P11_004_30": null, "P11_004_31": null, "P11_004_32": null, "P11_004_33": null, "P11_004_34": null, "P11_004_35": null, "P11_005": null, "name": "寺尾入口", "operator": "日東交通（株）", "route": "戸面原ダム線", "layer": "bus_stops" }, "geometry": { "type": "Point", "coordinates": [ 139.9118659, 35.2203856 ] } },
{ "type": "Feature", "properties": { "P11_001": "大岩", "P11_002": "君津市", "P11_003_01": "中島・豊英線", "P11_003_02": null, "P11_003_03": null, "P11_003_04": null, "P11_003_05": null, "P11_003_06": null, "P11_003_07": null, "P11_003_08": null, "P11_003_09": null, "P11_003_10": null, "P11_003_11": null, "P11_003_12": null, "P11_003_13": null, "P11_003_14": null, "P11_003_15": null, "P11_003_16": null, "P11_003_17": null, "P11_003_18": null, "P11_003_19": null, "P11_003_20": null, "P11_003_21": null, "P11_003_22": null, "P11_003_23": null, "P11_003_24": null, "P11_003_25": null, "P11_003_26": null, "P11_003_27": null, "P11_003_28": null, "P11_003_29": null, "P11_003_30": null, "P11_003_31": null, "P11_003_32": null, "P11_003_33": null, "P11_003_34": null, "P11_003_35": null, "P11_004_01": "3", "P11_004_02": null, "P11_004_03": null, "P11_004_04": null, "P11_004_05": null, "P11_004_06": null, "P11_004_07": null, "P11_004_08": null, "P11_004_09": null, "P11_004_10": null, "P11_004_11": null, "P11_004_12": null, "P11_004_13": null, "P11_004_14": null, "P11_004_15": null, "P11_004_16": null, "P11_004_17": null, "P11_004_18": null, "P11_004_19": null, "P11_004_20": null, "P11_004_21": null, "P11_004_22": null, "P11_004_23": null, "P11_004_24": null, "P11_004_25": null, "P11_004_26": null, "P11_004_27": null, "P11_004_28": null, "P11_004_29": null, "P11_004_30": null, "P11_004_31": null, "P11_004_32": null, "P11_004_33": null, "P11_004_34": null, "P11_004_35": null, "P11_005": null, "name": "大岩", "operator": "君津市", "route": "中島・豊英線", "layer": "bus_stops" }, "geometry": { "type": "Point", "coordinates": [ 140.0210497, 35.21997 ] } },
{ "type": "Feature", "properties": { "P11_001": "鈴木内科前", "P11_002": "日東交通（株）", "P11_003_01": "戸面原ダム線", "P11_003_02": null, "P11_003_03": null, "P11_003_04": null, "P11_003_05": null, "P11_003_06": null, "P11_003_07": null, "P11_003_08": null, "P11_003_09": null, "P11_003_10": null, "P11_003_11": null, "P11_003_12": null, "P11_003_13": null, "P11_003_14": null, "P11_003_15": null, "P11_003_16": null, "P11_003_17": null, "P11_003_18": null, "P11_003_19": null, "P11_003_20": null, "P11_003_21": null, "P11_003_22": null, "P11_003_23": null, "P11_003_24": null, "P11_003_25": null, "P11_003_26": null, "P11_003_27": null, "P11_003_28": null, "P11_003_29": null, "P11_003_30": null, "P11_003_31": null, "P11_003_32": null, "P11_003_33": null, "P11_003_34": null, "P11_003_35": null, "P11_004_01": "1", "P11_004_02": null, "P11_004_03": null, "P11_004_04": null, "P11_004_05": null, "P11_004_06": null, "P11_004_07": null, "P11_004_08": null, "P11_004_09": null, "P11_004_10": null, "P11_004_11": null, "P11_004_12": null, "P11_004_13": null, "P11_004_14": null, "P11_004_15": null, "P11_004_16": null, "P11_004_17": null, "P11_004_18": null, "P11_004_19": null, "P11_004_20": null, "P11_004_21": null, "P11_004_22": null, "P11_004_23": null, "P11_004_24": null, "P11_004_25": null, "P11_004_26": null, "P11_004_27": null, "P11_004_28": null, "P11_004_29": null, "P11_004_30": null, "P11_004_31": null, "P11_004_32": null, "P11_004_33": null, "P11_004_34": null, "P11_004_35": null, "P11_005": null, "name": "鈴木内科前", "operator": "日東交通（株）", "route": "戸面原ダム線", "layer": "bus_stops" }, "geometry": { "type": "Point", "coordinates": [ 139.9064436, 35.2196557 ] } },
{ "type": "Feature", "properties": { "P11_001": "天神山入口", "P11_002": "日東交通（株）", "P11_003_01": "戸面原ダム線", "P11_003_02": null, "P11_003_03": null, "P11_003_04": null, "P11_003_05": null, "P11_003_06": null, "P11_003_07": null, "P11_003_08": null, "P11_003_09": null, "P11_003_10": null, "P11_003_11": null, "P11_003_12": null, "P11_003_13": null, "P11_003_14": null, "P11_003_15": null, "P11_003_16": null, "P11_003_17": null, "P11_003_18": null, "P11_003_19": null, "P11_003_20": null, "P11_003_21": null, "P11_003_22": null, "P11_003_23": null, "P11_003_24": null, "P11_003_25": null, "P11_003_26": null, "P11_003_27": null, "P11_003_28": null, "P11_003_29": null, "P11_003_30": null, "P11_003_31": null, "P11_003_32": null, "P11_003_33": null, "P11_003_34": null, "P11_003_35": null, "P11_004_01": "1", "P11_004_02": null, "P11_004_03": null, "P11_004_04": null, "P11_004_05": null, "P11_004_06": null, "P11_004_07": null, "P11_004_08": null, "P11_004_09": null, "P11_004_10": null, "P11_004_11": null, "P11_004_12": null, "P11_004_13": null, "P11_004_14": null, "P11_004_15": null, "P11_004_16": null, "P11_004_17": null, "P11_004_18": null, "P11_004_19": null, "P11_004_20": null, "P11_004_21": null, "P11_004_22": null, "P11_004_23": null, "P11_004_24": null, "P11_004_25": null, "P11_004_26": null, "P11_004_27": null, "P11_004_28": null, "P11_004_29": null, "P11_004_30": null, "P11_004_31": null, "P11_004_32": null, "P11_004_33": null, "P11_004_34": null, "P11_004_35": null, "P11_005": null, "name": "天神山入口", "operator": "日東交通（株）", "route": "戸面原ダム線", "layer": "bus_stops" }, "geometry": { "type": "Point", "coordinates": [ 139.9040716, 35.2188036 ] } },
{ "type": "Feature", "properties": { "P11_001": "更和", "P11_002": "日東交通（株）", "P11_003_01": "戸面原ダム線", "P11_003_02": null, "P11_003_03": null, "P11_003_04": null, "P11_003_05": null, "P11_003_06": null, "P11_003_07": null, "P11_003_08": null, "P11_003_09": null, "P11_003_10": null, "P11_003_11": null, "P11_003_12": null, "P11_003_13": null, "P11_003_14": null, "P11_003_15": null, "P11_003_16": null, "P11_003_17": null, "P11_003_18": null, "P11_003_19": null, "P11_003_20": null, "P11_003_21": null, "P11_003_22": null, "P11_003_23": null, "P11_003_24": null, "P11_003_25": null, "P11_003_26": null, "P11_003_27": null, "P11_003_28": null, "P11_003_29": null, "P11_003_30": null, "P11_003_31": null, "P11_003_32": null, "P11_003_33": null, "P11_003_34": null, "P11_003_35": null, "P11_004_01": "1", "P11_004_02": null, "P11_004_03": null, "P11_004_04": null, "P11_004_05": null, "P11_004_06": null, "P11_004_07": null, "P11_004_08": null, "P11_004_09": null, "P11_004_10": null, "P11_004_11": null, "P11_004_12": null, "P11_004_13": null, "P11_004_14": null, "P11_004_15": null, "P11_004_16": null, "P11_004_17": null, "P11_004_18": null, "P11_004_19": null, "P11_004_20": null, "P11_004_21": null, "P11_004_22": null, "P11_004_23": null, "P11_004_24": null, "P11_004_25": null, "P11_004_26": null, "P11_004_27": null, "P11_004_28": null, "P11_004_29": null, "P11_004_30": null, "P11_004_31": null, "P11_004_32": null, "P11_004_33": null, "P11_004_34": null, "P11_004_35": null, "P11_005": null, "name": "更和", "operator": "日東交通（株）", "route": "戸面原ダム線", "layer": "bus_stops" }, "geometry": { "type": "Point", "coordinates": [ 139.8880839, 35.2183868 ] } },
{ "type": "Feature", "properties": { "P11_001": "三島湖", "P11_002": "君津市", "P11_003_01": "中島・豊英線", "P11_003_02": null, "P11_003_03": null, "P11_003_04": null, "P11_003_05": null, "P11_003_06": null, "P11_003_07": null, "P11_003_08": null, "P11_003_09": null, "P11_003_10": null, "P11_003_11": null, "P11_003_12": null, "P11_003_13": null, "P11_003_14": null, "P11_003_15": null, "P11_003_16": null, "P11_003_17": null, "P11_003_18": null, "P11_003_19": null, "P11_003_20": null, "P11_003_21": null, "P11_003_22": null, "P11_003_23": null, "P11_003_24": null, "P11_003_25": null, "P11_003_26": null, "P11_003_27": null, "P11_003_28": null, "P11_003_29": null, "P11_003_30": null, "P11_003_31": null, "P11_003_32": null, "P11_003_33": null, "P11_003_34": null, "P11_003_35": null, "P11_004_01": "3", "P11_004_02": null, "P11_004_03": null, "P11_004_04": null, "P11_004_05": null, "P11_004_06": null, "P11_004_07": null, "P11_004_08": null, "P11_004_09": null, "P11_004_10": null, "P11_004_11": null, "P11_004_12": null, "P11_004_13": null, "P11_004_14": null, "P11_004_15": null, "P11_004_16": null, "P11_004_17": null, "P11_004_18": null, "P11_004_19": null, "P11_004_20": null, "P11_004_21": null, "P11_004_22": null, "P11_004_23": null, "P11_004_24": null, "P11_004_25": null, "P11_004_26": null, "P11_004_27": null, "P11_004_28": null, "P11_004_29": null, "P11_004_30": null, "P11_004_31": null, "P11_004_32": null, "P11_004_33": null, "P11_004_34": null, "P11_004_35": null, "P11_005": null, "name": "三島湖", "operator": "君津市", "route": "中島・豊英線", "layer": "bus_stops" }, "geometry": { "type": "Point", "coordinates": [ 140.0275045, 35.218388 ] } },
{ "type": "Feature", "properties": { "P11_001": "湊小前", "P11_002": "日東交通（株）", "P11_003_01": "戸面原ダム線", "P11_003_02": null, "P11_003_03": null, "P11_003_04": null, "P11_003_05": null, "P11_003_06": null, "P11_003_07": null, "P11_003_08": null, "P11_003_09": null, "P11_003_10": null, "P11_003_11": null, "P11_003_12": null, "P11_003_13": null, "P11_003_14": null, "P11_003_15": null, "P11_003_16": null, "P11_003_17": null, "P11_003_18": null, "P11_003_19": null, "P11_003_20": null, "P11_003_21": null, "P11_003_22": null, "P11_003_23": null, "P11_003_24": null, "P11_003_25": null, "P11_003_26": null, "P11_003_27": null, "P11_003_28": null, "P11_003_29": null, "P11_003_30": null, "P11_003_31": null, "P11_003_32": null, "P11_003_33": null, "P11_003_34": null, "P11_003_35": null, "P11_004_01": "1", "P11_004_02": null, "P11_004_03": null, "P11_004_04": null, "P11_004_05": null, "P11_004_06": null, "P11_004_07": null, "P11_004_08": null, "P11_004_09": null, "P11_004_10": null, "P11_004_11": null, "P11_004_12": null, "P11_004_13": null, "P11_004_14": null, "P11_004_15": null, "P11_004_16": null, "P11_004_17": null, "P11_004_18": null, "P11_004_19": null, "P11_004_20": null, "P11_004_21": null, "P11_004_22": null, "P11_004_23": null, "P11_004_24": null, "P11_004_25": null, "P11_004_26": null, "P11_004_27": null, "P11_004_28": null, "P11_004_29": null, "P11_004_30": null, "P11_004_31": null, "P11_004_32": null, "P11_004_33": null, "P11_004_34": null, "P11_004_35": null, "P11_005": null, "name": "湊小前", "operator": "日東交通（株）", "route": "戸面原ダム線", "layer": "bus_stops" }, "geometry": { "type": "Point", "coordinates": [ 139.8834506, 35.2181046 ] } },
{ "type": "Feature", "properties": { "P11_001": "六野", "P11_002": "日東交通（株）", "P11_003_01": "戸面原ダム線", "P11_003_02": null, "P11_003_03": null, "P11_003_04": null, "P11_003_05": null, "P11_003_06": null, "P11_003_07": null, "P11_003_08": null, "P11_003_09": null, "P11_003_10": null, "P11_003_11": null, "P11_003_12": null, "P11_003_13": null, "P11_003_14": null, "P11_003_15": null, "P11_003_16": null, "P11_003_17": null, "P11_003_18": null, "P11_003_19": null, "P11_003_20": null, "P11_003_21": null, "P11_003_22": null, "P11_003_23": null, "P11_003_24": null, "P11_003_25": null, "P11_003_26": null, "P11_003_27": null, "P11_003_28": null, "P11_003_29": null, "P11_003_30": null, "P11_003_31": null, "P11_003_32": null, "P11_003_33": null, "P11_003_34": null, "P11_003_35": null, "P11_004_01": "1", "P11_004_02": null, "P11_004_03": null, "P11_004_04": null, "P11_004_05": null, "P11_004_06": null, "P11_004_07": null, "P11_004_08": null, "P11_004_09": null, "P11_004_10": null, "P11_004_11": null, "P11_004_12": null, "P11_004_13": null, "P11_004_14": null, "P11_004_15": null, "P11_004_16": null, "P11_004_17": null, "P11_004_18": null, "P11_004_19": null, "P11_004_20": null, "P11_004_21": null, "P11_004_22": null, "P11_004_23": null, "P11_004_24": null, "P11_004_25": null, "P11_004_26": null, "P11_004_27": null, "P11_004_28": null, "P11_004_29": null, "P11_004_30": null, "P11_004_31": null, "P11_004_32": null, "P11_004_33": null, "P11_004_34": null, "P11_004_35": null, "P11_005": null, "name": "六野", "operator": "日東交通（株）", "route": "戸面原ダム線", "layer": "bus_stops" }, "geometry": { "type": "Point", "coordinates": [ 139.9148429, 35.2177918 ] } },
{ "type": "Feature", "properties": { "P11_001": "天羽高校前", "P11_002": "日東交通（株）", "P11_003_01": "戸面原ダム線", "P11_003_02": null, "P11_003_03": null, "P11_003_04": null, "P11_003_05": null, "P11_003_06": null, "P11_003_07": null, "P11_003_08": null, "P11_003_09": null, "P11_003_10": null, "P11_003_11": null, "P11_003_12": null, "P11_003_13": null, "P11_003_14": null, "P11_003_15": null, "P11_003_16": null, "P11_003_17": null, "P11_003_18": null, "P11_003_19": null, "P11_003_20": null, "P11_003_21": null, "P11_003_22": null, "P11_003_23": null, "P11_003_24": null, "P11_003_25": null, "P11_003_26": null, "P11_003_27": null, "P11_003_28": null, "P11_003_29": null, "P11_003_30": null, "P11_003_31": null, "P11_003_32": null, "P11_003_33": null, "P11_003_34": null, "P11_003_35": null, "P11_004_01": "1", "P11_004_02": null, "P11_004_03": null, "P11_004_04": null, "P11_004_05": null, "P11_004_06": null, "P11_004_07": null, "P11_004_08": null, "P11_004_09": null, "P11_004_10": null, "P11_004_11": null, "P11_004_12": null, "P11_004_13": null, "P11_004_14": null, "P11_004_15": null, "P11_004_16": null, "P11_004_17": null, "P11_004_18": null, "P11_004_19": null, "P11_004_20": null, "P11_004_21": null, "P11_004_22": null, "P11_004_23": null, "P11_004_24": null, "P11_004_25": null, "P11_004_26": null, "P11_004_27": null, "P11_004_28": null, "P11_004_29": null, "P11_004_30": null, "P11_004_31": null, "P11_004_32": null, "P11_004_33": null, "P11_004_34": null, "P11_004_35": null, "P11_005": null, "name": "天羽高校前", "operator": "日東交通（株）", "route": "戸面原ダム線", "layer": "bus_stops" }, "geometry": { "type": "Point", "coordinates": [ 139.8798684, 35.2175991 ] } },
{ "type": "Feature", "properties": { "P11_001": "木村", "P11_002": "日東交通（株）", "P11_003_01": "戸面原ダム線", "P11_003_02": null, "P11_003_03": null, "P11_003_04": null, "P11_003_05": null, "P11_003_06": null, "P11_003_07": null, "P11_003_08": null, "P11_003_09": null, "P11_003_10": null, "P11_003_11": null, "P11_003_12": null, "P11_003_13": null, "P11_003_14": null, "P11_003_15": null, "P11_003_16": null, "P11_003_17": null, "P11_003_18": null, "P11_003_19": null, "P11_003_20": null, "P11_003_21": null, "P11_003_22": null, "P11_003_23": null, "P11_003_24": null, "P11_003_25": null, "P11_003_26": null, "P11_003_27": null, "P11_003_28": null, "P11_003_29": null, "P11_003_30": null, "P11_003_31": null, "P11_003_32": null, "P11_003_33": null, "P11_003_34": null, "P11_003_35": null, "P11_004_01": "1", "P11_004_02": null, "P11_004_03": null, "P11_004_04": null, "P11_004_05": null, "P11_004_06": null, "P11_004_07": null, "P11_004_08": null, "P11_004_09": null, "P11_004_10": null, "P11_004_11": null, "P11_004_12": null, "P11_004_13": null, "P11_004_14": null, "P11_004_15": null, "P11_004_16": null, "P11_004_17": null, "P11_004_18": null, "P11_004_19": null, "P11_004_20": null, "P11_004_21": null, "P11_004_22": null, "P11_004_23": null, "P11_004_24": null, "P11_004_25": null, "P11_004_26": null, "P11_004_27": null, "P11_004_28": null, "P11_004_29": null, "P11_004_30": null, "P11_004_31": null, "P11_004_32": null, "P11_004_33": null, "P11_004_34": null, "P11_004_35": null, "P11_005": null, "name": "木村", "operator": "日東交通（株）", "route": "戸面原ダム線", "layer": "bus_stops" }, "geometry": { "type": "Point", "coordinates": [ 139.8916525, 35.2175892 ] } },
{ "type": "Feature", "properties": { "P11_001": "仁屋前", "P11_002": "日東交通（株）", "P11_003_01": "戸面原ダム線", "P11_003_02": null, "P11_003_03": null, "P11_003_04": null, "P11_003_05": null, "P11_003_06": null, "P11_003_07": null, "P11_003_08": null, "P11_003_09": null, "P11_003_10": null, "P11_003_11": null, "P11_003_12": null, "P11_003_13": null, "P11_003_14": null, "P11_003_15": null, "P11_003_16": null, "P11_003_17": null, "P11_003_18": null, "P11_003_19": null, "P11_003_20": null, "P11_003_21": null, "P11_003_22": null, "P11_003_23": null, "P11_003_24": null, "P11_003_25": null, "P11_003_26": null, "P11_003_27": null, "P11_003_28": null, "P11_003_29": null, "P11_003_30": null, "P11_003_31": null, "P11_003_32": null, "P11_003_33": null, "P11_003_34": null, "P11_003_35": null, "P11_004_01": "1", "P11_004_02": null, "P11_004_03": null, "P11_004_04": null, "P11_004_05": null, "P11_004_06": null, "P11_004_07": null, "P11_004_08": null, "P11_004_09": null, "P11_004_10": null, "P11_004_11": null, "P11_004_12": null, "P11_004_13": null, "P11_004_14": null, "P11_004_15": null, "P11_004_16": null, "P11_004_17": null, "P11_004_18": null, "P11_004_19": null, "P11_004_20": null, "P11_004_21": null, "P11_004_22": null, "P11_004_23": null, "P11_004_24": null, "P11_004_25": null, "P11_004_26": null, "P11_004_27": null, "P11_004_28": null, "P11_004_29": null, "P11_004_30": null, "P11_004_31": null, "P11_004_32": null, "P11_004_33": null, "P11_004_34": null, "P11_004_35": null, "P11_005": null, "name": "仁屋前", "operator": "日東交通（株）", "route": "戸面原ダム線", "layer": "bus_stops" }, "geometry": { "type": "Point", "coordinates": [ 139.8987618, 35.2173762 ] } },
{ "type": "Feature", "properties": { "P11_001": "望井", "P11_002": "日東交通（株）", "P11_003_01": "戸面原ダム線", "P11_003_02": null, "P11_003_03": null, "P11_003_04": null, "P11_003_05": null, "P11_003_06": null, "P11_003_07": null, "P11_003_08": null, "P11_003_09": null, "P11_003_10": null, "P11_003_11": null, "P11_003_12": null, "P11_003_13": null, "P11_003_14": null, "P11_003_15": null, "P11_003_16": null, "P11_003_17": null, "P11_003_18": null, "P11_003_19": null, "P11_003_20": null, "P11_003_21": null, "P11_003_22": null, "P11_003_23": null, "P11_003_24": null, "P11_003_25": null, "P11_003_26": null, "P11_003_27": null, "P11_003_28": null, "P11_003_29": null, "P11_003_30": null, "P11_003_31": null, "P11_003_32": null, "P11_003_33": null, "P11_003_34": null, "P11_003_35": null, "P11_004_01": "1", "P11_004_02": null, "P11_004_03": null, "P11_004_04": null, "P11_004_05": null, "P11_004_06": null, "P11_004_07": null, "P11_004_08": null, "P11_004_09": null, "P11_004_10": null, "P11_004_11": null, "P11_004_12": null, "P11_004_13": null, "P11_004_14": null, "P11_004_15": null, "P11_004_16": null, "P11_004_17": null, "P11_004_18": null, "P11_004_19": null, "P11_004_20": null, "P11_004_21": null, "P11_004_22": null, "P11_004_23": null, "P11_004_24": null, "P11_004_25": null, "P11_004_26": null, "P11_004_27": null, "P11_004_28": null, "P11_004_29": null, "P11_004_30": null, "P11_004_31": null, "P11_004_32": null, "P11_004_33": null, "P11_004_34": null, "P11_004_35": null, "P11_005": null, "name": "望井", "operator": "日東交通（株）", "route": "戸面原ダム線", "layer": "bus_stops" }, "geometry": { "type": "Point", "coordinates": [ 139.8940084, 35.2167341 ] } },
{ "type": "Feature", "properties": { "P11_001": "田原入口", "P11_002": "日東交通（株）", "P11_003_01": "戸面原ダム線", "P11_003_02": null, "P11_003_03": null, "P11_003_04": null, "P11_003_05": null, "P11_003_06": null, "P11_003_07": null, "P11_003_08": null, "P11_003_09": null, "P11_003_10": null, "P11_003_11": null, "P11_003_12": null, "P11_003_13": null, "P11_003_14": null, "P11_003_15": null, "P11_003_16": null, "P11_003_17": null, "P11_003_18": null, "P11_003_19": null, "P11_003_20": null, "P11_003_21": null, "P11_003_22": null, "P11_003_23": null, "P11_003_24": null, "P11_003_25": null, "P11_003_26": null, "P11_003_27": null, "P11_003_28": null, "P11_003_29": null, "P11_003_30": null, "P11_003_31": null, "P11_003_32": null, "P11_003_33": null, "P11_003_34": null, "P11_003_35": null, "P11_004_01": "1", "P11_004_02": null, "P11_004_03": null, "P11_004_04": null, "P11_004_05": null, "P11_004_06": null, "P11_004_07": null, "P11_004_08": null, "P11_004_09": null, "P11_004_10": null, "P11_004_11": null, "P11_004_12": null, "P11_004_13": null, "P11_004_14": null, "P11_004_15": null, "P11_004_16": null, "P11_004_17": null, "P11_004_18": null, "P11_004_19": null, "P11_004_20": null, "P11_004_21": null, "P11_004_22": null, "P11_004_23": null, "P11_004_24": null, "P11_004_25": null, "P11_004_26": null, "P11_004_27": null, "P11_004_28": null, "P11_004_29": null, "P11_004_30": null, "P11_004_31": null, "P11_004_32": null, "P11_004_33": null, "P11_004_34": null, "P11_004_35": null, "P11_005": null, "name": "田原入口", "operator": "日東交通（株）", "route": "戸面原ダム線", "layer": "bus_stops" }, "geometry": { "type": "Point", "coordinates": [ 139.9212516, 35.2161733 ] } },
{ "type": "Feature", "properties": { "P11_001": "環駅", "P11_002": "日東交通（株）", "P11_003_01": "戸面原ダム線", "P11_003_02": null, "P11_003_03": null, "P11_003_04": null, "P11_003_05": null, "P11_003_06": null, "P11_003_07": null, "P11_003_08": null, "P11_003_09": null, "P11_003_10": null, "P11_003_11": null, "P11_003_12": null, "P11_003_13": null, "P11_003_14": null, "P11_003_15": null, "P11_003_16": null, "P11_003_17": null, "P11_003_18": null, "P11_003_19": null, "P11_003_20": null, "P11_003_21": null, "P11_003_22": null, "P11_003_23": null, "P11_003_24": null, "P11_003_25": null, "P11_003_26": null, "P11_003_27": null, "P11_003_28": null, "P11_003_29": null, "P11_003_30": null, "P11_003_31": null, "P11_003_32": null, "P11_003_33": null, "P11_003_34": null, "P11_003_35": null, "P11_004_01": "1", "P11_004_02": null, "P11_004_03": null, "P11_004_04": null, "P11_004_05": null, "P11_004_06": null, "P11_004_07": null, "P11_004_08": null, "P11_004_09": null, "P11_004_10": null, "P11_004_11": null, "P11_004_12": null, "P11_004_13": null, "P11_004_14": null, "P11_004_15": null, "P11_004_16": null, "P11_004_17": null, "P11_004_18": null, "P11_004_19": null, "P11_004_20": null, "P11_004_21": null, "P11_004_22": null, "P11_004_23": null, "P11_004_24": null, "P11_004_25": null, "P11_004_26": null, "P11_004_27": null, "P11_004_28": null, "P11_004_29": null, "P11_004_30": null, "P11_004_31": null, "P11_004_32": null, "P11_004_33": null, "P11_004_34": null, "P11_004_35": null, "P11_005": null, "name": "環駅", "operator": "日東交通（株）", "route": "戸面原ダム線", "layer": "bus_stops" }, "geometry": { "type": "Point", "coordinates": [ 139.9268435, 35.2157144 ] } },
{ "type": "Feature", "properties": { "P11_001": "神田橋", "P11_002": "日東交通（株）", "P11_003_01": "戸面原ダム線", "P11_003_02": null, "P11_003_03": null, "P11_003_04": null, "P11_003_05": null, "P11_003_06": null, "P11_003_07": null, "P11_003_08": null, "P11_003_09": null, "P11_003_10": null, "P11_003_11": null, "P11_003_12": null, "P11_003_13": null, "P11_003_14": null, "P11_003_15": null, "P11_003_16": null, "P11_003_17": null, "P11_003_18": null, "P11_003_19": null, "P11_003_20": null, "P11_003_21": null, "P11_003_22": null, "P11_003_23": null, "P11_003_24": null, "P11_003_25": null, "P11_003_26": null, "P11_003_27": null, "P11_003_28": null, "P11_003_29": null, "P11_003_30": null, "P11_003_31": null, "P11_003_32": null, "P11_003_33": null, "P11_003_34": null, "P11_003_35": null, "P11_004_01": "1", "P11_004_02": null, "P11_004_03": null, "P11_004_04": null, "P11_004_05": null, "P11_004_06": null, "P11_004_07": null, "P11_004_08": null, "P11_004_09": null, "P11_004_10": null, "P11_004_11": null, "P11_004_12": null, "P11_004_13": null, "P11_004_14": null, "P11_004_15": null, "P11_004_16": null, "P11_004_17": null, "P11_004_18": null, "P11_004_19": null, "P11_004_20": null, "P11_004_21": null, "P11_004_22": null, "P11_004_23": null, "P11_004_24": null, "P11_004_25": null, "P11_004_26": null, "P11_004_27": null, "P11_004_28": null, "P11_004_29": null, "P11_004_30": null, "P11_004_31": null, "P11_004_32": null, "P11_004_33": null, "P11_004_34": null, "P11_004_35": null, "P11_005": null, "name": "神田橋", "operator": "日東交通（株）", "route": "戸面原ダム線", "layer": "bus_stops" }, "geometry": { "type": "Point", "coordinates": [ 139.8760402, 35.2155694 ] } },
{ "type": "Feature", "properties": { "P11_001": "上後", "P11_002": "日東交通（株）", "P11_003_01": "戸面原ダム線", "P11_003_02": null, "P11_003_03": null, "P11_003_04": null, "P11_003_05": null, "P11_003_06": null, "P11_003_07": null, "P11_003_08": null, "P11_003_09": null, "P11_003_10": null, "P11_003_11": null, "P11_003_12": null, "P11_003_13": null, "P11_003_14": null, "P11_003_15": null, "P11_003_16": null, "P11_003_17": null, "P11_003_18": null, "P11_003_19": null, "P11_003_20": null, "P11_003_21": null, "P11_003_22": null, "P11_003_23": null, "P11_003_24": null, "P11_003_25": null, "P11_003_26": null, "P11_003_27": null, "P11_003_28": null, "P11_003_29": null, "P11_003_30": null, "P11_003_31": null, "P11_003_32": null, "P11_003_33": null, "P11_003_34": null, "P11_003_35": null, "P11_004_01": "1", "P11_004_02": null, "P11_004_03": null, "P11_004_04": null, "P11_004_05": null, "P11_004_06": null, "P11_004_07": null, "P11_004_08": null, "P11_004_09": null, "P11_004_10": null, "P11_004_11": null, "P11_004_12": null, "P11_004_13": null, "P11_004_14": null, "P11_004_15": null, "P11_004_16": null, "P11_004_17": null, "P11_004_18": null, "P11_004_19": null, "P11_004_20": null, "P11_004_21": null, "P11_004_22": null, "P11_004_23": null, "P11_004_24": null, "P11_004_25": null, "P11_004_26": null, "P11_004_27": null, "P11_004_28": null, "P11_004_29": null, "P11_004_30": null, "P11_004_31": null, "P11_004_32": null, "P11_004_33": null, "P11_004_34": null, "P11_004_35": null, "P11_005": null, "name": "上後", "operator": "日東交通（株）", "route": "戸面原ダム線", "layer": "bus_stops" }, "geometry": { "type": "Point", "coordinates": [ 139.9304554, 35.2146087 ] } },
{ "type": "Feature", "properties": { "P11_001": "宿原", "P11_002": "君津市", "P11_003_01": "中島・豊英線", "P11_003_02": null, "P11_003_03": null, "P11_003_04": null, "P11_003_05": null, "P11_003_06": null, "P11_003_07": null, "P11_003_08": null, "P11_003_09": null, "P11_003_10": null, "P11_003_11": null, "P11_003_12": null, "P11_003_13": null, "P11_003_14": null, "P11_003_15": null, "P11_003_16": null, "P11_003_17": null, "P11_003_18": null, "P11_003_19": null, "P11_003_20": null, "P11_003_21": null, "P11_003_22": null, "P11_003_23": null, "P11_003_24": null, "P11_003_25": null, "P11_003_26": null, "P11_003_27": null, "P11_003_28": null, "P11_003_29": null, "P11_003_30": null, "P11_003_31": null, "P11_003_32": null, "P11_003_33": null, "P11_003_34": null, "P11_003_35": null, "P11_004_01": "3", "P11_004_02": null, "P11_004_03": null, "P11_004_04": null, "P11_004_05": null, "P11_004_06": null, "P11_004_07": null, "P11_004_08": null, "P11_004_09": null, "P11_004_10": null, "P11_004_11": null, "P11_004_12": null, "P11_004_13": null, "P11_004_14": null, "P11_004_15": null, "P11_004_16": null, "P11_004_17": null, "P11_004_18": null, "P11_004_19": null, "P11_004_20": null, "P11_004_21": null, "P11_004_22": null, "P11_004_23": null, "P11_004_24": null, "P11_004_25": null, "P11_004_26": null, "P11_004_27": null, "P11_004_28": null, "P11_004_29": null, "P11_004_30": null, "P11_004_31": null, "P11_004_32": null, "P11_004_33": null, "P11_004_34": null, "P11_004_35": null, "P11_005": null, "name": "宿原", "operator": "君津市", "route": "中島・豊英線", "layer": "bus_stops" }, "geometry": { "type": "Point", "coordinates": [ 140.0253672, 35.2138224 ] } },
{ "type": "Feature", "properties": { "P11_001": "宿原", "P11_002": "日東交通（株）", "P11_003_01": "木更津鴨川線", "P11_003_02": null, "P11_003_03": null, "P11_003_04": null, "P11_003_05": null, "P11_003_06": null, "P11_003_07": null, "P11_003_08": null, "P11_003_09": null, "P11_003_10": null, "P11_003_11": null, "P11_003_12": null, "P11_003_13": null, "P11_003_14": null, "P11_003_15": null, "P11_003_16": null, "P11_003_17": null, "P11_003_18": null, "P11_003_19": null, "P11_003_20": null, "P11_003_21": null, "P11_003_22": null, "P11_003_23": null, "P11_003_24": null, "P11_003_25": null, "P11_003_26": null, "P11_003_27": null, "P11_003_28": null, "P11_003_29": null, "P11_003_30": null, "P11_003_31": null, "P11_003_32": null, "P11_003_33": null, "P11_003_34": null, "P11_003_35": null, "P11_004_01": "1", "P11_004_02": null, "P11_004_03": null, "P11_004_04": null, "P11_004_05": null, "P11_004_06": null, "P11_004_07": null, "P11_004_08": null, "P11_004_09": null, "P11_004_10": null, "P11_004_11": null, "P11_004_12": null, "P11_004_13": null, "P11_004_14": null, "P11_004_15": null, "P11_004_16": null, "P11_004_17": null, "P11_004_18": null, "P11_004_19": null, "P11_004_20": null, "P11_004_21": null, "P11_004_22": null, "P11_004_23": null, "P11_004_24": null, "P11_004_25": null, "P11_004_26": null, "P11_004_27": null, "P11_004_28": null, "P11_004_29": null, "P11_004_30": null, "P11_004_31": null, "P11_004_32": null, "P11_004_33": null, "P11_004_34": null, "P11_004_35": null, "P11_005": null, "name": "宿原", "operator": "日東交通（株）", "route": "木更津鴨川線", "layer": "bus_stops" }, "geometry": { "type": "Point", "coordinates": [ 140.0253672, 35.2138224 ] } },
{ "type": "Feature", "properties": { "P11_001": "関尻", "P11_002": "日東交通（株）", "P11_003_01": "戸面原ダム線", "P11_003_02": null, "P11_003_03": null, "P11_003_04": null, "P11_003_05": null, "P11_003_06": null, "P11_003_07": null, "P11_003_08": null, "P11_003_09": null, "P11_003_10": null, "P11_003_11": null, "P11_003_12": null, "P11_003_13": null, "P11_003_14": null, "P11_003_15": null, "P11_003_16": null, "P11_003_17": null, "P11_003_18": null, "P11_003_19": null, "P11_003_20": null, "P11_003_21": null, "P11_003_22": null, "P11_003_23": null, "P11_003_24": null, "P11_003_25": null, "P11_003_26": null, "P11_003_27": null, "P11_003_28": null, "P11_003_29": null, "P11_003_30": null, "P11_003_31": null, "P11_003_32": null, "P11_003_33": null, "P11_003_34": null, "P11_003_35": null, "P11_004_01": "1", "P11_004_02": null, "P11_004_03": null, "P11_004_04": null, "P11_004_05": null, "P11_004_06": null, "P11_004_07": null, "P11_004_08": null, "P11_004_09": null, "P11_004_10": null, "P11_004_11": null, "P11_004_12": null, "P11_004_13": null, "P11_004_14": null, "P11_004_15": null, "P11_004_16": null, "P11_004_17": null, "P11_004_18": null, "P11_004_19": null, "P11_004_20": null, "P11_004_21": null, "P11_004_22": null, "P11_004_23": null, "P11_004_24": null, "P11_004_25": null, "P11_004_26": null, "P11_004_27": null, "P11_004_28": null, "P11_004_29": null, "P11_004_30": null, "P11_004_31": null, "P11_004_32": null, "P11_004_33": null, "P11_004_34": null, "P11_004_35": null, "P11_005": null, "name": "関尻", "operator": "日東交通（株）", "route": "戸面原ダム線", "layer": "bus_stops" }, "geometry": { "type": "Point", "coordinates": [ 139.9336479, 35.2119241 ] } },
{ "type": "Feature", "properties": { "P11_001": "姥石", "P11_002": "日東交通（株）", "P11_003_01": "戸面原ダム線", "P11_003_02": null, "P11_003_03": null, "P11_003_04": null, "P11_003_05": null, "P11_003_06": null, "P11_003_07": null, "P11_003_08": null, "P11_003_09": null, "P11_003_10": null, "P11_003_11": null, "P11_003_12": null, "P11_003_13": null, "P11_003_14": null, "P11_003_15": null, "P11_003_16": null, "P11_003_17": null, "P11_003_18": null, "P11_003_19": null, "P11_003_20": null, "P11_003_21": null, "P11_003_22": null, "P11_003_23": null, "P11_003_24": null, "P11_003_25": null, "P11_003_26": null, "P11_003_27": null, "P11_003_28": null, "P11_003_29": null, "P11_003_30": null, "P11_003_31": null, "P11_003_32": null, "P11_003_33": null, "P11_003_34": null, "P11_003_35": null, "P11_004_01": "1", "P11_004_02": null, "P11_004_03": null, "P11_004_04": null, "P11_004_05": null, "P11_004_06": null, "P11_004_07": null, "P11_004_08": null, "P11_004_09": null, "P11_004_10": null, "P11_004_11": null, "P11_004_12": null, "P11_004_13": null, "P11_004_14": null, "P11_004_15": null, "P11_004_16": null, "P11_004_17": null, "P11_004_18": null, "P11_004_19": null, "P11_004_20": null, "P11_004_21": null, "P11_004_22": null, "P11_004_23": null, "P11_004_24": null, "P11_004_25": null, "P11_004_26": null, "P11_004_27": null, "P11_004_28": null, "P11_004_29": null, "P11_004_30": null, "P11_004_31": null, "P11_004_32": null, "P11_004_33": null, "P11_004_34": null, "P11_004_35": null, "P11_005": null, "name": "姥石", "operator": "日東交通（株）", "route": "戸面原ダム線", "layer": "bus_stops" }, "geometry": { "type": "Point", "coordinates": [ 139.9414883, 35.2082674 ] } },
{ "type": "Feature", "properties": { "P11_001": "旅名", "P11_002": "君津市", "P11_003_01": "中島・豊英線", "P11_003_02": null, "P11_003_03": null, "P11_003_04": null, "P11_003_05": null, "P11_003_06": null, "P11_003_07": null, "P11_003_08": null, "P11_003_09": null, "P11_003_10": null, "P11_003_11": null, "P11_003_12": null, "P11_003_13": null, "P11_003_14": null, "P11_003_15": null, "P11_003_16": null, "P11_003_17": null, "P11_003_18": null, "P11_003_19": null, "P11_003_20": null, "P11_003_21": null, "P11_003_22": null, "P11_003_23": null, "P11_003_24": null, "P11_003_25": null, "P11_003_26": null, "P11_003_27": null, "P11_003_28": null, "P11_003_29": null, "P11_003_30": null, "P11_003_31": null, "P11_003_32": null, "P11_003_33": null, "P11_003_34": null, "P11_003_35": null, "P11_004_01": "3", "P11_004_02": null, "P11_004_03": null, "P11_004_04": null, "P11_004_05": null, "P11_004_06": null, "P11_004_07": null, "P11_004_08": null, "P11_004_09": null, "P11_004_10": null, "P11_004_11": null, "P11_004_12": null, "P11_004_13": null, "P11_004_14": null, "P11_004_15": null, "P11_004_16": null, "P11_004_17": null, "P11_004_18": null, "P11_004_19": null, "P11_004_20": null, "P11_004_21": null, "P11_004_22": null, "P11_004_23": null, "P11_004_24": null, "P11_004_25": null, "P11_004_26": null, "P11_004_27": null, "P11_004_28": null, "P11_004_29": null, "P11_004_30": null, "P11_004_31": null, "P11_004_32": null, "P11_004_33": null, "P11_004_34": null, "P11_004_35": null, "P11_005": null, "name": "旅名", "operator": "君津市", "route": "中島・豊英線", "layer": "bus_stops" }, "geometry": { "type": "Point", "coordinates": [ 140.0219811, 35.2057959 ] } },
{ "type": "Feature", "properties": { "P11_001": "楠鐘橋", "P11_002": "日東交通（株）", "P11_003_01": "戸面原ダム線", "P11_003_02": null, "P11_003_03": null, "P11_003_04": null, "P11_003_05": null, "P11_003_06": null, "P11_003_07": null, "P11_003_08": null, "P11_003_09": null, "P11_003_10": null, "P11_003_11": null, "P11_003_12": null, "P11_003_13": null, "P11_003_14": null, "P11_003_15": null, "P11_003_16": null, "P11_003_17": null, "P11_003_18": null, "P11_003_19": null, "P11_003_20": null, "P11_003_21": null, "P11_003_22": null, "P11_003_23": null, "P11_003_24": null, "P11_003_25": null, "P11_003_26": null, "P11_003_27": null, "P11_003_28": null, "P11_003_29": null, "P11_003_30": null, "P11_003_31": null, "P11_003_32": null, "P11_003_33": null, "P11_003_34": null, "P11_003_35": null, "P11_004_01": "1", "P11_004_02": null, "P11_004_03": null, "P11_004_04": null, "P11_004_05": null, "P11_004_06": null, "P11_004_07": null, "P11_004_08": null, "P11_004_09": null, "P11_004_10": null, "P11_004_11": null, "P11_004_12": null, "P11_004_13": null, "P11_004_14": null, "P11_004_15": null, "P11_004_16": null, "P11_004_17": null, "P11_004_18": null, "P11_004_19": null, "P11_004_20": null, "P11_004_21": null, "P11_004_22": null, "P11_004_23": null, "P11_004_24": null, "P11_004_25": null, "P11_004_26": null, "P11_004_27": null, "P11_004_28": null, "P11_004_29": null, "P11_004_30": null, "P11_004_31": null, "P11_004_32": null, "P11_004_33": null, "P11_004_34": null, "P11_004_35": null, "P11_005": null, "name": "楠鐘橋", "operator": "日東交通（株）", "route": "戸面原ダム線", "layer": "bus_stops" }, "geometry": { "type": "Point", "coordinates": [ 139.9432265, 35.2050267 ] } },
{ "type": "Feature", "properties": { "P11_001": "神徳入口", "P11_002": "日東交通（株）", "P11_003_01": "戸面原ダム線", "P11_003_02": null, "P11_003_03": null, "P11_003_04": null, "P11_003_05": null, "P11_003_06": null, "P11_003_07": null, "P11_003_08": null, "P11_003_09": null, "P11_003_10": null, "P11_003_11": null, "P11_003_12": null, "P11_003_13": null, "P11_003_14": null, "P11_003_15": null, "P11_003_16": null, "P11_003_17": null, "P11_003_18": null, "P11_003_19": null, "P11_003_20": null, "P11_003_21": null, "P11_003_22": null, "P11_003_23": null, "P11_003_24": null, "P11_003_25": null, "P11_003_26": null, "P11_003_27": null, "P11_003_28": null, "P11_003_29": null, "P11_003_30": null, "P11_003_31": null, "P11_003_32": null, "P11_003_33": null, "P11_003_34": null, "P11_003_35": null, "P11_004_01": "1", "P11_004_02": null, "P11_004_03": null, "P11_004_04": null, "P11_004_05": null, "P11_004_06": null, "P11_004_07": null, "P11_004_08": null, "P11_004_09": null, "P11_004_10": null, "P11_004_11": null, "P11_004_12": null, "P11_004_13": null, "P11_004_14": null, "P11_004_15": null, "P11_004_16": null, "P11_004_17": null, "P11_004_18": null, "P11_004_19": null, "P11_004_20": null, "P11_004_21": null, "P11_004_22": null, "P11_004_23": null, "P11_004_24": null, "P11_004_25": null, "P11_004_26": null, "P11_004_27": null, "P11_004_28": null, "P11_004_29": null, "P11_004_30": null, "P11_004_31": null, "P11_004_32": null, "P11_004_33": null, "P11_004_34": null, "P11_004_35": null, "P11_005": null, "name": "神徳入口", "operator": "日東交通（株）", "route": "戸面原ダム線", "layer": "bus_stops" }, "geometry": { "type": "Point", "coordinates": [ 139.9472066, 35.2013006 ] } },
{ "type": "Feature", "properties": { "P11_001": "石山", "P11_002": "日東交通（株）", "P11_003_01": "戸面原ダム線", "P11_003_02": null, "P11_003_03": null, "P11_003_04": null, "P11_003_05": null, "P11_003_06": null, "P11_003_07": null, "P11_003_08": null, "P11_003_09": null, "P11_003_10": null, "P11_003_11": null, "P11_003_12": null, "P11_003_13": null, "P11_003_14": null, "P11_003_15": null, "P11_003_16": null, "P11_003_17": null, "P11_003_18": null, "P11_003_19": null, "P11_003_20": null, "P11_003_21": null, "P11_003_22": null, "P11_003_23": null, "P11_003_24": null, "P11_003_25": null, "P11_003_26": null, "P11_003_27": null, "P11_003_28": null, "P11_003_29": null, "P11_003_30": null, "P11_003_31": null, "P11_003_32": null, "P11_003_33": null, "P11_003_34": null, "P11_003_35": null, "P11_004_01": "1", "P11_004_02": null, "P11_004_03": null, "P11_004_04": null, "P11_004_05": null, "P11_004_06": null, "P11_004_07": null, "P11_004_08": null, "P11_004_09": null, "P11_004_10": null, "P11_004_11": null, "P11_004_12": null, "P11_004_13": null, "P11_004_14": null, "P11_004_15": null, "P11_004_16": null, "P11_004_17": null, "P11_004_18": null, "P11_004_19": null, "P11_004_20": null, "P11_004_21": null, "P11_004_22": null, "P11_004_23": null, "P11_004_24": null, "P11_004_25": null, "P11_004_26": null, "P11_004_27": null, "P11_004_28": null, "P11_004_29": null, "P11_004_30": null, "P11_004_31": null, "P11_004_32": null, "P11_004_33": null, "P11_004_34": null, "P11_004_35": null, "P11_005": null, "name": "石山", "operator": "日東交通（株）", "route": "戸面原ダム線", "layer": "bus_stops" }, "geometry": { "type": "Point", "coordinates": [ 139.9506313, 35.1994389 ] } },
{ "type": "Feature", "properties": { "P11_001": "下の台", "P11_002": "君津市", "P11_003_01": "中島・豊英線", "P11_003_02": null, "P11_003_03": null, "P11_003_04": null, "P11_003_05": null, "P11_003_06": null, "P11_003_07": null, "P11_003_08": null, "P11_003_09": null, "P11_003_10": null, "P11_003_11": null, "P11_003_12": null, "P11_003_13": null, "P11_003_14": null, "P11_003_15": null, "P11_003_16": null, "P11_003_17": null, "P11_003_18": null, "P11_003_19": null, "P11_003_20": null, "P11_003_21": null, "P11_003_22": null, "P11_003_23": null, "P11_003_24": null, "P11_003_25": null, "P11_003_26": null, "P11_003_27": null, "P11_003_28": null, "P11_003_29": null, "P11_003_30": null, "P11_003_31": null, "P11_003_32": null, "P11_003_33": null, "P11_003_34": null, "P11_003_35": null, "P11_004_01": "3", "P11_004_02": null, "P11_004_03": null, "P11_004_04": null, "P11_004_05": null, "P11_004_06": null, "P11_004_07": null, "P11_004_08": null, "P11_004_09": null, "P11_004_10": null, "P11_004_11": null, "P11_004_12": null, "P11_004_13": null, "P11_004_14": null, "P11_004_15": null, "P11_004_16": null, "P11_004_17": null, "P11_004_18": null, "P11_004_19": null, "P11_004_20": null, "P11_004_21": null, "P11_004_22": null, "P11_004_23": null, "P11_004_24": null, "P11_004_25": null, "P11_004_26": null, "P11_004_27": null, "P11_004_28": null, "P11_004_29": null, "P11_004_30": null, "P11_004_31": null, "P11_004_32": null, "P11_004_33": null, "P11_004_34": null, "P11_004_35": null, "P11_005": null, "name": "下の台", "operator": "君津市", "route": "中島・豊英線", "layer": "bus_stops" }, "geometry": { "type": "Point", "coordinates": [ 140.0204249, 35.1983799 ] } },
{ "type": "Feature", "properties": { "P11_001": "下の台", "P11_002": "日東交通（株）", "P11_003_01": "木更津鴨川線", "P11_003_02": null, "P11_003_03": null, "P11_003_04": null, "P11_003_05": null, "P11_003_06": null, "P11_003_07": null, "P11_003_08": null, "P11_003_09": null, "P11_003_10": null, "P11_003_11": null, "P11_003_12": null, "P11_003_13": null, "P11_003_14": null, "P11_003_15": null, "P11_003_16": null, "P11_003_17": null, "P11_003_18": null, "P11_003_19": null, "P11_003_20": null, "P11_003_21": null, "P11_003_22": null, "P11_003_23": null, "P11_003_24": null, "P11_003_25": null, "P11_003_26": null, "P11_003_27": null, "P11_003_28": null, "P11_003_29": null, "P11_003_30": null, "P11_003_31": null, "P11_003_32": null, "P11_003_33": null, "P11_003_34": null, "P11_003_35": null, "P11_004_01": "1", "P11_004_02": null, "P11_004_03": null, "P11_004_04": null, "P11_004_05": null, "P11_004_06": null, "P11_004_07": null, "P11_004_08": null, "P11_004_09": null, "P11_004_10": null, "P11_004_11": null, "P11_004_12": null, "P11_004_13": null, "P11_004_14": null, "P11_004_15": null, "P11_004_16": null, "P11_004_17": null, "P11_004_18": null, "P11_004_19": null, "P11_004_20": null, "P11_004_21": null, "P11_004_22": null, "P11_004_23": null, "P11_004_24": null, "P11_004_25": null, "P11_004_26": null, "P11_004_27": null, "P11_004_28": null, "P11_004_29": null, "P11_004_30": null, "P11_004_31": null, "P11_004_32": null, "P11_004_33": null, "P11_004_34": null, "P11_004_35": null, "P11_005": null, "name": "下の台", "operator": "日東交通（株）", "route": "木更津鴨川線", "layer": "bus_stops" }, "geometry": { "type": "Point", "coordinates": [ 140.0204249, 35.1983799 ] } },
{ "type": "Feature", "properties": { "P11_001": "御代原入口", "P11_002": "日東交通（株）", "P11_003_01": "戸面原ダム線", "P11_003_02": null, "P11_003_03": null, "P11_003_04": null, "P11_003_05": null, "P11_003_06": null, "P11_003_07": null, "P11_003_08": null, "P11_003_09": null, "P11_003_10": null, "P11_003_11": null, "P11_003_12": null, "P11_003_13": null, "P11_003_14": null, "P11_003_15": null, "P11_003_16": null, "P11_003_17": null, "P11_003_18": null, "P11_003_19": null, "P11_003_20": null, "P11_003_21": null, "P11_003_22": null, "P11_003_23": null, "P11_003_24": null, "P11_003_25": null, "P11_003_26": null, "P11_003_27": null, "P11_003_28": null, "P11_003_29": null, "P11_003_30": null, "P11_003_31": null, "P11_003_32": null, "P11_003_33": null, "P11_003_34": null, "P11_003_35": null, "P11_004_01": "1", "P11_004_02": null, "P11_004_03": null, "P11_004_04": null, "P11_004_05": null, "P11_004_06": null, "P11_004_07": null, "P11_004_08": null, "P11_004_09": null, "P11_004_10": null, "P11_004_11": null, "P11_004_12": null, "P11_004_13": null, "P11_004_14": null, "P11_004_15": null, "P11_004_16": null, "P11_004_17": null, "P11_004_18": null, "P11_004_19": null, "P11_004_20": null, "P11_004_21": null, "P11_004_22": null, "P11_004_23": null, "P11_004_24": null, "P11_004_25": null, "P11_004_26": null, "P11_004_27": null, "P11_004_28": null, "P11_004_29": null, "P11_004_30": null, "P11_004_31": null, "P11_004_32": null, "P11_004_33": null, "P11_004_34": null, "P11_004_35": null, "P11_005": null, "name": "御代原入口", "operator": "日東交通（株）", "route": "戸面原ダム線", "layer": "bus_stops" }, "geometry": { "type": "Point", "coordinates": [ 139.9542368, 35.1962597 ] } },
{ "type": "Feature", "properties": { "P11_001": "上の台", "P11_002": "君津市", "P11_003_01": "中島・豊英線", "P11_003_02": null, "P11_003_03": null, "P11_003_04": null, "P11_003_05": null, "P11_003_06": null, "P11_003_07": null, "P11_003_08": null, "P11_003_09": null, "P11_003_10": null, "P11_003_11": null, "P11_003_12": null, "P11_003_13": null, "P11_003_14": null, "P11_003_15": null, "P11_003_16": null, "P11_003_17": null, "P11_003_18": null, "P11_003_19": null, "P11_003_20": null, "P11_003_21": null, "P11_003_22": null, "P11_003_23": null, "P11_003_24": null, "P11_003_25": null, "P11_003_26": null, "P11_003_27": null, "P11_003_28": null, "P11_003_29": null, "P11_003_30": null, "P11_003_31": null, "P11_003_32": null, "P11_003_33": null, "P11_003_34": null, "P11_003_35": null, "P11_004_01": "3", "P11_004_02": null, "P11_004_03": null, "P11_004_04": null, "P11_004_05": null, "P11_004_06": null, "P11_004_07": null, "P11_004_08": null, "P11_004_09": null, "P11_004_10": null, "P11_004_11": null, "P11_004_12": null, "P11_004_13": null, "P11_004_14": null, "P11_004_15": null, "P11_004_16": null, "P11_004_17": null, "P11_004_18": null, "P11_004_19": null, "P11_004_20": null, "P11_004_21": null, "P11_004_22": null, "P11_004_23": null, "P11_004_24": null, "P11_004_25": null, "P11_004_26": null, "P11_004_27": null, "P11_004_28": null, "P11_004_29": null, "P11_004_30": null, "P11_004_31": null, "P11_004_32": null, "P11_004_33": null, "P11_004_34": null, "P11_004_35": null, "P11_005": null, "name": "上の台", "operator": "君津市", "route": "中島・豊英線", "layer": "bus_stops" }, "geometry": { "type": "Point", "coordinates": [ 140.0162316, 35.194724 ] } },
{ "type": "Feature", "properties": { "P11_001": "中倉", "P11_002": "日東交通（株）", "P11_003_01": "戸面原ダム線", "P11_003_02": null, "P11_003_03": null, "P11_003_04": null, "P11_003_05": null, "P11_003_06": null, "P11_003_07": null, "P11_003_08": null, "P11_003_09": null, "P11_003_10": null, "P11_003_11": null, "P11_003_12": null, "P11_003_13": null, "P11_003_14": null, "P11_003_15": null, "P11_003_16": null, "P11_003_17": null, "P11_003_18": null, "P11_003_19": null, "P11_003_20": null, "P11_003_21": null, "P11_003_22": null, "P11_003_23": null, "P11_003_24": null, "P11_003_25": null, "P11_003_26": null, "P11_003_27": null, "P11_003_28": null, "P11_003_29": null, "P11_003_30": null, "P11_003_31": null, "P11_003_32": null, "P11_003_33": null, "P11_003_34": null, "P11_003_35": null, "P11_004_01": "1", "P11_004_02": null, "P11_004_03": null, "P11_004_04": null, "P11_004_05": null, "P11_004_06": null, "P11_004_07": null, "P11_004_08": null, "P11_004_09": null, "P11_004_10": null, "P11_004_11": null, "P11_004_12": null, "P11_004_13": null, "P11_004_14": null, "P11_004_15": null, "P11_004_16": null, "P11_004_17": null, "P11_004_18": null, "P11_004_19": null, "P11_004_20": null, "P11_004_21": null, "P11_004_22": null, "P11_004_23": null, "P11_004_24": null, "P11_004_25": null, "P11_004_26": null, "P11_004_27": null, "P11_004_28": null, "P11_004_29": null, "P11_004_30": null, "P11_004_31": null, "P11_004_32": null, "P11_004_33": null, "P11_004_34": null, "P11_004_35": null, "P11_005": null, "name": "中倉", "operator": "日東交通（株）", "route": "戸面原ダム線", "layer": "bus_stops" }, "geometry": { "type": "Point", "coordinates": [ 139.9538398, 35.1906214 ] } },
{ "type": "Feature", "properties": { "P11_001": "奥畑", "P11_002": "君津市", "P11_003_01": "中島・豊英線", "P11_003_02": null, "P11_003_03": null, "P11_003_04": null, "P11_003_05": null, "P11_003_06": null, "P11_003_07": null, "P11_003_08": null, "P11_003_09": null, "P11_003_10": null, "P11_003_11": null, "P11_003_12": null, "P11_003_13": null, "P11_003_14": null, "P11_003_15": null, "P11_003_16": null, "P11_003_17": null, "P11_003_18": null, "P11_003_19": null, "P11_003_20": null, "P11_003_21": null, "P11_003_22": null, "P11_003_23": null, "P11_003_24": null, "P11_003_25": null, "P11_003_26": null, "P11_003_27": null, "P11_003_28": null, "P11_003_29": null, "P11_003_30": null, "P11_003_31": null, "P11_003_32": null, "P11_003_33": null, "P11_003_34": null, "P11_003_35": null, "P11_004_01": "3", "P11_004_02": null, "P11_004_03": null, "P11_004_04": null, "P11_004_05": null, "P11_004_06": null, "P11_004_07": null, "P11_004_08": null, "P11_004_09": null, "P11_004_10": null, "P11_004_11": null, "P11_004_12": null, "P11_004_13": null, "P11_004_14": null, "P11_004_15": null, "P11_004_16": null, "P11_004_17": null, "P11_004_18": null, "P11_004_19": null, "P11_004_20": null, "P11_004_21": null, "P11_004_22": null, "P11_004_23": null, "P11_004_24": null, "P11_004_25": null, "P11_004_26": null, "P11_004_27": null, "P11_004_28": null, "P11_004_29": null, "P11_004_30": null, "P11_004_31": null, "P11_004_32": null, "P11_004_33": null, "P11_004_34": null, "P11_004_35": null, "P11_005": null, "name": "奥畑", "operator": "君津市", "route": "中島・豊英線", "layer": "bus_stops" }, "geometry": { "type": "Point", "coordinates": [ 140.0100154, 35.1895479 ] } },
{ "type": "Feature", "properties": { "P11_001": "関豊駅", "P11_002": "日東交通（株）", "P11_003_01": "戸面原ダム線", "P11_003_02": null, "P11_003_03": null, "P11_003_04": null, "P11_003_05": null, "P11_003_06": null, "P11_003_07": null, "P11_003_08": null, "P11_003_09": null, "P11_003_10": null, "P11_003_11": null, "P11_003_12": null, "P11_003_13": null, "P11_003_14": null, "P11_003_15": null, "P11_003_16": null, "P11_003_17": null, "P11_003_18": null, "P11_003_19": null, "P11_003_20": null, "P11_003_21": null, "P11_003_22": null, "P11_003_23": null, "P11_003_24": null, "P11_003_25": null, "P11_003_26": null, "P11_003_27": null, "P11_003_28": null, "P11_003_29": null, "P11_003_30": null, "P11_003_31": null, "P11_003_32": null, "P11_003_33": null, "P11_003_34": null, "P11_003_35": null, "P11_004_01": "1", "P11_004_02": null, "P11_004_03": null, "P11_004_04": null, "P11_004_05": null, "P11_004_06": null, "P11_004_07": null, "P11_004_08": null, "P11_004_09": null, "P11_004_10": null, "P11_004_11": null, "P11_004_12": null, "P11_004_13": null, "P11_004_14": null, "P11_004_15": null, "P11_004_16": null, "P11_004_17": null, "P11_004_18": null, "P11_004_19": null, "P11_004_20": null, "P11_004_21": null, "P11_004_22": null, "P11_004_23": null, "P11_004_24": null, "P11_004_25": null, "P11_004_26": null, "P11_004_27": null, "P11_004_28": null, "P11_004_29": null, "P11_004_30": null, "P11_004_31": null, "P11_004_32": null, "P11_004_33": null, "P11_004_34": null, "P11_004_35": null, "P11_005": null, "name": "関豊駅", "operator": "日東交通（株）", "route": "戸面原ダム線", "layer": "bus_stops" }, "geometry": { "type": "Point", "coordinates": [ 139.9557932, 35.1879002 ] } },
{ "type": "Feature", "properties": { "P11_001": "小倉入口", "P11_002": "日東交通（株）", "P11_003_01": "戸面原ダム線", "P11_003_02": null, "P11_003_03": null, "P11_003_04": null, "P11_003_05": null, "P11_003_06": null, "P11_003_07": null, "P11_003_08": null, "P11_003_09": null, "P11_003_10": null, "P11_003_11": null, "P11_003_12": null, "P11_003_13": null, "P11_003_14": null, "P11_003_15": null, "P11_003_16": null, "P11_003_17": null, "P11_003_18": null, "P11_003_19": null, "P11_003_20": null, "P11_003_21": null, "P11_003_22": null, "P11_003_23": null, "P11_003_24": null, "P11_003_25": null, "P11_003_26": null, "P11_003_27": null, "P11_003_28": null, "P11_003_29": null, "P11_003_30": null, "P11_003_31": null, "P11_003_32": null, "P11_003_33": null, "P11_003_34": null, "P11_003_35": null, "P11_004_01": "1", "P11_004_02": null, "P11_004_03": null, "P11_004_04": null, "P11_004_05": null, "P11_004_06": null, "P11_004_07": null, "P11_004_08": null, "P11_004_09": null, "P11_004_10": null, "P11_004_11": null, "P11_004_12": null, "P11_004_13": null, "P11_004_14": null, "P11_004_15": null, "P11_004_16": null, "P11_004_17": null, "P11_004_18": null, "P11_004_19": null, "P11_004_20": null, "P11_004_21": null, "P11_004_22": null, "P11_004_23": null, "P11_004_24": null, "P11_004_25": null, "P11_004_26": null, "P11_004_27": null, "P11_004_28": null, "P11_004_29": null, "P11_004_30": null, "P11_004_31": null, "P11_004_32": null, "P11_004_33": null, "P11_004_34": null, "P11_004_35": null, "P11_005": null, "name": "小倉入口", "operator": "日東交通（株）", "route": "戸面原ダム線", "layer": "bus_stops" }, "geometry": { "type": "Point", "coordinates": [ 139.9533689, 35.1826077 ] } },
{ "type": "Feature", "properties": { "P11_001": "ロマンの森共和国", "P11_002": "君津市", "P11_003_01": "中島・豊英線", "P11_003_02": null, "P11_003_03": null, "P11_003_04": null, "P11_003_05": null, "P11_003_06": null, "P11_003_07": null, "P11_003_08": null, "P11_003_09": null, "P11_003_10": null, "P11_003_11": null, "P11_003_12": null, "P11_003_13": null, "P11_003_14": null, "P11_003_15": null, "P11_003_16": null, "P11_003_17": null, "P11_003_18": null, "P11_003_19": null, "P11_003_20": null, "P11_003_21": null, "P11_003_22": null, "P11_003_23": null, "P11_003_24": null, "P11_003_25": null, "P11_003_26": null, "P11_003_27": null, "P11_003_28": null, "P11_003_29": null, "P11_003_30": null, "P11_003_31": null, "P11_003_32": null, "P11_003_33": null, "P11_003_34": null, "P11_003_35": null, "P11_004_01": "3", "P11_004_02": null, "P11_004_03": null, "P11_004_04": null, "P11_004_05": null, "P11_004_06": null, "P11_004_07": null, "P11_004_08": null, "P11_004_09": null, "P11_004_10": null, "P11_004_11": null, "P11_004_12": null, "P11_004_13": null, "P11_004_14": null, "P11_004_15": null, "P11_004_16": null, "P11_004_17": null, "P11_004_18": null, "P11_004_19": null, "P11_004_20": null, "P11_004_21": null, "P11_004_22": null, "P11_004_23": null, "P11_004_24": null, "P11_004_25": null, "P11_004_26": null, "P11_004_27": null, "P11_004_28": null, "P11_004_29": null, "P11_004_30": null, "P11_004_31": null, "P11_004_32": null, "P11_004_33": null, "P11_004_34": null, "P11_004_35": null, "P11_005": null, "name": "ロマンの森共和国", "operator": "君津市", "route": "中島・豊英線", "layer": "bus_stops" }, "geometry": { "type": "Point", "coordinates": [ 140.0083796, 35.1822256 ] } },
{ "type": "Feature", "properties": { "P11_001": "ロマンの森共和国", "P11_002": "日東交通（株）", "P11_003_01": "木更津鴨川線", "P11_003_02": null, "P11_003_03": null, "P11_003_04": null, "P11_003_05": null, "P11_003_06": null, "P11_003_07": null, "P11_003_08": null, "P11_003_09": null, "P11_003_10": null, "P11_003_11": null, "P11_003_12": null, "P11_003_13": null, "P11_003_14": null, "P11_003_15": null, "P11_003_16": null, "P11_003_17": null, "P11_003_18": null, "P11_003_19": null, "P11_003_20": null, "P11_003_21": null, "P11_003_22": null, "P11_003_23": null, "P11_003_24": null, "P11_003_25": null, "P11_003_26": null, "P11_003_27": null, "P11_003_28": null, "P11_003_29": null, "P11_003_30": null, "P11_003_31": null, "P11_003_32": null, "P11_003_33": null, "P11_003_34": null, "P11_003_35": null, "P11_004_01": "1", "P11_004_02": null, "P11_004_03": null, "P11_004_04": null, "P11_004_05": null, "P11_004_06": null, "P11_004_07": null, "P11_004_08": null, "P11_004_09": null, "P11_004_10": null, "P11_004_11": null, "P11_004_12": null, "P11_004_13": null, "P11_004_14": null, "P11_004_15": null, "P11_004_16": null, "P11_004_17": null, "P11_004_18": null, "P11_004_19": null, "P11_004_20": null, "P11_004_21": null, "P11_004_22": null, "P11_004_23": null, "P11_004_24": null, "P11_004_25": null, "P11_004_26": null, "P11_004_27": null, "P11_004_28": null, "P11_004_29": null, "P11_004_30": null, "P11_004_31": null, "P11_004_32": null, "P11_004_33": null, "P11_004_34": null, "P11_004_35": null, "P11_005": null, "name": "ロマンの森共和国", "operator": "日東交通（株）", "route": "木更津鴨川線", "layer": "bus_stops" }, "geometry": { "type": "Point", "coordinates": [ 140.0083796, 35.1822256 ] } },
{ "type": "Feature", "properties": { "P11_001": "戸面原", "P11_002": "日東交通（株）", "P11_003_01": "戸面原ダム線", "P11_003_02": null, "P11_003_03": null, "P11_003_04": null, "P11_003_05": null, "P11_003_06": null, "P11_003_07": null, "P11_003_08": null, "P11_003_09": null, "P11_003_10": null, "P11_003_11": null, "P11_003_12": null, "P11_003_13": null, "P11_003_14": null, "P11_003_15": null, "P11_003_16": null, "P11_003_17": null, "P11_003_18": null, "P11_003_19": null, "P11_003_20": null, "P11_003_21": null, "P11_003_22": null, "P11_003_23": null, "P11_003_24": null, "P11_003_25": null, "P11_003_26": null, "P11_003_27": null, "P11_003_28": null, "P11_003_29": null, "P11_003_30": null, "P11_003_31": null, "P11_003_32": null, "P11_003_33": null, "P11_003_34": null, "P11_003_35": null, "P11_004_01": "1", "P11_004_02": null, "P11_004_03": null, "P11_004_04": null, "P11_004_05": null, "P11_004_06": null, "P11_004_07": null, "P11_004_08": null, "P11_004_09": null, "P11_004_10": null, "P11_004_11": null, "P11_004_12": null, "P11_004_13": null, "P11_004_14": null, "P11_004_15": null, "P11_004_16": null, "P11_004_17": null, "P11_004_18": null, "P11_004_19": null, "P11_004_20": null, "P11_004_21": null, "P11_004_22": null, "P11_004_23": null, "P11_004_24": null, "P11_004_25": null, "P11_004_26": null, "P11_004_27": null, "P11_004_28": null, "P11_004_29": null, "P11_004_30": null, "P11_004_31": null, "P11_004_32": null, "P11_004_33": null, "P11_004_34": null, "P11_004_35": null, "P11_005": null, "name": "戸面原", "operator": "日東交通（株）", "route": "戸面原ダム線", "layer": "bus_stops" }, "geometry": { "type": "Point", "coordinates": [ 139.9572294, 35.1805633 ] } },
{ "type": "Feature", "properties": { "P11_001": "サン・ラポール", "P11_002": "君津市", "P11_003_01": "中島・豊英線", "P11_003_02": null, "P11_003_03": null, "P11_003_04": null, "P11_003_05": null, "P11_003_06": null, "P11_003_07": null, "P11_003_08": null, "P11_003_09": null, "P11_003_10": null, "P11_003_11": null, "P11_003_12": null, "P11_003_13": null, "P11_003_14": null, "P11_003_15": null, "P11_003_16": null, "P11_003_17": null, "P11_003_18": null, "P11_003_19": null, "P11_003_20": null, "P11_003_21": null, "P11_003_22": null, "P11_003_23": null, "P11_003_24": null, "P11_003_25": null, "P11_003_26": null, "P11_003_27": null, "P11_003_28": null, "P11_003_29": null, "P11_003_30": null, "P11_003_31": null, "P11_003_32": null, "P11_003_33": null, "P11_003_34": null, "P11_003_35": null, "P11_004_01": "3", "P11_004_02": null, "P11_004_03": null, "P11_004_04": null, "P11_004_05": null, "P11_004_06": null, "P11_004_07": null, "P11_004_08": null, "P11_004_09": null, "P11_004_10": null, "P11_004_11": null, "P11_004_12": null, "P11_004_13": null, "P11_004_14": null, "P11_004_15": null, "P11_004_16": null, "P11_004_17": null, "P11_004_18": null, "P11_004_19": null, "P11_004_20": null, "P11_004_21": null, "P11_004_22": null, "P11_004_23": null, "P11_004_24": null, "P11_004_25": null, "P11_004_26": null, "P11_004_27": null, "P11_004_28": null, "P11_004_29": null, "P11_004_30": null, "P11_004_31": null, "P11_004_32": null, "P11_004_33": null, "P11_004_34": null, "P11_004_35": null, "P11_005": null, "name": "サン・ラポール", "operator": "君津市", "route": "中島・豊英線", "layer": "bus_stops" }, "geometry": { "type": "Point", "coordinates": [ 140.0077325, 35.1798278 ] } },
{ "type": "Feature", "properties": { "P11_001": "サン・ラポール", "P11_002": "日東交通（株）", "P11_003_01": "木更津鴨川線", "P11_003_02": null, "P11_003_03": null, "P11_003_04": null, "P11_003_05": null, "P11_003_06": null, "P11_003_07": null, "P11_003_08": null, "P11_003_09": null, "P11_003_10": null, "P11_003_11": null, "P11_003_12": null, "P11_003_13": null, "P11_003_14": null, "P11_003_15": null, "P11_003_16": null, "P11_003_17": null, "P11_003_18": null, "P11_003_19": null, "P11_003_20": null, "P11_003_21": null, "P11_003_22": null, "P11_003_23": null, "P11_003_24": null, "P11_003_25": null, "P11_003_26": null, "P11_003_27": null, "P11_003_28": null, "P11_003_29": null, "P11_003_30": null, "P11_003_31": null, "P11_003_32": null, "P11_003_33": null, "P11_003_34": null, "P11_003_35": null, "P11_004_01": "1", "P11_004_02": null, "P11_004_03": null, "P11_004_04": null, "P11_004_05": null, "P11_004_06": null, "P11_004_07": null, "P11_004_08": null, "P11_004_09": null, "P11_004_10": null, "P11_004_11": null, "P11_004_12": null, "P11_004_13": null, "P11_004_14": null, "P11_004_15": null, "P11_004_16": null, "P11_004_17": null, "P11_004_18": null, "P11_004_19": null, "P11_004_20": null, "P11_004_21": null, "P11_004_22": null, "P11_004_23": null, "P11_004_24": null, "P11_004_25": null, "P11_004_26": null, "P11_004_27": null, "P11_004_28": null, "P11_004_29": null, "P11_004_30": null, "P11_004_31": null, "P11_004_32": null, "P11_004_33": null, "P11_004_34": null, "P11_004_35": null, "P11_005": null, "name": "サン・ラポール", "operator": "日東交通（株）", "route": "木更津鴨川線", "layer": "bus_stops" }, "geometry": { "type": "Point", "coordinates": [ 140.0077325, 35.1798278 ] } },
{ "type": "Feature", "properties": { "P11_001": "戸面原ダム", "P11_002": "日東交通（株）", "P11_003_01": "戸面原ダム線", "P11_003_02": null, "P11_003_03": null, "P11_003_04": null, "P11_003_05": null, "P11_003_06": null, "P11_003_07": null, "P11_003_08": null, "P11_003_09": null, "P11_003_10": null, "P11_003_11": null, "P11_003_12": null, "P11_003_13": null, "P11_003_14": null, "P11_003_15": null, "P11_003_16": null, "P11_003_17": null, "P11_003_18": null, "P11_003_19": null, "P11_003_20": null, "P11_003_21": null, "P11_003_22": null, "P11_003_23": null, "P11_003_24": null, "P11_003_25": null, "P11_003_26": null, "P11_003_27": null, "P11_003_28": null, "P11_003_29": null, "P11_003_30": null, "P11_003_31": null, "P11_003_32": null, "P11_003_33": null, "P11_003_34": null, "P11_003_35": null, "P11_004_01": "1", "P11_004_02": null, "P11_004_03": null, "P11_004_04": null, "P11_004_05": null, "P11_004_06": null, "P11_004_07": null, "P11_004_08": null, "P11_004_09": null, "P11_004_10": null, "P11_004_11": null, "P11_004_12": null, "P11_004_13": null, "P11_004_14": null, "P11_004_15": null, "P11_004_16": null, "P11_004_17": null, "P11_004_18": null, "P11_004_19": null, "P11_004_20": null, "P11_004_21": null, "P11_004_22": null, "P11_004_23": null, "P11_004_24": null, "P11_004_25": null, "P11_004_26": null, "P11_004_27": null, "P11_004_28": null, "P11_004_29": null, "P11_004_30": null, "P11_004_31": null, "P11_004_32": null, "P11_004_33": null, "P11_004_34": null, "P11_004_35": null, "P11_005": null, "name": "戸面原ダム", "operator": "日東交通（株）", "route": "戸面原ダム線", "layer": "bus_stops" }, "geometry": { "type": "Point", "coordinates": [ 139.9585032, 35.1782123 ] } },
{ "type": "Feature", "properties": { "P11_001": "県民の森", "P11_002": "君津市", "P11_003_01": "中島・豊英線", "P11_003_02": null, "P11_003_03": null, "P11_003_04": null, "P11_003_05": null, "P11_003_06": null, "P11_003_07": null, "P11_003_08": null, "P11_003_09": null, "P11_003_10": null, "P11_003_11": null, "P11_003_12": null, "P11_003_13": null, "P11_003_14": null, "P11_003_15": null, "P11_003_16": null, "P11_003_17": null, "P11_003_18": null, "P11_003_19": null, "P11_003_20": null, "P11_003_21": null, "P11_003_22": null, "P11_003_23": null, "P11_003_24": null, "P11_003_25": null, "P11_003_26": null, "P11_003_27": null, "P11_003_28": null, "P11_003_29": null, "P11_003_30": null, "P11_003_31": null, "P11_003_32": null, "P11_003_33": null, "P11_003_34": null, "P11_003_35": null, "P11_004_01": "3", "P11_004_02": null, "P11_004_03": null, "P11_004_04": null, "P11_004_05": null, "P11_004_06": null, "P11_004_07": null, "P11_004_08": null, "P11_004_09": null, "P11_004_10": null, "P11_004_11": null, "P11_004_12": null, "P11_004_13": null, "P11_004_14": null, "P11_004_15": null, "P11_004_16": null, "P11_004_17": null, "P11_004_18": null, "P11_004_19": null, "P11_004_20": null, "P11_004_21": null, "P11_004_22": null, "P11_004_23": null, "P11_004_24": null, "P11_004_25": null, "P11_004_26": null, "P11_004_27": null, "P11_004_28": null, "P11_004_29": null, "P11_004_30": null, "P11_004_31": null, "P11_004_32": null, "P11_004_33": null, "P11_004_34": null, "P11_004_35": null, "P11_005": null, "name": "県民の森", "operator": "君津市", "route": "中島・豊英線", "layer": "bus_stops" }, "geometry": { "type": "Point", "coordinates": [ 140.0090273, 35.1744481 ] } }
]
}
