{
"type": "FeatureCollection",
"name": "embankment_regulation",
"crs": { "type": "name", "properties": { "name": "urn:ogc:def:crs:OGC:1.3:CRS84" } },
"xy_coordinate_resolution": 1e-07,
"features": [
{ "type": "Feature", "properties": { "A56_001": "12", "A56_002": "12223", "A56_003": "鴨川市", "A56_004": "1", "A56_005": "A", "A56_006": "千葉県告示第69号", "A56_007": "2025-05-26T00:00:00", "city": "鴨川市", "notice": "千葉県告示第69号", "date": "2025-05-26T00:00:00", "zone_code": "A", "layer": "embankment_regulation" }, "geometry": { "type": "Polygon", "coordinates": [ [ [ 140.06252, 35.16629 ], [ 140.0630914, 35.1671542 ], [ 140.063148, 35.1674911 ], [ 140.0639683, 35.1677786 ], [ 140.0643291, 35.1679133 ], [ 140.0649194, 35.1679044 ], [ 140.0650944, 35.1680211 ], [ 140.0652694, 35.1683356 ], [ 140.0654444, 35.1688386 ], [ 140.0655978, 35.1698716 ], [ 140.0662539, 35.1698716 ], [ 140.0663241, 35.1699778 ], [ 140.0663897, 35.1702289 ], [ 140.0664994, 35.1703547 ], [ 140.0666197, 35.1704355 ], [ 140.066773, 35.1704355 ], [ 140.0669264, 35.1703816 ], [ 140.0670139, 35.1703816 ], [ 140.0671014, 35.1705164 ], [ 140.0671561, 35.1706961 ], [ 140.0672327, 35.1708219 ], [ 140.0673533, 35.1709028 ], [ 140.0674847, 35.1709478 ], [ 140.0676814, 35.1709478 ], [ 140.0678127, 35.1709655 ], [ 140.0681086, 35.1710464 ], [ 140.0681413, 35.1711005 ], [ 140.0681413, 35.1712441 ], [ 140.0680102, 35.1714786 ], [ 140.067978, 35.171578 ], [ 140.0679891, 35.17165 ], [ 140.0680986, 35.17174 ], [ 140.0683174, 35.1718924 ], [ 140.0686349, 35.172198 ], [ 140.069161, 35.1725944 ], [ 140.06938, 35.1727291 ], [ 140.06961, 35.1728908 ], [ 140.0696755, 35.1730074 ], [ 140.0697413, 35.1733669 ], [ 140.0697961, 35.1735374 ], [ 140.070268, 35.1740422 ], [ 140.0704102, 35.1740961 ], [ 140.070673, 35.174078 ], [ 140.0709247, 35.1739883 ], [ 140.0710999, 35.1738624 ], [ 140.071563, 35.1734949 ], [ 140.0716616, 35.1734949 ], [ 140.0717819, 35.1735396 ], [ 140.0719133, 35.1736116 ], [ 140.0721433, 35.173773 ], [ 140.0722527, 35.1739077 ], [ 140.0724169, 35.1739616 ], [ 140.0726908, 35.1740335 ], [ 140.0728002, 35.1741235 ], [ 140.0730083, 35.174393 ], [ 140.0731288, 35.1744827 ], [ 140.0732602, 35.1745007 ], [ 140.0735338, 35.1745007 ], [ 140.0737766, 35.1744399 ], [ 140.0739627, 35.1743499 ], [ 140.0741269, 35.174341 ], [ 140.0744008, 35.1744219 ], [ 140.0747402, 35.1745477 ], [ 140.0749591, 35.1746735 ], [ 140.0750577, 35.1748171 ], [ 140.0750686, 35.1750418 ], [ 140.0751233, 35.1753113 ], [ 140.075178, 35.1753652 ], [ 140.0753424, 35.1753921 ], [ 140.0755722, 35.1753832 ], [ 140.0757255, 35.1753024 ], [ 140.0758241, 35.1751766 ], [ 140.0761088, 35.1750596 ], [ 140.0762838, 35.174961 ], [ 140.0764418, 35.1748574 ], [ 140.0766636, 35.1747462 ], [ 140.0768695, 35.1746721 ], [ 140.07702, 35.1746634 ], [ 140.0771467, 35.1746133 ], [ 140.0774119, 35.1744577 ], [ 140.0775322, 35.1743588 ], [ 140.077751, 35.174251 ], [ 140.0779922, 35.1741793 ], [ 140.0780905, 35.1741074 ], [ 140.0781697, 35.1739268 ], [ 140.0781586, 35.1737204 ], [ 140.0781038, 35.1734779 ], [ 140.078093, 35.1733163 ], [ 140.0781258, 35.1730827 ], [ 140.0782024, 35.1729658 ], [ 140.0782899, 35.1728941 ], [ 140.0785199, 35.172876 ], [ 140.0787716, 35.1729299 ], [ 140.0789718, 35.1728677 ], [ 140.0792001, 35.1727718 ], [ 140.0795972, 35.1726593 ], [ 140.0797066, 35.1725516 ], [ 140.0798261, 35.1724135 ], [ 140.0799976, 35.1722838 ], [ 140.0802167, 35.1722348 ], [ 140.0803461, 35.1722457 ], [ 140.0806591, 35.1723449 ], [ 140.0808013, 35.1724257 ], [ 140.081053, 35.1724977 ], [ 140.0812063, 35.1724168 ], [ 140.0813488, 35.1722102 ], [ 140.0814266, 35.1719838 ], [ 140.081558, 35.171921 ], [ 140.0818316, 35.1718671 ], [ 140.0822258, 35.171849 ], [ 140.0824886, 35.1717593 ], [ 140.0827622, 35.1716424 ], [ 140.0830249, 35.1716154 ], [ 140.0833208, 35.1716154 ], [ 140.0835288, 35.1716246 ], [ 140.0838133, 35.1717054 ], [ 140.0840241, 35.1718402 ], [ 140.0840983, 35.1719616 ], [ 140.0842327, 35.1720223 ], [ 140.0843383, 35.1720092 ], [ 140.084494, 35.1719373 ], [ 140.0846683, 35.1718043 ], [ 140.0850042, 35.1716383 ], [ 140.0851205, 35.1715613 ], [ 140.0851996, 35.1714159 ], [ 140.0852283, 35.1712021 ], [ 140.0852788, 35.1710846 ], [ 140.0853714, 35.1710032 ], [ 140.0855247, 35.1709224 ], [ 140.0856997, 35.1709135 ], [ 140.0858639, 35.1709582 ], [ 140.0861378, 35.171066 ], [ 140.0863458, 35.1710482 ], [ 140.0865428, 35.1709582 ], [ 140.0866741, 35.170908 ], [ 140.0868721, 35.1708971 ], [ 140.0869671, 35.1708186 ], [ 140.0870492, 35.1705947 ], [ 140.0873422, 35.1704463 ], [ 140.0875391, 35.1703204 ], [ 140.0875939, 35.1701679 ], [ 140.0877253, 35.1700332 ], [ 140.088135, 35.1697902 ], [ 140.0893175, 35.1695518 ], [ 140.089775, 35.169066 ], [ 140.0898193, 35.1690082 ], [ 140.090474, 35.1685221 ], [ 140.0906511, 35.168425 ], [ 140.0907855, 35.1683804 ], [ 140.0909316, 35.1683515 ], [ 140.0912478, 35.1685071 ], [ 140.0917833, 35.168901 ], [ 140.0920508, 35.1693226 ], [ 140.0921503, 35.1693684 ], [ 140.0923295, 35.169427 ], [ 140.092555, 35.1694802 ], [ 140.0927466, 35.1694706 ], [ 140.0929156, 35.1694728 ], [ 140.0932199, 35.1695463 ], [ 140.0933897, 35.169561 ], [ 140.0939031, 35.1697076 ], [ 140.094182, 35.1698085 ], [ 140.0944922, 35.1699779 ], [ 140.0947465, 35.1700714 ], [ 140.0949841, 35.1702022 ], [ 140.0952745, 35.1703438 ], [ 140.0954336, 35.1703738 ], [ 140.0955725, 35.1704174 ], [ 140.0956731, 35.170431 ], [ 140.0958025, 35.1704659 ], [ 140.0958922, 35.17054 ], [ 140.0959481, 35.1705982 ], [ 140.0959808, 35.170724 ], [ 140.0960811, 35.1713361 ], [ 140.0960371, 35.1715478 ], [ 140.0960626, 35.1717066 ], [ 140.0960467, 35.1718832 ], [ 140.0959992, 35.1721077 ], [ 140.0960211, 35.1720909 ], [ 140.0958664, 35.1723795 ], [ 140.0957722, 35.1724804 ], [ 140.0956534, 35.1725589 ], [ 140.0955768, 35.1726483 ], [ 140.0956613, 35.1728488 ], [ 140.0957088, 35.1730363 ], [ 140.0958117, 35.1731604 ], [ 140.0959701, 35.1733217 ], [ 140.0960927, 35.173424 ], [ 140.0963383, 35.1736594 ], [ 140.0963952, 35.1737794 ], [ 140.0964638, 35.1739603 ], [ 140.0964866, 35.1740971 ], [ 140.0964733, 35.1741407 ], [ 140.0963694, 35.1743115 ], [ 140.0962658, 35.1744137 ], [ 140.0961682, 35.1745837 ], [ 140.0961096, 35.1748126 ], [ 140.0960573, 35.174891 ], [ 140.0960151, 35.1750197 ], [ 140.0959887, 35.1752268 ], [ 140.0959981, 35.1753196 ], [ 140.0960731, 35.1754796 ], [ 140.0961339, 35.1755629 ], [ 140.0962214, 35.1757784 ], [ 140.0962819, 35.175864 ], [ 140.0964452, 35.1761726 ], [ 140.0965549, 35.1768984 ], [ 140.0966446, 35.1776416 ], [ 140.0967106, 35.1778226 ], [ 140.096832, 35.1779294 ], [ 140.097104, 35.1780165 ], [ 140.0973864, 35.1782302 ], [ 140.0975189, 35.1782606 ], [ 140.0976087, 35.1782977 ], [ 140.097647, 35.1783653 ], [ 140.0976984, 35.1785495 ], [ 140.0977301, 35.1785822 ], [ 140.0978423, 35.1786181 ], [ 140.0979598, 35.1785887 ], [ 140.0981565, 35.1784873 ], [ 140.0983069, 35.1784536 ], [ 140.0983769, 35.1784634 ], [ 140.0984483, 35.1785034 ], [ 140.098578, 35.1786328 ], [ 140.098753, 35.1787045 ], [ 140.0988516, 35.1787226 ], [ 140.0988955, 35.1787584 ], [ 140.0989611, 35.1788303 ], [ 140.0989855, 35.1788957 ], [ 140.098975, 35.1789655 ], [ 140.098942, 35.1790712 ], [ 140.0989063, 35.1791359 ], [ 140.098775, 35.1794434 ], [ 140.0987717, 35.1795855 ], [ 140.0987928, 35.1796977 ], [ 140.098843, 35.1798024 ], [ 140.0989803, 35.1799658 ], [ 140.0990621, 35.1800203 ], [ 140.0991144, 35.1800276 ], [ 140.0992795, 35.1800203 ], [ 140.0993644, 35.1799964 ], [ 140.0995048, 35.1800843 ], [ 140.0997081, 35.1802642 ], [ 140.0997729, 35.1803545 ], [ 140.0998957, 35.1804635 ], [ 140.0999894, 35.1805027 ], [ 140.1001016, 35.18053 ], [ 140.1002071, 35.1805377 ], [ 140.1002837, 35.1805573 ], [ 140.1004183, 35.1806347 ], [ 140.1005068, 35.1807022 ], [ 140.1005833, 35.1808385 ], [ 140.1008005, 35.1809932 ], [ 140.1008651, 35.1809616 ], [ 140.1009457, 35.1808897 ], [ 140.1010684, 35.180845 ], [ 140.1012149, 35.1808167 ], [ 140.1013264, 35.1807318 ], [ 140.1014267, 35.1806936 ], [ 140.1015481, 35.1807002 ], [ 140.1016313, 35.1807198 ], [ 140.1017241, 35.1807578 ], [ 140.1019738, 35.1808865 ], [ 140.1022094, 35.1810588 ], [ 140.1022946, 35.181147 ], [ 140.1024477, 35.1812341 ], [ 140.1026219, 35.1812701 ], [ 140.1029064, 35.18127 ], [ 140.1030267, 35.1813328 ], [ 140.1032347, 35.1815211 ], [ 140.1034867, 35.1816561 ], [ 140.1035961, 35.1816561 ], [ 140.1037056, 35.1816022 ], [ 140.1038478, 35.1814767 ], [ 140.1039136, 35.1813867 ], [ 140.1039637, 35.1813603 ], [ 140.1040629, 35.1812635 ], [ 140.1043518, 35.18117 ], [ 140.1044706, 35.1811188 ], [ 140.1045206, 35.1809945 ], [ 140.1044722, 35.1809584 ], [ 140.104385, 35.1809279 ], [ 140.104319, 35.1808254 ], [ 140.1043703, 35.1807014 ], [ 140.1045329, 35.1804636 ], [ 140.1045857, 35.1803459 ], [ 140.1046543, 35.1802805 ], [ 140.104958, 35.1802095 ], [ 140.1052317, 35.1802276 ], [ 140.105385, 35.1802184 ], [ 140.1055383, 35.1801826 ], [ 140.105845, 35.1801826 ], [ 140.1059872, 35.1802006 ], [ 140.1061953, 35.1801376 ], [ 140.1063158, 35.1800298 ], [ 140.1064361, 35.1799762 ], [ 140.1065675, 35.1799673 ], [ 140.1067428, 35.1799762 ], [ 140.1068742, 35.1800659 ], [ 140.1069181, 35.1801825 ], [ 140.1070167, 35.1802898 ], [ 140.10717, 35.1803436 ], [ 140.1074984, 35.1802689 ], [ 140.1077336, 35.1802565 ], [ 140.1078194, 35.1802706 ], [ 140.1079712, 35.1803436 ], [ 140.108057, 35.1804064 ], [ 140.1082759, 35.1805322 ], [ 140.1087139, 35.1806222 ], [ 140.1090534, 35.180712 ], [ 140.1093834, 35.1805409 ], [ 140.1094711, 35.1804603 ], [ 140.1095695, 35.1803167 ], [ 140.1096461, 35.180137 ], [ 140.1097009, 35.1799573 ], [ 140.109887, 35.1796517 ], [ 140.1100622, 35.1794989 ], [ 140.1101498, 35.1794811 ], [ 140.1103142, 35.17958 ], [ 140.1106686, 35.1797592 ], [ 140.1108878, 35.1798311 ], [ 140.1110628, 35.1799389 ], [ 140.1112378, 35.1800914 ], [ 140.1115114, 35.1801545 ], [ 140.1117414, 35.1802264 ], [ 140.1119387, 35.180325 ], [ 140.1121903, 35.1803789 ], [ 140.1123109, 35.1803881 ], [ 140.1124852, 35.1803556 ], [ 140.1126664, 35.1802827 ], [ 140.1127159, 35.1802534 ], [ 140.1129678, 35.1802084 ], [ 140.1131867, 35.1801364 ], [ 140.1134714, 35.1800017 ], [ 140.1136684, 35.1800197 ], [ 140.1137781, 35.1800914 ], [ 140.1138876, 35.1801995 ], [ 140.1140078, 35.1803611 ], [ 140.1141173, 35.1804509 ], [ 140.1142509, 35.1805231 ], [ 140.1144109, 35.1805289 ], [ 140.114667, 35.1805589 ], [ 140.1148092, 35.1806128 ], [ 140.1148751, 35.1807656 ], [ 140.114897, 35.1809092 ], [ 140.1149517, 35.1810531 ], [ 140.1150504, 35.1812056 ], [ 140.1152251, 35.1813581 ], [ 140.1153565, 35.181547 ], [ 140.1154223, 35.1816817 ], [ 140.1156426, 35.1819889 ], [ 140.1157193, 35.1820067 ], [ 140.1158834, 35.1819528 ], [ 140.1160259, 35.181935 ], [ 140.1162229, 35.1819708 ], [ 140.1162667, 35.1820967 ], [ 140.1163109, 35.1824214 ], [ 140.1163656, 35.182655 ], [ 140.1164423, 35.1828258 ], [ 140.1165518, 35.1830414 ], [ 140.1166176, 35.1833556 ], [ 140.1168145, 35.1837958 ], [ 140.1168482, 35.1839972 ], [ 140.1169029, 35.184132 ], [ 140.1169795, 35.1842667 ], [ 140.1171876, 35.1845003 ], [ 140.1172534, 35.1847697 ], [ 140.1173195, 35.1848064 ], [ 140.117637, 35.1847703 ], [ 140.1178451, 35.1847794 ], [ 140.1180967, 35.1848153 ], [ 140.1182609, 35.1848692 ], [ 140.1183595, 35.1849411 ], [ 140.1184143, 35.1850308 ], [ 140.1184145, 35.1851403 ], [ 140.1183379, 35.1854547 ], [ 140.1183379, 35.1856611 ], [ 140.118294, 35.1860653 ], [ 140.1182723, 35.1865892 ], [ 140.1182942, 35.1869036 ], [ 140.1184148, 35.187463 ], [ 140.1185134, 35.1876875 ], [ 140.1186448, 35.1877683 ], [ 140.1187871, 35.1877953 ], [ 140.1189404, 35.1878672 ], [ 140.119061, 35.1879569 ], [ 140.1192798, 35.1882805 ], [ 140.1194343, 35.1886861 ], [ 140.1194779, 35.1888389 ], [ 140.1195765, 35.1889019 ], [ 140.1197737, 35.1889916 ], [ 140.1198393, 35.1890905 ], [ 140.1198835, 35.1892983 ], [ 140.1199162, 35.1898105 ], [ 140.1199821, 35.1901516 ], [ 140.1201351, 35.1904841 ], [ 140.1202773, 35.1906277 ], [ 140.1204307, 35.1907266 ], [ 140.1206276, 35.1907894 ], [ 140.121111, 35.1908891 ], [ 140.1212312, 35.19088 ], [ 140.1213407, 35.1908083 ], [ 140.1214612, 35.1906555 ], [ 140.1215707, 35.1904847 ], [ 140.1219657, 35.1902589 ], [ 140.1223354, 35.1901833 ], [ 140.1224676, 35.1901183 ], [ 140.1229957, 35.1896416 ], [ 140.1232863, 35.1895333 ], [ 140.1236826, 35.1895983 ], [ 140.1245143, 35.1898258 ], [ 140.1247254, 35.1898583 ], [ 140.1251349, 35.1898258 ], [ 140.1254254, 35.1897608 ], [ 140.1256306, 35.1896537 ], [ 140.1256306, 35.16629 ], [ 140.06252, 35.16629 ] ] ] } },
{ "type": "Feature", "properties": { "A56_001": "12", "A56_002": "12226", "A56_003": "富津市", "A56_004": "1", "A56_005": "A", "A56_006": "千葉県告示第69号", "A56_007": "2025-05-26T00:00:00", "city": "富津市", "notice": "千葉県告示第69号", "date": "2025-05-26T00:00:00", "zone_code": "A", "layer": "embankment_regulation" }, "geometry": { "type": "Polygon", "coordinates": [ [ [ 139.87496, 35.3265944 ], [ 139.8755972, 35.326466 ], [ 139.8757983, 35.3263835 ], [ 139.8758541, 35.3262735 ], [ 139.8758002, 35.3256199 ], [ 139.8757555, 35.3254919 ], [ 139.8757108, 35.325446 ], [ 139.8756989, 35.3253574 ], [ 139.875968, 35.3251985 ], [ 139.8769483, 35.3247324 ], [ 139.8773041, 35.3245466 ], [ 139.8774528, 35.3244469 ], [ 139.8775472, 35.3240499 ], [ 139.8775986, 35.3239113 ], [ 139.8777039, 35.3237474 ], [ 139.8784528, 35.3229502 ], [ 139.8796169, 35.3214613 ], [ 139.8796452, 35.3214119 ], [ 139.8797399, 35.3213974 ], [ 139.8805591, 35.3214955 ], [ 139.8807552, 35.3214757 ], [ 139.8808466, 35.3214066 ], [ 139.8808577, 35.3212785 ], [ 139.8808174, 35.3207721 ], [ 139.880868, 35.3206596 ], [ 139.8809741, 35.3205602 ], [ 139.8813474, 35.3203988 ], [ 139.8825752, 35.3199999 ], [ 139.8826269, 35.3199096 ], [ 139.8828608, 35.3193721 ], [ 139.8830474, 35.3190382 ], [ 139.8833605, 35.3184271 ], [ 139.8840586, 35.3168002 ], [ 139.8846744, 35.3151088 ], [ 139.8847599, 35.314935 ], [ 139.8852333, 35.3144219 ], [ 139.8857252, 35.3139455 ], [ 139.8864182, 35.31346 ], [ 139.8868249, 35.3130313 ], [ 139.8870574, 35.3125852 ], [ 139.8874952, 35.3096944 ], [ 139.8876235, 35.3087691 ], [ 139.8875971, 35.3082602 ], [ 139.8876404, 35.307908 ], [ 139.8877524, 35.3075739 ], [ 139.8880663, 35.3070672 ], [ 139.888079, 35.3069936 ], [ 139.8880727, 35.3069244 ], [ 139.8880543, 35.30685 ], [ 139.8878754, 35.3065383 ], [ 139.8878726, 35.3063806 ], [ 139.8878976, 35.306227 ], [ 139.8882332, 35.3056314 ], [ 139.8883579, 35.3049828 ], [ 139.8881885, 35.3045453 ], [ 139.8881774, 35.3043531 ], [ 139.8881846, 35.3042086 ], [ 139.8882557, 35.3039956 ], [ 139.8883796, 35.3037683 ], [ 139.8884682, 35.3035256 ], [ 139.8884707, 35.30329 ], [ 139.8884201, 35.3029986 ], [ 139.8883115, 35.3026856 ], [ 139.8882779, 35.3024656 ], [ 139.8883004, 35.3022125 ], [ 139.8883676, 35.302075 ], [ 139.8886246, 35.3018736 ], [ 139.8894057, 35.3014708 ], [ 139.8900273, 35.3012161 ], [ 139.890162, 35.3011922 ], [ 139.8903501, 35.3011922 ], [ 139.8905471, 35.3012597 ], [ 139.8908379, 35.3014064 ], [ 139.8911396, 35.3014064 ], [ 139.8917098, 35.301388 ], [ 139.8923134, 35.3012139 ], [ 139.8928135, 35.3009947 ], [ 139.8933129, 35.300652 ], [ 139.8937332, 35.3002822 ], [ 139.8938718, 35.3001942 ], [ 139.8940843, 35.3001208 ], [ 139.8944084, 35.3001667 ], [ 139.8949004, 35.3001392 ], [ 139.8956157, 35.2998917 ], [ 139.8961298, 35.2997911 ], [ 139.8963643, 35.2998186 ], [ 139.896644, 35.2999467 ], [ 139.8970284, 35.3002308 ], [ 139.8972968, 35.3002858 ], [ 139.8977549, 35.3002033 ], [ 139.8978613, 35.3001567 ], [ 139.8979451, 35.3000844 ], [ 139.8980904, 35.2998644 ], [ 139.8981334, 35.2997617 ], [ 139.8986082, 35.2991283 ], [ 139.898714, 35.2990225 ], [ 139.8988171, 35.2989575 ], [ 139.8990396, 35.2988878 ], [ 139.9000018, 35.2986644 ], [ 139.9001204, 35.2986083 ], [ 139.9002143, 35.2985339 ], [ 139.9003154, 35.2983822 ], [ 139.9003901, 35.2980692 ], [ 139.900402, 35.2976311 ], [ 139.9003637, 35.2973611 ], [ 139.9003532, 35.2971014 ], [ 139.9003757, 35.2966161 ], [ 139.9004204, 35.2962083 ], [ 139.9003301, 35.2956634 ], [ 139.9003198, 35.2954389 ], [ 139.9003331, 35.2953753 ], [ 139.9004804, 35.2952831 ], [ 139.9006104, 35.2952281 ], [ 139.9017284, 35.2950173 ], [ 139.9019434, 35.2949573 ], [ 139.9021754, 35.2948614 ], [ 139.9022662, 35.2947503 ], [ 139.9022879, 35.294695 ], [ 139.9022984, 35.2945503 ], [ 139.9022984, 35.294257 ], [ 139.902319, 35.2941342 ], [ 139.9023656, 35.2940281 ], [ 139.9026115, 35.2935881 ], [ 139.9027015, 35.2931717 ], [ 139.9027101, 35.2930695 ], [ 139.9026679, 35.2929703 ], [ 139.9025448, 35.2927961 ], [ 139.9023773, 35.2926314 ], [ 139.9023248, 35.292562 ], [ 139.9022765, 35.2924572 ], [ 139.9021959, 35.2921548 ], [ 139.9020084, 35.2918617 ], [ 139.9019693, 35.2917323 ], [ 139.9019473, 35.2916086 ], [ 139.901932, 35.290917 ], [ 139.9019637, 35.290802 ], [ 139.902002, 35.2907048 ], [ 139.9020645, 35.2905842 ], [ 139.9022209, 35.2904192 ], [ 139.9026287, 35.2902236 ], [ 139.9028273, 35.2901598 ], [ 139.90297, 35.2900895 ], [ 139.9031487, 35.2899428 ], [ 139.9034448, 35.2895659 ], [ 139.9039812, 35.2891975 ], [ 139.9040367, 35.2891686 ], [ 139.9041039, 35.2891661 ], [ 139.9044903, 35.2893656 ], [ 139.9047026, 35.2893839 ], [ 139.9049039, 35.2893839 ], [ 139.9049759, 35.2893931 ], [ 139.9051017, 35.2894572 ], [ 139.9052056, 35.2894936 ], [ 139.9054739, 35.2895028 ], [ 139.9056192, 35.2894661 ], [ 139.9059995, 35.2891089 ], [ 139.9061195, 35.2890639 ], [ 139.9062006, 35.2890539 ], [ 139.9066367, 35.2890428 ], [ 139.9071512, 35.2890459 ], [ 139.9072198, 35.2890295 ], [ 139.9072723, 35.2889897 ], [ 139.9074673, 35.2886398 ], [ 139.9075245, 35.28856 ], [ 139.9076664, 35.2884853 ], [ 139.907832, 35.2884378 ], [ 139.9079751, 35.2884195 ], [ 139.9081256, 35.2884272 ], [ 139.9082942, 35.2884681 ], [ 139.9084459, 35.2885164 ], [ 139.9087539, 35.2886292 ], [ 139.9088892, 35.2886453 ], [ 139.9089981, 35.2886392 ], [ 139.9090584, 35.2886284 ], [ 139.9092026, 35.28854 ], [ 139.9097781, 35.2883284 ], [ 139.9099614, 35.2882811 ], [ 139.9102823, 35.2882495 ], [ 139.9103314, 35.2882528 ], [ 139.9107887, 35.2883453 ], [ 139.9109492, 35.2883442 ], [ 139.9110281, 35.2883236 ], [ 139.9110778, 35.2882892 ], [ 139.9112103, 35.288142 ], [ 139.9112845, 35.2880142 ], [ 139.9112976, 35.2879439 ], [ 139.9112942, 35.2877409 ], [ 139.9110114, 35.2868939 ], [ 139.9110273, 35.2859528 ], [ 139.9110503, 35.2858009 ], [ 139.9110839, 35.2856631 ], [ 139.9111509, 35.2854798 ], [ 139.9111509, 35.2852506 ], [ 139.9110728, 35.2850492 ], [ 139.9108414, 35.2848228 ], [ 139.9107375, 35.2846734 ], [ 139.9105922, 35.2843623 ], [ 139.9104581, 35.2841881 ], [ 139.9102561, 35.2839828 ], [ 139.9101217, 35.2837256 ], [ 139.9101445, 35.2834973 ], [ 139.9102217, 35.2833609 ], [ 139.9104014, 35.2831398 ], [ 139.9104014, 35.2829748 ], [ 139.9102245, 35.2826331 ], [ 139.9101242, 35.2823726 ], [ 139.9101059, 35.2822834 ], [ 139.9101059, 35.2821262 ], [ 139.9101556, 35.2818573 ], [ 139.9102917, 35.2815698 ], [ 139.9103658, 35.2814892 ], [ 139.9104908, 35.2814176 ], [ 139.9110161, 35.2812239 ], [ 139.9115086, 35.2810945 ], [ 139.9117622, 35.2809831 ], [ 139.9118453, 35.2809117 ], [ 139.9119011, 35.2808328 ], [ 139.91196, 35.2806995 ], [ 139.912068, 35.2805701 ], [ 139.912195, 35.2804551 ], [ 139.9124144, 35.2801856 ], [ 139.9124575, 35.2801012 ], [ 139.9124861, 35.2799873 ], [ 139.9124886, 35.2798895 ], [ 139.9123458, 35.2794287 ], [ 139.9122478, 35.2788901 ], [ 139.9122856, 35.2788323 ], [ 139.9127358, 35.2785159 ], [ 139.9128192, 35.278419 ], [ 139.9130542, 35.2779976 ], [ 139.9132328, 35.2778145 ], [ 139.9133106, 35.2777451 ], [ 139.9133669, 35.2776587 ], [ 139.9133936, 35.2776073 ], [ 139.9134097, 35.2773556 ], [ 139.9134231, 35.2772831 ], [ 139.9135458, 35.2770631 ], [ 139.9138141, 35.2767148 ], [ 139.9140219, 35.2762348 ], [ 139.9141403, 35.2759076 ], [ 139.9142033, 35.2757904 ], [ 139.9145589, 35.2753456 ], [ 139.9147752, 35.2750109 ], [ 139.9148933, 35.274904 ], [ 139.9150652, 35.2748745 ], [ 139.9156, 35.2748929 ], [ 139.9157091, 35.2748817 ], [ 139.9158072, 35.2748404 ], [ 139.9159533, 35.2747581 ], [ 139.9161869, 35.2745206 ], [ 139.9164328, 35.2740537 ], [ 139.9165119, 35.2738659 ], [ 139.9165669, 35.2736048 ], [ 139.9165625, 35.2731268 ], [ 139.9164486, 35.2728446 ], [ 139.9164216, 35.2726701 ], [ 139.9164216, 35.2724043 ], [ 139.9164891, 35.2722662 ], [ 139.916578, 35.2721296 ], [ 139.9167458, 35.272047 ], [ 139.9171161, 35.2719887 ], [ 139.9172708, 35.2719362 ], [ 139.9174516, 35.271842 ], [ 139.9176302, 35.2715765 ], [ 139.917758, 35.2715421 ], [ 139.917948, 35.2715421 ], [ 139.9180774, 35.2715123 ], [ 139.9181738, 35.2714762 ], [ 139.9182788, 35.2714115 ], [ 139.9183672, 35.2713404 ], [ 139.9185655, 35.2708876 ], [ 139.918638, 35.270821 ], [ 139.9187552, 35.2707601 ], [ 139.9188463, 35.2707437 ], [ 139.918973, 35.2707415 ], [ 139.9191388, 35.270777 ], [ 139.920123, 35.2710543 ], [ 139.9203791, 35.2710965 ], [ 139.9205583, 35.2710993 ], [ 139.9207477, 35.2710407 ], [ 139.9209422, 35.2709604 ], [ 139.9210483, 35.2709476 ], [ 139.9213635, 35.2710073 ], [ 139.921501, 35.271024 ], [ 139.9217516, 35.2710268 ], [ 139.9219819, 35.2709696 ], [ 139.9226302, 35.2708504 ], [ 139.9228761, 35.270777 ], [ 139.9229766, 35.2706673 ], [ 139.9230774, 35.2702732 ], [ 139.9231269, 35.270179 ], [ 139.9232561, 35.2700351 ], [ 139.9235388, 35.269821 ], [ 139.9239858, 35.2695826 ], [ 139.9241555, 35.2693809 ], [ 139.9241944, 35.2693004 ], [ 139.9242458, 35.2690115 ], [ 139.92431, 35.2688679 ], [ 139.9243613, 35.2687943 ], [ 139.92447, 35.2687568 ], [ 139.9246897, 35.2687412 ], [ 139.9248661, 35.2686551 ], [ 139.9249775, 35.2685729 ], [ 139.9251066, 35.2684937 ], [ 139.9253047, 35.2684832 ], [ 139.9258549, 35.2685937 ], [ 139.9266155, 35.2687273 ], [ 139.9269602, 35.2687551 ], [ 139.9271311, 35.2687134 ], [ 139.92807, 35.2681882 ], [ 139.9285283, 35.2677665 ], [ 139.928763, 35.2676201 ], [ 139.9289944, 35.2675165 ], [ 139.9291991, 35.2673909 ], [ 139.9298249, 35.2668137 ], [ 139.9299149, 35.2667715 ], [ 139.9300871, 35.2667771 ], [ 139.9306546, 35.2668562 ], [ 139.9308683, 35.2668201 ], [ 139.9309505, 35.266742 ], [ 139.9312841, 35.2662598 ], [ 139.931438, 35.266124 ], [ 139.9318427, 35.2658623 ], [ 139.931986, 35.2657315 ], [ 139.9320641, 35.2656257 ], [ 139.9322113, 35.2652923 ], [ 139.9322502, 35.2652521 ], [ 139.9323169, 35.2652173 ], [ 139.9324218, 35.2651896 ], [ 139.9325063, 35.2651948 ], [ 139.9325896, 35.2652198 ], [ 139.9328288, 35.2653407 ], [ 139.9332266, 35.2655715 ], [ 139.9336019, 35.265652 ], [ 139.933961, 35.2657871 ], [ 139.9341655, 35.2660507 ], [ 139.9343441, 35.2660965 ], [ 139.9350352, 35.266154 ], [ 139.935461, 35.2662987 ], [ 139.9356899, 35.2663068 ], [ 139.935921, 35.2662973 ], [ 139.936193, 35.2661326 ], [ 139.9365171, 35.2658209 ], [ 139.9365994, 35.2657148 ], [ 139.9366508, 35.2656051 ], [ 139.9366577, 35.2655107 ], [ 139.9366402, 35.2652346 ], [ 139.9364055, 35.2645293 ], [ 139.9363885, 35.2641982 ], [ 139.936433, 35.2640187 ], [ 139.936711, 35.2637515 ], [ 139.9367979, 35.2636184 ], [ 139.9368985, 35.263371 ], [ 139.9369096, 35.2630412 ], [ 139.9370057, 35.2625062 ], [ 139.936999, 35.2623226 ], [ 139.936876, 35.2620201 ], [ 139.9366302, 35.2615621 ], [ 139.936596, 35.2614743 ], [ 139.9365696, 35.261341 ], [ 139.9365738, 35.2613076 ], [ 139.9366099, 35.2612743 ], [ 139.9366516, 35.2612687 ], [ 139.9367979, 35.2612779 ], [ 139.9379604, 35.2617179 ], [ 139.9380904, 35.2617565 ], [ 139.9381502, 35.2617704 ], [ 139.9382421, 35.2617579 ], [ 139.9383985, 35.2617551 ], [ 139.9386491, 35.2617232 ], [ 139.9388993, 35.2617637 ], [ 139.9400879, 35.2621301 ], [ 139.9404121, 35.2621851 ], [ 139.9406468, 35.2621576 ], [ 139.9408927, 35.262066 ], [ 139.9412563, 35.2620279 ], [ 139.9414299, 35.2620432 ], [ 139.9415493, 35.2620668 ], [ 139.9418316, 35.2621668 ], [ 139.942111, 35.2623501 ], [ 139.9426977, 35.2624604 ], [ 139.9430835, 35.262579 ], [ 139.9435457, 35.2629107 ], [ 139.9441146, 35.2632932 ], [ 139.9443063, 35.2633682 ], [ 139.9443938, 35.2633807 ], [ 139.9444868, 35.2633751 ], [ 139.9446968, 35.2633048 ], [ 139.9450768, 35.2630757 ], [ 139.9453338, 35.2628526 ], [ 139.945441, 35.2627259 ], [ 139.9456343, 35.2623504 ], [ 139.9459207, 35.2618526 ], [ 139.9460821, 35.2614065 ], [ 139.9460763, 35.261139 ], [ 139.9459646, 35.2607084 ], [ 139.9459599, 35.2605987 ], [ 139.9459807, 35.2605262 ], [ 139.9460407, 35.2604551 ], [ 139.9461657, 35.2603604 ], [ 139.9464185, 35.2602051 ], [ 139.9466688, 35.2600854 ], [ 139.9468079, 35.260034 ], [ 139.9470721, 35.2600243 ], [ 139.9474499, 35.2601284 ], [ 139.9479174, 35.260244 ], [ 139.9480663, 35.2602607 ], [ 139.9481941, 35.2602857 ], [ 139.9484235, 35.2602871 ], [ 139.9486113, 35.2601965 ], [ 139.9489296, 35.2598784 ], [ 139.9492049, 35.2596657 ], [ 139.9493065, 35.2596157 ], [ 139.9497596, 35.2595043 ], [ 139.9500501, 35.2595043 ], [ 139.9501754, 35.2595198 ], [ 139.9503132, 35.2595712 ], [ 139.9507429, 35.260054 ], [ 139.9508249, 35.2600982 ], [ 139.9509735, 35.2601065 ], [ 139.9519504, 35.2600907 ], [ 139.9520732, 35.2600662 ], [ 139.9521402, 35.260016 ], [ 139.9521971, 35.2599221 ], [ 139.9523654, 35.2595034 ], [ 139.9526657, 35.2593029 ], [ 139.9528129, 35.2592323 ], [ 139.9529771, 35.259164 ], [ 139.9533701, 35.2590543 ], [ 139.9540315, 35.2587773 ], [ 139.9541774, 35.2587001 ], [ 139.9543271, 35.2585373 ], [ 139.954369, 35.2584112 ], [ 139.9543607, 35.2582037 ], [ 139.9541696, 35.2576196 ], [ 139.9541526, 35.2574768 ], [ 139.9541779, 35.2573343 ], [ 139.9542013, 35.2572757 ], [ 139.954411, 35.2571921 ], [ 139.9550368, 35.2571737 ], [ 139.9554393, 35.2572287 ], [ 139.9562037, 35.2571829 ], [ 139.956219, 35.257094 ], [ 139.9562465, 35.2565218 ], [ 139.9561237, 35.255851 ], [ 139.9558329, 35.2552826 ], [ 139.9555759, 35.2546965 ], [ 139.9554529, 35.2543118 ], [ 139.955442, 35.254232 ], [ 139.9554487, 35.253669 ], [ 139.9554865, 35.2532976 ], [ 139.9554346, 35.2532243 ], [ 139.9553296, 35.2531957 ], [ 139.9551454, 35.2531984 ], [ 139.9546512, 35.2532976 ], [ 139.954384, 35.2533337 ], [ 139.9539415, 35.253337 ], [ 139.9533862, 35.2532976 ], [ 139.9526068, 35.2531943 ], [ 139.9516873, 35.2531246 ], [ 139.9511898, 35.2530476 ], [ 139.9507301, 35.2528896 ], [ 139.9502859, 35.2527629 ], [ 139.949759, 35.2525418 ], [ 139.9491676, 35.2521479 ], [ 139.9485915, 35.251076 ], [ 139.9488079, 35.2489874 ], [ 139.9489209, 35.2484785 ], [ 139.9490126, 35.2474488 ], [ 139.9490573, 35.2462399 ], [ 139.9491131, 35.2460935 ], [ 139.9496373, 35.2461577 ], [ 139.9503964, 35.2460652 ], [ 139.9512948, 35.246284 ], [ 139.9518387, 35.2462193 ], [ 139.9519056, 35.2461188 ], [ 139.9517281, 35.2456107 ], [ 139.9515598, 35.2454935 ], [ 139.9515292, 35.2452338 ], [ 139.9514273, 35.2448671 ], [ 139.9513145, 35.2438088 ], [ 139.9513814, 35.2431952 ], [ 139.9514928, 35.2430185 ], [ 139.9516442, 35.2428527 ], [ 139.9517959, 35.2424854 ], [ 139.9518073, 35.2421377 ], [ 139.9519075, 35.241808 ], [ 139.95191, 35.2416527 ], [ 139.9518242, 35.241456 ], [ 139.9517959, 35.2412493 ], [ 139.9518184, 35.2410988 ], [ 139.9521978, 35.2406818 ], [ 139.9528111, 35.2404529 ], [ 139.9532778, 35.240381 ], [ 139.9534242, 35.2404507 ], [ 139.9535295, 35.2405599 ], [ 139.9538234, 35.240999 ], [ 139.9542439, 35.241256 ], [ 139.9546773, 35.2416091 ], [ 139.9549561, 35.2416366 ], [ 139.9552347, 35.2418474 ], [ 139.9554692, 35.2420671 ], [ 139.9556478, 35.2420762 ], [ 139.9558375, 35.2419204 ], [ 139.9559825, 35.2418474 ], [ 139.95615, 35.2420029 ], [ 139.9561359, 35.2423576 ], [ 139.9561778, 35.2424476 ], [ 139.9563142, 35.2424871 ], [ 139.9570761, 35.2425157 ], [ 139.9573606, 35.2425515 ], [ 139.9576625, 35.2426349 ], [ 139.9579303, 35.242809 ], [ 139.9580642, 35.2434129 ], [ 139.9588453, 35.2430654 ], [ 139.958967, 35.2430963 ], [ 139.9590439, 35.2431599 ], [ 139.9591392, 35.2433824 ], [ 139.959245, 35.2434049 ], [ 139.9594625, 35.2433679 ], [ 139.9596264, 35.2433949 ], [ 139.9598059, 35.2436671 ], [ 139.9600617, 35.2437518 ], [ 139.9605303, 35.2439807 ], [ 139.9609034, 35.2440812 ], [ 139.9614117, 35.2436359 ], [ 139.9618303, 35.243369 ], [ 139.9619981, 35.2433784 ], [ 139.962577, 35.2429276 ], [ 139.9631331, 35.2427207 ], [ 139.9637848, 35.2425354 ], [ 139.9642536, 35.2422748 ], [ 139.9651686, 35.2415971 ], [ 139.9656931, 35.2411851 ], [ 139.9658184, 35.2408162 ], [ 139.9661197, 35.240404 ], [ 139.9662761, 35.2400196 ], [ 139.9665439, 35.2396532 ], [ 139.9668114, 35.2395523 ], [ 139.9671017, 35.2398087 ], [ 139.9673694, 35.2395707 ], [ 139.9675006, 35.2396079 ], [ 139.9677425, 35.239859 ], [ 139.9679831, 35.2398729 ], [ 139.9681394, 35.2397448 ], [ 139.96836, 35.2399326 ], [ 139.9684969, 35.2399954 ], [ 139.9686528, 35.2398637 ], [ 139.9688425, 35.2397448 ], [ 139.9693053, 35.2399082 ], [ 139.9696844, 35.2398165 ], [ 139.9698631, 35.2396796 ], [ 139.9698631, 35.2392857 ], [ 139.9699633, 35.2388279 ], [ 139.9701006, 35.2385801 ], [ 139.9702356, 35.2384468 ], [ 139.9704947, 35.238344 ], [ 139.9706664, 35.238242 ], [ 139.9708511, 35.2382707 ], [ 139.9710458, 35.2383426 ], [ 139.9713361, 35.2383154 ], [ 139.9717603, 35.2387087 ], [ 139.9721281, 35.2392384 ], [ 139.9723183, 35.239287 ], [ 139.9725078, 35.2394245 ], [ 139.9726083, 35.2396993 ], [ 139.972865, 35.239809 ], [ 139.9729989, 35.239974 ], [ 139.9735931, 35.2403334 ], [ 139.974218, 35.2405165 ], [ 139.9744761, 35.2409845 ], [ 139.9751122, 35.2412409 ], [ 139.975335, 35.2414518 ], [ 139.9757825, 35.2418387 ], [ 139.9760503, 35.2421681 ], [ 139.9761509, 35.2428751 ], [ 139.9760392, 35.2431773 ], [ 139.9755148, 35.2435162 ], [ 139.9748567, 35.2437998 ], [ 139.9743398, 35.2442134 ], [ 139.9731681, 35.2444973 ], [ 139.9728109, 35.244607 ], [ 139.9730342, 35.2450923 ], [ 139.9734917, 35.2454767 ], [ 139.9738962, 35.2456706 ], [ 139.9747331, 35.2454598 ], [ 139.9753131, 35.2454323 ], [ 139.9756478, 35.2455056 ], [ 139.97631, 35.2459095 ], [ 139.9765445, 35.2459187 ], [ 139.9767342, 35.2458087 ], [ 139.9769139, 35.2453442 ], [ 139.9774184, 35.2444614 ], [ 139.977597, 35.2442437 ], [ 139.9779981, 35.2440351 ], [ 139.978085, 35.2439117 ], [ 139.9780511, 35.2436534 ], [ 139.9775314, 35.2426995 ], [ 139.9774961, 35.2424637 ], [ 139.9775311, 35.2418137 ], [ 139.9774386, 35.2413631 ], [ 139.9772731, 35.2410714 ], [ 139.9769125, 35.2407178 ], [ 139.9768589, 35.2405214 ], [ 139.9768022, 35.2391354 ], [ 139.9767636, 35.2386026 ], [ 139.9768333, 35.2383804 ], [ 139.9772361, 35.2378931 ], [ 139.9775266, 35.2374251 ], [ 139.9775833, 35.2372879 ], [ 139.9776078, 35.237164 ], [ 139.9775733, 35.2367879 ], [ 139.9772664, 35.2359917 ], [ 139.9771627, 35.235642 ], [ 139.9771758, 35.2353829 ], [ 139.9772714, 35.2352748 ], [ 139.9774308, 35.2351229 ], [ 139.9778069, 35.2349359 ], [ 139.9779241, 35.2348587 ], [ 139.9779889, 35.2347462 ], [ 139.9778244, 35.2344995 ], [ 139.977673, 35.2340831 ], [ 139.9776255, 35.2337901 ], [ 139.9776299, 35.2335698 ], [ 139.9776955, 35.2333312 ], [ 139.9779375, 35.2330637 ], [ 139.9781419, 35.2326434 ], [ 139.9787855, 35.2320201 ], [ 139.9791575, 35.2315234 ], [ 139.9791572, 35.231354 ], [ 139.9791269, 35.2310509 ], [ 139.979191, 35.2308095 ], [ 139.9791052, 35.2301812 ], [ 139.9791788, 35.2296632 ], [ 139.9790188, 35.2291307 ], [ 139.9790405, 35.2289537 ], [ 139.9792608, 35.228729 ], [ 139.979648, 35.2284504 ], [ 139.9798266, 35.2282912 ], [ 139.9800166, 35.2279893 ], [ 139.9799774, 35.2272537 ], [ 139.9798738, 35.2271415 ], [ 139.979631, 35.2270587 ], [ 139.9793333, 35.2268946 ], [ 139.979023, 35.2265793 ], [ 139.9784469, 35.2263665 ], [ 139.978326, 35.2261896 ], [ 139.9783474, 35.2258529 ], [ 139.9781705, 35.2256584 ], [ 139.9777174, 35.2254348 ], [ 139.9776057, 35.2252884 ], [ 139.9776777, 35.2246876 ], [ 139.9776518, 35.2242904 ], [ 139.977561, 35.2239451 ], [ 139.9772821, 35.2234882 ], [ 139.9775835, 35.2232962 ], [ 139.9777641, 35.2231574 ], [ 139.9778871, 35.2229815 ], [ 139.978099, 35.2222582 ], [ 139.9782316, 35.2218632 ], [ 139.9783796, 35.2215946 ], [ 139.9787727, 35.2213746 ], [ 139.978816, 35.2211374 ], [ 139.9789374, 35.2209324 ], [ 139.9792707, 35.2208207 ], [ 139.9794604, 35.2205551 ], [ 139.979529, 35.2201854 ], [ 139.9793085, 35.2198079 ], [ 139.9792265, 35.2195187 ], [ 139.9792718, 35.219231 ], [ 139.979361, 35.2184401 ], [ 139.979356, 35.2182513 ], [ 139.9792604, 35.2179824 ], [ 139.9793129, 35.2175285 ], [ 139.9795282, 35.2170301 ], [ 139.9796732, 35.216911 ], [ 139.9802648, 35.2168196 ], [ 139.9804323, 35.2167543 ], [ 139.9805437, 35.2166821 ], [ 139.9807112, 35.2163615 ], [ 139.9808746, 35.2162443 ], [ 139.9810718, 35.2162132 ], [ 139.9814621, 35.2162485 ], [ 139.9816857, 35.2162315 ], [ 139.982232, 35.2157737 ], [ 139.9827679, 35.2155085 ], [ 139.9831937, 35.215229 ], [ 139.9835248, 35.2151479 ], [ 139.983769, 35.2150493 ], [ 139.984031, 35.2145971 ], [ 139.9841593, 35.2142512 ], [ 139.9842365, 35.2139901 ], [ 139.984262, 35.2136779 ], [ 139.9841872, 35.2135369 ], [ 139.9840876, 35.2134356 ], [ 139.9839448, 35.2133201 ], [ 139.9838634, 35.2132232 ], [ 139.9835638, 35.2127226 ], [ 139.9834181, 35.2125369 ], [ 139.9833517, 35.2124209 ], [ 139.9832266, 35.2119768 ], [ 139.9829379, 35.2114304 ], [ 139.9828692, 35.2111396 ], [ 139.9828587, 35.2108654 ], [ 139.982602, 35.2104074 ], [ 139.9826137, 35.2102107 ], [ 139.983194, 35.2096154 ], [ 139.9835623, 35.2091488 ], [ 139.983679, 35.2089854 ], [ 139.9838884, 35.2088208 ], [ 139.9842542, 35.208581 ], [ 139.9843687, 35.2083568 ], [ 139.9846537, 35.2076443 ], [ 139.9849156, 35.2074227 ], [ 139.9852853, 35.2071857 ], [ 139.9856742, 35.2068643 ], [ 139.9858548, 35.2068027 ], [ 139.9862465, 35.2067304 ], [ 139.9863756, 35.2066077 ], [ 139.9863712, 35.2062882 ], [ 139.9865428, 35.2061041 ], [ 139.9866062, 35.2059804 ], [ 139.9865, 35.2056046 ], [ 139.9865195, 35.2052677 ], [ 139.986597, 35.2049216 ], [ 139.9865842, 35.2047113 ], [ 139.9864159, 35.2044293 ], [ 139.9863223, 35.2041635 ], [ 139.9863359, 35.2039352 ], [ 139.9864003, 35.2037882 ], [ 139.9864876, 35.2036743 ], [ 139.9867239, 35.2034927 ], [ 139.9871581, 35.2032057 ], [ 139.9878364, 35.2025604 ], [ 139.9881056, 35.2020852 ], [ 139.9882581, 35.2019196 ], [ 139.9886819, 35.2016992 ], [ 139.9887139, 35.2016499 ], [ 139.9891355, 35.2011668 ], [ 139.9895375, 35.2009535 ], [ 139.9906817, 35.2008196 ], [ 139.990817, 35.2007054 ], [ 139.9909978, 35.2002468 ], [ 139.9912886, 35.1999852 ], [ 139.9915328, 35.1997313 ], [ 139.9913827, 35.1994178 ], [ 139.9913622, 35.1993356 ], [ 139.9914389, 35.1991436 ], [ 139.9914992, 35.1990666 ], [ 139.9919117, 35.1986463 ], [ 139.9921876, 35.1984583 ], [ 139.9922718, 35.1983904 ], [ 139.9924072, 35.1982131 ], [ 139.9925145, 35.1981266 ], [ 139.9925733, 35.1980654 ], [ 139.9927308, 35.197484 ], [ 139.9928792, 35.1968255 ], [ 139.9931294, 35.1965649 ], [ 139.9937328, 35.1964791 ], [ 139.9954558, 35.1959241 ], [ 139.9957614, 35.1958632 ], [ 139.9959466, 35.1957568 ], [ 139.9961419, 35.1951521 ], [ 139.9962439, 35.1947038 ], [ 139.9963272, 35.1942782 ], [ 139.9965125, 35.1940729 ], [ 139.9967572, 35.1939277 ], [ 139.9968539, 35.1938454 ], [ 139.9968944, 35.1936552 ], [ 139.9970455, 35.193531 ], [ 139.9971566, 35.1933491 ], [ 139.9972372, 35.1931421 ], [ 139.9973683, 35.1925052 ], [ 139.9973597, 35.1918293 ], [ 139.9973535, 35.1917639 ], [ 139.9973084, 35.191601 ], [ 139.9972743, 35.1913586 ], [ 139.9973461, 35.1910393 ], [ 139.9973088, 35.1907545 ], [ 139.9973306, 35.1906314 ], [ 139.9973449, 35.1904341 ], [ 139.9973652, 35.1903071 ], [ 139.9972859, 35.1901006 ], [ 139.9972474, 35.1897788 ], [ 139.9971464, 35.1896338 ], [ 139.9970766, 35.1895145 ], [ 139.9970781, 35.1894145 ], [ 139.9971232, 35.1892182 ], [ 139.9971569, 35.1890238 ], [ 139.9971569, 35.188966 ], [ 139.9970663, 35.1887321 ], [ 139.9969855, 35.1885746 ], [ 139.9969403, 35.1884963 ], [ 139.9968658, 35.1884257 ], [ 139.9968999, 35.1882898 ], [ 139.9970087, 35.1881897 ], [ 139.9970165, 35.1880846 ], [ 139.9970848, 35.1879486 ], [ 139.9970863, 35.1878136 ], [ 139.9970661, 35.1875147 ], [ 139.9970058, 35.1873574 ], [ 139.996652, 35.1869226 ], [ 139.9965166, 35.1865966 ], [ 139.9962337, 35.1864316 ], [ 139.9960966, 35.1864276 ], [ 139.9959136, 35.186443 ], [ 139.9958522, 35.1863694 ], [ 139.9957821, 35.1862493 ], [ 139.9957885, 35.1860481 ], [ 139.9958853, 35.1859056 ], [ 139.9959973, 35.1857778 ], [ 139.9960176, 35.185727 ], [ 139.9960079, 35.1856458 ], [ 139.9959579, 35.1855272 ], [ 139.9959659, 35.185422 ], [ 139.9959918, 35.1852901 ], [ 139.9958316, 35.1849394 ], [ 139.9957341, 35.1845613 ], [ 139.9957299, 35.1841047 ], [ 139.9959612, 35.1837257 ], [ 139.9961015, 35.1835125 ], [ 139.9961004, 35.1834593 ], [ 139.9960328, 35.1833468 ], [ 139.9960699, 35.1832036 ], [ 139.996192, 35.1830695 ], [ 139.996236, 35.1828275 ], [ 139.996223, 35.1823964 ], [ 139.9958605, 35.1820577 ], [ 139.9958041, 35.1818211 ], [ 139.9959421, 35.1806589 ], [ 139.9961352, 35.1800328 ], [ 139.9967577, 35.1795586 ], [ 139.9970249, 35.1794689 ], [ 139.997233, 35.1793789 ], [ 139.9973752, 35.1792891 ], [ 139.9975066, 35.1791097 ], [ 139.997616, 35.1789389 ], [ 139.9978241, 35.1788491 ], [ 139.9980424, 35.1787768 ], [ 139.9982919, 35.1786544 ], [ 139.9985982, 35.178585 ], [ 139.9987243, 35.1785014 ], [ 139.998912, 35.1784096 ], [ 139.9990924, 35.1783096 ], [ 139.9991294, 35.1781934 ], [ 139.999127, 35.1780486 ], [ 139.9992011, 35.1779282 ], [ 139.9992431, 35.1777895 ], [ 139.9992702, 35.1776536 ], [ 139.9991388, 35.1774205 ], [ 139.9990735, 35.1772291 ], [ 139.9990843, 35.1768339 ], [ 139.9991829, 35.1765552 ], [ 139.9991829, 35.1763128 ], [ 139.9991175, 35.1759953 ], [ 139.9990426, 35.1758917 ], [ 139.9987573, 35.1756653 ], [ 139.9986955, 35.1754857 ], [ 139.9987312, 35.1754041 ], [ 139.9988078, 35.1752787 ], [ 139.9988762, 35.1751961 ], [ 139.9989421, 35.1748878 ], [ 139.9989641, 35.1745822 ], [ 139.9989535, 35.1743128 ], [ 139.9989643, 35.1740703 ], [ 139.9990085, 35.1739528 ], [ 139.9991727, 35.173845 ], [ 139.9994352, 35.1737192 ], [ 139.9995555, 35.1736022 ], [ 139.9996966, 35.173398 ], [ 139.9997758, 35.173219 ], [ 139.9999445, 35.1730574 ], [ 140.0000545, 35.1728788 ], [ 140.0002302, 35.1726772 ], [ 140.0003597, 35.1725723 ], [ 140.000471, 35.172542 ], [ 140.0005957, 35.1725581 ], [ 140.0007362, 35.1726015 ], [ 140.0008242, 35.1725147 ], [ 140.0008951, 35.1723512 ], [ 140.0009146, 35.1720997 ], [ 140.0008599, 35.1714225 ], [ 140.0008052, 35.1711711 ], [ 140.0007155, 35.1708898 ], [ 140.0005752, 35.1706411 ], [ 140.0002691, 35.170237 ], [ 140.0001266, 35.1699773 ], [ 139.9997821, 35.169407 ], [ 139.9996976, 35.1693232 ], [ 139.9995888, 35.1692677 ], [ 139.9994727, 35.1691324 ], [ 139.9994042, 35.1689669 ], [ 139.9993724, 35.1688356 ], [ 139.9993855, 35.1685114 ], [ 139.9992566, 35.168252 ], [ 139.9991102, 35.1680953 ], [ 139.9989712, 35.1679624 ], [ 139.9988502, 35.1678937 ], [ 139.9986632, 35.1678352 ], [ 139.9985129, 35.1677646 ], [ 139.9984111, 35.1676936 ], [ 139.9983332, 35.1676071 ], [ 139.9983063, 35.1674456 ], [ 139.9983319, 35.1673366 ], [ 139.9984652, 35.1671287 ], [ 139.9985079, 35.1667958 ], [ 139.9985727, 35.1666979 ], [ 139.9986611, 35.1666675 ], [ 139.9987874, 35.166585 ], [ 139.9988709, 35.1664648 ], [ 139.9990086, 35.16629 ], [ 139.874906, 35.16629 ], [ 139.874906, 35.3266118 ], [ 139.87496, 35.3265944 ] ] ] } },
{ "type": "Feature", "properties": { "A56_001": "12", "A56_002": "12225", "A56_003": "君津市", "A56_004": "1", "A56_005": "A", "A56_006": "千葉県告示第69号", "A56_007": "2025-05-26T00:00:00", "city": "君津市", "notice": "千葉県告示第69号", "date": "2025-05-26T00:00:00", "zone_code": "A", "layer": "embankment_regulation" }, "geometry": { "type": "Polygon", "coordinates": [ [ [ 139.9988709, 35.1664648 ], [ 139.9987874, 35.166585 ], [ 139.9986611, 35.1666675 ], [ 139.9985727, 35.1666979 ], [ 139.9985079, 35.1667958 ], [ 139.9984652, 35.1671287 ], [ 139.9983319, 35.1673366 ], [ 139.9983063, 35.1674456 ], [ 139.9983332, 35.1676071 ], [ 139.9984111, 35.1676936 ], [ 139.9985129, 35.1677646 ], [ 139.9986632, 35.1678352 ], [ 139.9988502, 35.1678937 ], [ 139.9989712, 35.1679624 ], [ 139.9991102, 35.1680953 ], [ 139.9992566, 35.168252 ], [ 139.9993855, 35.1685114 ], [ 139.9993724, 35.1688356 ], [ 139.9994042, 35.1689669 ], [ 139.9994727, 35.1691324 ], [ 139.9995888, 35.1692677 ], [ 139.9996976, 35.1693232 ], [ 139.9997821, 35.169407 ], [ 140.0001266, 35.1699773 ], [ 140.0002691, 35.170237 ], [ 140.0005752, 35.1706411 ], [ 140.0007155, 35.1708898 ], [ 140.0008052, 35.1711711 ], [ 140.0008599, 35.1714225 ], [ 140.0009146, 35.1720997 ], [ 140.0008951, 35.1723512 ], [ 140.0008242, 35.1725147 ], [ 140.0007362, 35.1726015 ], [ 140.0005957, 35.1725581 ], [ 140.000471, 35.172542 ], [ 140.0003597, 35.1725723 ], [ 140.0002302, 35.1726772 ], [ 140.0000545, 35.1728788 ], [ 139.9999445, 35.1730574 ], [ 139.9997758, 35.173219 ], [ 139.9996966, 35.173398 ], [ 139.9995555, 35.1736022 ], [ 139.9994352, 35.1737192 ], [ 139.9991727, 35.173845 ], [ 139.9990085, 35.1739528 ], [ 139.9989643, 35.1740703 ], [ 139.9989535, 35.1743128 ], [ 139.9989641, 35.1745822 ], [ 139.9989421, 35.1748878 ], [ 139.9988762, 35.1751961 ], [ 139.9988078, 35.1752787 ], [ 139.9987312, 35.1754041 ], [ 139.9986955, 35.1754857 ], [ 139.9987573, 35.1756653 ], [ 139.9990426, 35.1758917 ], [ 139.9991175, 35.1759953 ], [ 139.9991829, 35.1763128 ], [ 139.9991829, 35.1765552 ], [ 139.9990843, 35.1768339 ], [ 139.9990735, 35.1772291 ], [ 139.9991388, 35.1774205 ], [ 139.9992702, 35.1776536 ], [ 139.9992431, 35.1777895 ], [ 139.9992011, 35.1779282 ], [ 139.999127, 35.1780486 ], [ 139.9991294, 35.1781934 ], [ 139.9990924, 35.1783096 ], [ 139.998912, 35.1784096 ], [ 139.9987243, 35.1785014 ], [ 139.9985982, 35.178585 ], [ 139.9982919, 35.1786544 ], [ 139.9980424, 35.1787768 ], [ 139.9978241, 35.1788491 ], [ 139.997616, 35.1789389 ], [ 139.9975066, 35.1791097 ], [ 139.9973752, 35.1792891 ], [ 139.997233, 35.1793789 ], [ 139.9970249, 35.1794689 ], [ 139.9967577, 35.1795586 ], [ 139.9961352, 35.1800328 ], [ 139.9959421, 35.1806589 ], [ 139.9958041, 35.1818211 ], [ 139.9958605, 35.1820577 ], [ 139.996223, 35.1823964 ], [ 139.996236, 35.1828275 ], [ 139.996192, 35.1830695 ], [ 139.9960699, 35.1832036 ], [ 139.9960328, 35.1833468 ], [ 139.9961004, 35.1834593 ], [ 139.9961015, 35.1835125 ], [ 139.9959612, 35.1837257 ], [ 139.9957299, 35.1841047 ], [ 139.9957341, 35.1845613 ], [ 139.9958316, 35.1849394 ], [ 139.9959918, 35.1852901 ], [ 139.9959659, 35.185422 ], [ 139.9959579, 35.1855272 ], [ 139.9960079, 35.1856458 ], [ 139.9960176, 35.185727 ], [ 139.9959973, 35.1857778 ], [ 139.9958853, 35.1859056 ], [ 139.9957885, 35.1860481 ], [ 139.9957821, 35.1862493 ], [ 139.9958522, 35.1863694 ], [ 139.9959136, 35.186443 ], [ 139.9960966, 35.1864276 ], [ 139.9962337, 35.1864316 ], [ 139.9965166, 35.1865966 ], [ 139.996652, 35.1869226 ], [ 139.9970058, 35.1873574 ], [ 139.9970661, 35.1875147 ], [ 139.9970863, 35.1878136 ], [ 139.9970848, 35.1879486 ], [ 139.9970165, 35.1880846 ], [ 139.9970087, 35.1881897 ], [ 139.9968999, 35.1882898 ], [ 139.9968658, 35.1884257 ], [ 139.9969403, 35.1884963 ], [ 139.9969855, 35.1885746 ], [ 139.9970663, 35.1887321 ], [ 139.9971569, 35.188966 ], [ 139.9971569, 35.1890238 ], [ 139.9971232, 35.1892182 ], [ 139.9970781, 35.1894145 ], [ 139.9970766, 35.1895145 ], [ 139.9971464, 35.1896338 ], [ 139.9972474, 35.1897788 ], [ 139.9972859, 35.1901006 ], [ 139.9973652, 35.1903071 ], [ 139.9973449, 35.1904341 ], [ 139.9973306, 35.1906314 ], [ 139.9973088, 35.1907545 ], [ 139.9973461, 35.1910393 ], [ 139.9972743, 35.1913586 ], [ 139.9973084, 35.191601 ], [ 139.9973535, 35.1917639 ], [ 139.9973597, 35.1918293 ], [ 139.9973683, 35.1925052 ], [ 139.9972372, 35.1931421 ], [ 139.9971566, 35.1933491 ], [ 139.9970455, 35.193531 ], [ 139.9968944, 35.1936552 ], [ 139.9968539, 35.1938454 ], [ 139.9967572, 35.1939277 ], [ 139.9965125, 35.1940729 ], [ 139.9963272, 35.1942782 ], [ 139.9962439, 35.1947038 ], [ 139.9961419, 35.1951521 ], [ 139.9959466, 35.1957568 ], [ 139.9957614, 35.1958632 ], [ 139.9954558, 35.1959241 ], [ 139.9937328, 35.1964791 ], [ 139.9931294, 35.1965649 ], [ 139.9928792, 35.1968255 ], [ 139.9927308, 35.197484 ], [ 139.9925733, 35.1980654 ], [ 139.9925145, 35.1981266 ], [ 139.9924072, 35.1982131 ], [ 139.9922718, 35.1983904 ], [ 139.9921876, 35.1984583 ], [ 139.9919117, 35.1986463 ], [ 139.9914992, 35.1990666 ], [ 139.9914389, 35.1991436 ], [ 139.9913622, 35.1993356 ], [ 139.9913827, 35.1994178 ], [ 139.9915328, 35.1997313 ], [ 139.9912886, 35.1999852 ], [ 139.9909978, 35.2002468 ], [ 139.990817, 35.2007054 ], [ 139.9906817, 35.2008196 ], [ 139.9895375, 35.2009535 ], [ 139.9891355, 35.2011668 ], [ 139.9887139, 35.2016499 ], [ 139.9886819, 35.2016992 ], [ 139.9882581, 35.2019196 ], [ 139.9881056, 35.2020852 ], [ 139.9878364, 35.2025604 ], [ 139.9871581, 35.2032057 ], [ 139.9867239, 35.2034927 ], [ 139.9864876, 35.2036743 ], [ 139.9864003, 35.2037882 ], [ 139.9863359, 35.2039352 ], [ 139.9863223, 35.2041635 ], [ 139.9864159, 35.2044293 ], [ 139.9865842, 35.2047113 ], [ 139.986597, 35.2049216 ], [ 139.9865195, 35.2052677 ], [ 139.9865, 35.2056046 ], [ 139.9866062, 35.2059804 ], [ 139.9865428, 35.2061041 ], [ 139.9863712, 35.2062882 ], [ 139.9863756, 35.2066077 ], [ 139.9862465, 35.2067304 ], [ 139.9858548, 35.2068027 ], [ 139.9856742, 35.2068643 ], [ 139.9852853, 35.2071857 ], [ 139.9849156, 35.2074227 ], [ 139.9846537, 35.2076443 ], [ 139.9843687, 35.2083568 ], [ 139.9842542, 35.208581 ], [ 139.9838884, 35.2088208 ], [ 139.983679, 35.2089854 ], [ 139.9835623, 35.2091488 ], [ 139.983194, 35.2096154 ], [ 139.9826137, 35.2102107 ], [ 139.982602, 35.2104074 ], [ 139.9828587, 35.2108654 ], [ 139.9828692, 35.2111396 ], [ 139.9829379, 35.2114304 ], [ 139.9832266, 35.2119768 ], [ 139.9833517, 35.2124209 ], [ 139.9834181, 35.2125369 ], [ 139.9835638, 35.2127226 ], [ 139.9838634, 35.2132232 ], [ 139.9839448, 35.2133201 ], [ 139.9840876, 35.2134356 ], [ 139.9841872, 35.2135369 ], [ 139.984262, 35.2136779 ], [ 139.9842365, 35.2139901 ], [ 139.9841593, 35.2142512 ], [ 139.984031, 35.2145971 ], [ 139.983769, 35.2150493 ], [ 139.9835248, 35.2151479 ], [ 139.9831937, 35.215229 ], [ 139.9827679, 35.2155085 ], [ 139.982232, 35.2157737 ], [ 139.9816857, 35.2162315 ], [ 139.9814621, 35.2162485 ], [ 139.9810718, 35.2162132 ], [ 139.9808746, 35.2162443 ], [ 139.9807112, 35.2163615 ], [ 139.9805437, 35.2166821 ], [ 139.9804323, 35.2167543 ], [ 139.9802648, 35.2168196 ], [ 139.9796732, 35.216911 ], [ 139.9795282, 35.2170301 ], [ 139.9793129, 35.2175285 ], [ 139.9792604, 35.2179824 ], [ 139.979356, 35.2182513 ], [ 139.979361, 35.2184401 ], [ 139.9792718, 35.219231 ], [ 139.9792265, 35.2195187 ], [ 139.9793085, 35.2198079 ], [ 139.979529, 35.2201854 ], [ 139.9794604, 35.2205551 ], [ 139.9792707, 35.2208207 ], [ 139.9789374, 35.2209324 ], [ 139.978816, 35.2211374 ], [ 139.9787727, 35.2213746 ], [ 139.9783796, 35.2215946 ], [ 139.9782316, 35.2218632 ], [ 139.978099, 35.2222582 ], [ 139.9778871, 35.2229815 ], [ 139.9777641, 35.2231574 ], [ 139.9775835, 35.2232962 ], [ 139.9772821, 35.2234882 ], [ 139.977561, 35.2239451 ], [ 139.9776518, 35.2242904 ], [ 139.9776777, 35.2246876 ], [ 139.9776057, 35.2252884 ], [ 139.9777174, 35.2254348 ], [ 139.9781705, 35.2256584 ], [ 139.9783474, 35.2258529 ], [ 139.978326, 35.2261896 ], [ 139.9784469, 35.2263665 ], [ 139.979023, 35.2265793 ], [ 139.9793333, 35.2268946 ], [ 139.979631, 35.2270587 ], [ 139.9798738, 35.2271415 ], [ 139.9799774, 35.2272537 ], [ 139.9800166, 35.2279893 ], [ 139.9798266, 35.2282912 ], [ 139.979648, 35.2284504 ], [ 139.9792608, 35.228729 ], [ 139.9790405, 35.2289537 ], [ 139.9790188, 35.2291307 ], [ 139.9791788, 35.2296632 ], [ 139.9791052, 35.2301812 ], [ 139.979191, 35.2308095 ], [ 139.9791269, 35.2310509 ], [ 139.9791572, 35.231354 ], [ 139.9791575, 35.2315234 ], [ 139.9787855, 35.2320201 ], [ 139.9781419, 35.2326434 ], [ 139.9779375, 35.2330637 ], [ 139.9776955, 35.2333312 ], [ 139.9776299, 35.2335698 ], [ 139.9776255, 35.2337901 ], [ 139.977673, 35.2340831 ], [ 139.9778244, 35.2344995 ], [ 139.9779889, 35.2347462 ], [ 139.9779241, 35.2348587 ], [ 139.9778069, 35.2349359 ], [ 139.9774308, 35.2351229 ], [ 139.9772714, 35.2352748 ], [ 139.9771758, 35.2353829 ], [ 139.9771627, 35.235642 ], [ 139.9772664, 35.2359917 ], [ 139.9775733, 35.2367879 ], [ 139.9776078, 35.237164 ], [ 139.9775833, 35.2372879 ], [ 139.9775266, 35.2374251 ], [ 139.9772361, 35.2378931 ], [ 139.9768333, 35.2383804 ], [ 139.9767636, 35.2386026 ], [ 139.9768022, 35.2391354 ], [ 139.9768589, 35.2405214 ], [ 139.9769125, 35.2407178 ], [ 139.9772731, 35.2410714 ], [ 139.9774386, 35.2413631 ], [ 139.9775311, 35.2418137 ], [ 139.9774961, 35.2424637 ], [ 139.9775314, 35.2426995 ], [ 139.9780511, 35.2436534 ], [ 139.978085, 35.2439117 ], [ 139.9779981, 35.2440351 ], [ 139.977597, 35.2442437 ], [ 139.9774184, 35.2444614 ], [ 139.9769139, 35.2453442 ], [ 139.9767342, 35.2458087 ], [ 139.9765445, 35.2459187 ], [ 139.97631, 35.2459095 ], [ 139.9756478, 35.2455056 ], [ 139.9753131, 35.2454323 ], [ 139.9747331, 35.2454598 ], [ 139.9738962, 35.2456706 ], [ 139.9734917, 35.2454767 ], [ 139.9730342, 35.2450923 ], [ 139.9728109, 35.244607 ], [ 139.9731681, 35.2444973 ], [ 139.9743398, 35.2442134 ], [ 139.9748567, 35.2437998 ], [ 139.9755148, 35.2435162 ], [ 139.9760392, 35.2431773 ], [ 139.9761509, 35.2428751 ], [ 139.9760503, 35.2421681 ], [ 139.9757825, 35.2418387 ], [ 139.975335, 35.2414518 ], [ 139.9751122, 35.2412409 ], [ 139.9744761, 35.2409845 ], [ 139.974218, 35.2405165 ], [ 139.9735931, 35.2403334 ], [ 139.9729989, 35.239974 ], [ 139.972865, 35.239809 ], [ 139.9726083, 35.2396993 ], [ 139.9725078, 35.2394245 ], [ 139.9723183, 35.239287 ], [ 139.9721281, 35.2392384 ], [ 139.9717603, 35.2387087 ], [ 139.9713361, 35.2383154 ], [ 139.9710458, 35.2383426 ], [ 139.9708511, 35.2382707 ], [ 139.9706664, 35.238242 ], [ 139.9704947, 35.238344 ], [ 139.9702356, 35.2384468 ], [ 139.9701006, 35.2385801 ], [ 139.9699633, 35.2388279 ], [ 139.9698631, 35.2392857 ], [ 139.9698631, 35.2396796 ], [ 139.9696844, 35.2398165 ], [ 139.9693053, 35.2399082 ], [ 139.9688425, 35.2397448 ], [ 139.9686528, 35.2398637 ], [ 139.9684969, 35.2399954 ], [ 139.96836, 35.2399326 ], [ 139.9681394, 35.2397448 ], [ 139.9679831, 35.2398729 ], [ 139.9677425, 35.239859 ], [ 139.9675006, 35.2396079 ], [ 139.9673694, 35.2395707 ], [ 139.9671017, 35.2398087 ], [ 139.9668114, 35.2395523 ], [ 139.9665439, 35.2396532 ], [ 139.9662761, 35.2400196 ], [ 139.9661197, 35.240404 ], [ 139.9658184, 35.2408162 ], [ 139.9656931, 35.2411851 ], [ 139.9651686, 35.2415971 ], [ 139.9642536, 35.2422748 ], [ 139.9637848, 35.2425354 ], [ 139.9631331, 35.2427207 ], [ 139.962577, 35.2429276 ], [ 139.9619981, 35.2433784 ], [ 139.9618303, 35.243369 ], [ 139.9614117, 35.2436359 ], [ 139.9609034, 35.2440812 ], [ 139.9605303, 35.2439807 ], [ 139.9600617, 35.2437518 ], [ 139.9598059, 35.2436671 ], [ 139.9596264, 35.2433949 ], [ 139.9594625, 35.2433679 ], [ 139.959245, 35.2434049 ], [ 139.9591392, 35.2433824 ], [ 139.9590439, 35.2431599 ], [ 139.958967, 35.2430963 ], [ 139.9588453, 35.2430654 ], [ 139.9580642, 35.2434129 ], [ 139.9579303, 35.242809 ], [ 139.9576625, 35.2426349 ], [ 139.9573606, 35.2425515 ], [ 139.9570761, 35.2425157 ], [ 139.9563142, 35.2424871 ], [ 139.9561778, 35.2424476 ], [ 139.9561359, 35.2423576 ], [ 139.95615, 35.2420029 ], [ 139.9559825, 35.2418474 ], [ 139.9558375, 35.2419204 ], [ 139.9556478, 35.2420762 ], [ 139.9554692, 35.2420671 ], [ 139.9552347, 35.2418474 ], [ 139.9549561, 35.2416366 ], [ 139.9546773, 35.2416091 ], [ 139.9542439, 35.241256 ], [ 139.9538234, 35.240999 ], [ 139.9535295, 35.2405599 ], [ 139.9534242, 35.2404507 ], [ 139.9532778, 35.240381 ], [ 139.9528111, 35.2404529 ], [ 139.9521978, 35.2406818 ], [ 139.9518184, 35.2410988 ], [ 139.9517959, 35.2412493 ], [ 139.9518242, 35.241456 ], [ 139.95191, 35.2416527 ], [ 139.9519075, 35.241808 ], [ 139.9518073, 35.2421377 ], [ 139.9517959, 35.2424854 ], [ 139.9516442, 35.2428527 ], [ 139.9514928, 35.2430185 ], [ 139.9513814, 35.2431952 ], [ 139.9513145, 35.2438088 ], [ 139.9514273, 35.2448671 ], [ 139.9515292, 35.2452338 ], [ 139.9515598, 35.2454935 ], [ 139.9517281, 35.2456107 ], [ 139.9519056, 35.2461188 ], [ 139.9518387, 35.2462193 ], [ 139.9512948, 35.246284 ], [ 139.9503964, 35.2460652 ], [ 139.9496373, 35.2461577 ], [ 139.9491131, 35.2460935 ], [ 139.9490573, 35.2462399 ], [ 139.9490126, 35.2474488 ], [ 139.9489209, 35.2484785 ], [ 139.9488079, 35.2489874 ], [ 139.9485915, 35.251076 ], [ 139.9491676, 35.2521479 ], [ 139.949759, 35.2525418 ], [ 139.9502859, 35.2527629 ], [ 139.9507301, 35.2528896 ], [ 139.9511898, 35.2530476 ], [ 139.9516873, 35.2531246 ], [ 139.9526068, 35.2531943 ], [ 139.9533862, 35.2532976 ], [ 139.9539415, 35.253337 ], [ 139.954384, 35.2533337 ], [ 139.9546512, 35.2532976 ], [ 139.9551454, 35.2531984 ], [ 139.9553296, 35.2531957 ], [ 139.9554346, 35.2532243 ], [ 139.9554865, 35.2532976 ], [ 139.9554487, 35.253669 ], [ 139.955442, 35.254232 ], [ 139.9554529, 35.2543118 ], [ 139.9555759, 35.2546965 ], [ 139.9558329, 35.2552826 ], [ 139.9561237, 35.255851 ], [ 139.9562465, 35.2565218 ], [ 139.956219, 35.257094 ], [ 139.9562037, 35.2571829 ], [ 139.9554393, 35.2572287 ], [ 139.9550368, 35.2571737 ], [ 139.954411, 35.2571921 ], [ 139.9542013, 35.2572757 ], [ 139.9541779, 35.2573343 ], [ 139.9541526, 35.2574768 ], [ 139.9541696, 35.2576196 ], [ 139.9543607, 35.2582037 ], [ 139.954369, 35.2584112 ], [ 139.9543271, 35.2585373 ], [ 139.9541774, 35.2587001 ], [ 139.9540315, 35.2587773 ], [ 139.9533701, 35.2590543 ], [ 139.9529771, 35.259164 ], [ 139.9528129, 35.2592323 ], [ 139.9526657, 35.2593029 ], [ 139.9523654, 35.2595034 ], [ 139.9521971, 35.2599221 ], [ 139.9521402, 35.260016 ], [ 139.9520732, 35.2600662 ], [ 139.9519504, 35.2600907 ], [ 139.9509735, 35.2601065 ], [ 139.9508249, 35.2600982 ], [ 139.9507429, 35.260054 ], [ 139.9503132, 35.2595712 ], [ 139.9501754, 35.2595198 ], [ 139.9500501, 35.2595043 ], [ 139.9497596, 35.2595043 ], [ 139.9493065, 35.2596157 ], [ 139.9492049, 35.2596657 ], [ 139.9489296, 35.2598784 ], [ 139.9486113, 35.2601965 ], [ 139.9484235, 35.2602871 ], [ 139.9481941, 35.2602857 ], [ 139.9480663, 35.2602607 ], [ 139.9479174, 35.260244 ], [ 139.9474499, 35.2601284 ], [ 139.9470721, 35.2600243 ], [ 139.9468079, 35.260034 ], [ 139.9466688, 35.2600854 ], [ 139.9464185, 35.2602051 ], [ 139.9461657, 35.2603604 ], [ 139.9460407, 35.2604551 ], [ 139.9459807, 35.2605262 ], [ 139.9459599, 35.2605987 ], [ 139.9459646, 35.2607084 ], [ 139.9460763, 35.261139 ], [ 139.9460821, 35.2614065 ], [ 139.9459207, 35.2618526 ], [ 139.9456343, 35.2623504 ], [ 139.945441, 35.2627259 ], [ 139.9453338, 35.2628526 ], [ 139.9450768, 35.2630757 ], [ 139.9446968, 35.2633048 ], [ 139.9444868, 35.2633751 ], [ 139.9443938, 35.2633807 ], [ 139.9443063, 35.2633682 ], [ 139.9441146, 35.2632932 ], [ 139.9435457, 35.2629107 ], [ 139.9430835, 35.262579 ], [ 139.9426977, 35.2624604 ], [ 139.942111, 35.2623501 ], [ 139.9418316, 35.2621668 ], [ 139.9415493, 35.2620668 ], [ 139.9414299, 35.2620432 ], [ 139.9412563, 35.2620279 ], [ 139.9408927, 35.262066 ], [ 139.9406468, 35.2621576 ], [ 139.9404121, 35.2621851 ], [ 139.9400879, 35.2621301 ], [ 139.9388993, 35.2617637 ], [ 139.9386491, 35.2617232 ], [ 139.9383985, 35.2617551 ], [ 139.9382421, 35.2617579 ], [ 139.9381502, 35.2617704 ], [ 139.9380904, 35.2617565 ], [ 139.9379604, 35.2617179 ], [ 139.9367979, 35.2612779 ], [ 139.9366516, 35.2612687 ], [ 139.9366099, 35.2612743 ], [ 139.9365738, 35.2613076 ], [ 139.9365696, 35.261341 ], [ 139.936596, 35.2614743 ], [ 139.9366302, 35.2615621 ], [ 139.936876, 35.2620201 ], [ 139.936999, 35.2623226 ], [ 139.9370057, 35.2625062 ], [ 139.9369096, 35.2630412 ], [ 139.9368985, 35.263371 ], [ 139.9367979, 35.2636184 ], [ 139.936711, 35.2637515 ], [ 139.936433, 35.2640187 ], [ 139.9363885, 35.2641982 ], [ 139.9364055, 35.2645293 ], [ 139.9366402, 35.2652346 ], [ 139.9366577, 35.2655107 ], [ 139.9366508, 35.2656051 ], [ 139.9365994, 35.2657148 ], [ 139.9365171, 35.2658209 ], [ 139.936193, 35.2661326 ], [ 139.935921, 35.2662973 ], [ 139.9356899, 35.2663068 ], [ 139.935461, 35.2662987 ], [ 139.9350352, 35.266154 ], [ 139.9343441, 35.2660965 ], [ 139.9341655, 35.2660507 ], [ 139.933961, 35.2657871 ], [ 139.9336019, 35.265652 ], [ 139.9332266, 35.2655715 ], [ 139.9328288, 35.2653407 ], [ 139.9325896, 35.2652198 ], [ 139.9325063, 35.2651948 ], [ 139.9324218, 35.2651896 ], [ 139.9323169, 35.2652173 ], [ 139.9322502, 35.2652521 ], [ 139.9322113, 35.2652923 ], [ 139.9320641, 35.2656257 ], [ 139.931986, 35.2657315 ], [ 139.9318427, 35.2658623 ], [ 139.931438, 35.266124 ], [ 139.9312841, 35.2662598 ], [ 139.9309505, 35.266742 ], [ 139.9308683, 35.2668201 ], [ 139.9306546, 35.2668562 ], [ 139.9300871, 35.2667771 ], [ 139.9299149, 35.2667715 ], [ 139.9298249, 35.2668137 ], [ 139.9291991, 35.2673909 ], [ 139.9289944, 35.2675165 ], [ 139.928763, 35.2676201 ], [ 139.9285283, 35.2677665 ], [ 139.92807, 35.2681882 ], [ 139.9271311, 35.2687134 ], [ 139.9269602, 35.2687551 ], [ 139.9266155, 35.2687273 ], [ 139.9258549, 35.2685937 ], [ 139.9253047, 35.2684832 ], [ 139.9251066, 35.2684937 ], [ 139.9249775, 35.2685729 ], [ 139.9248661, 35.2686551 ], [ 139.9246897, 35.2687412 ], [ 139.92447, 35.2687568 ], [ 139.9243613, 35.2687943 ], [ 139.92431, 35.2688679 ], [ 139.9242458, 35.2690115 ], [ 139.9241944, 35.2693004 ], [ 139.9241555, 35.2693809 ], [ 139.9239858, 35.2695826 ], [ 139.9235388, 35.269821 ], [ 139.9232561, 35.2700351 ], [ 139.9231269, 35.270179 ], [ 139.9230774, 35.2702732 ], [ 139.9229766, 35.2706673 ], [ 139.9228761, 35.270777 ], [ 139.9226302, 35.2708504 ], [ 139.9219819, 35.2709696 ], [ 139.9217516, 35.2710268 ], [ 139.921501, 35.271024 ], [ 139.9213635, 35.2710073 ], [ 139.9210483, 35.2709476 ], [ 139.9209422, 35.2709604 ], [ 139.9207477, 35.2710407 ], [ 139.9205583, 35.2710993 ], [ 139.9203791, 35.2710965 ], [ 139.920123, 35.2710543 ], [ 139.9191388, 35.270777 ], [ 139.918973, 35.2707415 ], [ 139.9188463, 35.2707437 ], [ 139.9187552, 35.2707601 ], [ 139.918638, 35.270821 ], [ 139.9185655, 35.2708876 ], [ 139.9183672, 35.2713404 ], [ 139.9182788, 35.2714115 ], [ 139.9181738, 35.2714762 ], [ 139.9180774, 35.2715123 ], [ 139.917948, 35.2715421 ], [ 139.917758, 35.2715421 ], [ 139.9176302, 35.2715765 ], [ 139.9174516, 35.271842 ], [ 139.9172708, 35.2719362 ], [ 139.9171161, 35.2719887 ], [ 139.9167458, 35.272047 ], [ 139.916578, 35.2721296 ], [ 139.9164891, 35.2722662 ], [ 139.9164216, 35.2724043 ], [ 139.9164216, 35.2726701 ], [ 139.9164486, 35.2728446 ], [ 139.9165625, 35.2731268 ], [ 139.9165669, 35.2736048 ], [ 139.9165119, 35.2738659 ], [ 139.9164328, 35.2740537 ], [ 139.9161869, 35.2745206 ], [ 139.9159533, 35.2747581 ], [ 139.9158072, 35.2748404 ], [ 139.9157091, 35.2748817 ], [ 139.9156, 35.2748929 ], [ 139.9150652, 35.2748745 ], [ 139.9148933, 35.274904 ], [ 139.9147752, 35.2750109 ], [ 139.9145589, 35.2753456 ], [ 139.9142033, 35.2757904 ], [ 139.9141403, 35.2759076 ], [ 139.9140219, 35.2762348 ], [ 139.9138141, 35.2767148 ], [ 139.9135458, 35.2770631 ], [ 139.9134231, 35.2772831 ], [ 139.9134097, 35.2773556 ], [ 139.9133936, 35.2776073 ], [ 139.9133669, 35.2776587 ], [ 139.9133106, 35.2777451 ], [ 139.9132328, 35.2778145 ], [ 139.9130542, 35.2779976 ], [ 139.9128192, 35.278419 ], [ 139.9127358, 35.2785159 ], [ 139.9122856, 35.2788323 ], [ 139.9122478, 35.2788901 ], [ 139.9123458, 35.2794287 ], [ 139.9124886, 35.2798895 ], [ 139.9124861, 35.2799873 ], [ 139.9124575, 35.2801012 ], [ 139.9124144, 35.2801856 ], [ 139.912195, 35.2804551 ], [ 139.912068, 35.2805701 ], [ 139.91196, 35.2806995 ], [ 139.9119011, 35.2808328 ], [ 139.9118453, 35.2809117 ], [ 139.9117622, 35.2809831 ], [ 139.9115086, 35.2810945 ], [ 139.9110161, 35.2812239 ], [ 139.9104908, 35.2814176 ], [ 139.9103658, 35.2814892 ], [ 139.9102917, 35.2815698 ], [ 139.9101556, 35.2818573 ], [ 139.9101059, 35.2821262 ], [ 139.9101059, 35.2822834 ], [ 139.9101242, 35.2823726 ], [ 139.9102245, 35.2826331 ], [ 139.9104014, 35.2829748 ], [ 139.9104014, 35.2831398 ], [ 139.9102217, 35.2833609 ], [ 139.9101445, 35.2834973 ], [ 139.9101217, 35.2837256 ], [ 139.9102561, 35.2839828 ], [ 139.9104581, 35.2841881 ], [ 139.9105922, 35.2843623 ], [ 139.9107375, 35.2846734 ], [ 139.9108414, 35.2848228 ], [ 139.9110728, 35.2850492 ], [ 139.9111509, 35.2852506 ], [ 139.9111509, 35.2854798 ], [ 139.9110839, 35.2856631 ], [ 139.9110503, 35.2858009 ], [ 139.9110273, 35.2859528 ], [ 139.9110114, 35.2868939 ], [ 139.9112942, 35.2877409 ], [ 139.9112976, 35.2879439 ], [ 139.9112845, 35.2880142 ], [ 139.9112103, 35.288142 ], [ 139.9111709, 35.2881914 ], [ 139.9110778, 35.2882892 ], [ 139.9110281, 35.2883236 ], [ 139.9109492, 35.2883442 ], [ 139.9107887, 35.2883453 ], [ 139.9103314, 35.2882528 ], [ 139.9102823, 35.2882495 ], [ 139.9099614, 35.2882811 ], [ 139.9097781, 35.2883284 ], [ 139.9092026, 35.28854 ], [ 139.9090584, 35.2886284 ], [ 139.9089981, 35.2886392 ], [ 139.9088892, 35.2886453 ], [ 139.9087539, 35.2886292 ], [ 139.9084459, 35.2885164 ], [ 139.9082942, 35.2884681 ], [ 139.9081256, 35.2884272 ], [ 139.9079751, 35.2884195 ], [ 139.907832, 35.2884378 ], [ 139.9076664, 35.2884853 ], [ 139.9075245, 35.28856 ], [ 139.9074673, 35.2886398 ], [ 139.9072723, 35.2889897 ], [ 139.9072198, 35.2890295 ], [ 139.9071512, 35.2890459 ], [ 139.9066367, 35.2890428 ], [ 139.9062006, 35.2890539 ], [ 139.9061195, 35.2890639 ], [ 139.9059995, 35.2891089 ], [ 139.9056192, 35.2894661 ], [ 139.9054739, 35.2895028 ], [ 139.9052056, 35.2894936 ], [ 139.9051017, 35.2894572 ], [ 139.9049759, 35.2893931 ], [ 139.9049039, 35.2893839 ], [ 139.9047026, 35.2893839 ], [ 139.9044903, 35.2893656 ], [ 139.9041039, 35.2891661 ], [ 139.9040367, 35.2891686 ], [ 139.9039812, 35.2891975 ], [ 139.9034448, 35.2895659 ], [ 139.9031487, 35.2899428 ], [ 139.90297, 35.2900895 ], [ 139.9028273, 35.2901598 ], [ 139.9026287, 35.2902236 ], [ 139.9022209, 35.2904192 ], [ 139.9020645, 35.2905842 ], [ 139.902002, 35.2907048 ], [ 139.9019637, 35.290802 ], [ 139.901932, 35.290917 ], [ 139.9019473, 35.2916086 ], [ 139.9019693, 35.2917323 ], [ 139.9020084, 35.2918617 ], [ 139.9021959, 35.2921548 ], [ 139.9022765, 35.2924572 ], [ 139.9023248, 35.292562 ], [ 139.9023773, 35.2926314 ], [ 139.9025448, 35.2927961 ], [ 139.9026679, 35.2929703 ], [ 139.9027101, 35.2930695 ], [ 139.9027015, 35.2931717 ], [ 139.9026115, 35.2935881 ], [ 139.9023656, 35.2940281 ], [ 139.902319, 35.2941342 ], [ 139.9022984, 35.294257 ], [ 139.9022984, 35.2945503 ], [ 139.9022879, 35.294695 ], [ 139.9022662, 35.2947503 ], [ 139.9021754, 35.2948614 ], [ 139.9019434, 35.2949573 ], [ 139.9017284, 35.2950173 ], [ 139.9006104, 35.2952281 ], [ 139.9004804, 35.2952831 ], [ 139.9003331, 35.2953753 ], [ 139.9003198, 35.2954389 ], [ 139.9003301, 35.2956634 ], [ 139.9004204, 35.2962083 ], [ 139.9003757, 35.2966161 ], [ 139.9003532, 35.2971014 ], [ 139.9003637, 35.2973611 ], [ 139.900402, 35.2976311 ], [ 139.9003901, 35.2980692 ], [ 139.9003154, 35.2983822 ], [ 139.9002143, 35.2985339 ], [ 139.9001204, 35.2986083 ], [ 139.9000018, 35.2986644 ], [ 139.8990396, 35.2988878 ], [ 139.8988171, 35.2989575 ], [ 139.898714, 35.2990225 ], [ 139.8986082, 35.2991283 ], [ 139.8981334, 35.2997617 ], [ 139.8980904, 35.2998644 ], [ 139.8979451, 35.3000844 ], [ 139.8978613, 35.3001567 ], [ 139.8977549, 35.3002033 ], [ 139.8972968, 35.3002858 ], [ 139.8970284, 35.3002308 ], [ 139.896644, 35.2999467 ], [ 139.8963643, 35.2998186 ], [ 139.8961298, 35.2997911 ], [ 139.8956157, 35.2998917 ], [ 139.8949004, 35.3001392 ], [ 139.8944084, 35.3001667 ], [ 139.8940843, 35.3001208 ], [ 139.8938718, 35.3001942 ], [ 139.8937332, 35.3002822 ], [ 139.8933129, 35.300652 ], [ 139.8928135, 35.3009947 ], [ 139.8923134, 35.3012139 ], [ 139.8917098, 35.301388 ], [ 139.8911396, 35.3014064 ], [ 139.8908379, 35.3014064 ], [ 139.8905471, 35.3012597 ], [ 139.8903501, 35.3011922 ], [ 139.890162, 35.3011922 ], [ 139.8900273, 35.3012161 ], [ 139.8894057, 35.3014708 ], [ 139.8886246, 35.3018736 ], [ 139.8883676, 35.302075 ], [ 139.8883004, 35.3022125 ], [ 139.8882779, 35.3024656 ], [ 139.8883115, 35.3026856 ], [ 139.8884201, 35.3029986 ], [ 139.8884707, 35.30329 ], [ 139.8884682, 35.3035256 ], [ 139.8883796, 35.3037683 ], [ 139.8882557, 35.3039956 ], [ 139.8881846, 35.3042086 ], [ 139.8881774, 35.3043531 ], [ 139.8881885, 35.3045453 ], [ 139.8883579, 35.3049828 ], [ 139.8882332, 35.3056314 ], [ 139.8878976, 35.306227 ], [ 139.8878726, 35.3063806 ], [ 139.8878754, 35.3065383 ], [ 139.8880543, 35.30685 ], [ 139.8880727, 35.3069244 ], [ 139.888079, 35.3069936 ], [ 139.8880663, 35.3070672 ], [ 139.8877524, 35.3075739 ], [ 139.8876404, 35.307908 ], [ 139.8875971, 35.3082602 ], [ 139.8876235, 35.3087691 ], [ 139.8874952, 35.3096944 ], [ 139.8870574, 35.3125852 ], [ 139.8868249, 35.3130313 ], [ 139.8864182, 35.31346 ], [ 139.8857252, 35.3139455 ], [ 139.8852333, 35.3144219 ], [ 139.8847599, 35.314935 ], [ 139.8846744, 35.3151088 ], [ 139.8840586, 35.3168002 ], [ 139.8833605, 35.3184271 ], [ 139.8830474, 35.3190382 ], [ 139.8828608, 35.3193721 ], [ 139.8826269, 35.3199096 ], [ 139.8825752, 35.3199999 ], [ 139.8813474, 35.3203988 ], [ 139.8809741, 35.3205602 ], [ 139.880868, 35.3206596 ], [ 139.8808174, 35.3207721 ], [ 139.8808577, 35.3212785 ], [ 139.8808466, 35.3214066 ], [ 139.8807552, 35.3214757 ], [ 139.8805591, 35.3214955 ], [ 139.8797399, 35.3213974 ], [ 139.8796452, 35.3214119 ], [ 139.8796169, 35.3214613 ], [ 139.8784528, 35.3229502 ], [ 139.8777039, 35.3237474 ], [ 139.8775986, 35.3239113 ], [ 139.8775472, 35.3240499 ], [ 139.8774528, 35.3244469 ], [ 139.8773041, 35.3245466 ], [ 139.8769483, 35.3247324 ], [ 139.875968, 35.3251985 ], [ 139.8756989, 35.3253574 ], [ 139.8757108, 35.325446 ], [ 139.8757555, 35.3254919 ], [ 139.8758002, 35.3256199 ], [ 139.8758541, 35.3262735 ], [ 139.8757983, 35.3263835 ], [ 139.8755972, 35.326466 ], [ 139.87496, 35.3265944 ], [ 139.874906, 35.3266118 ], [ 139.874906, 35.3336792 ], [ 139.9450139, 35.3336792 ], [ 139.9453908, 35.333508 ], [ 139.9456855, 35.3334236 ], [ 139.9457785, 35.3333744 ], [ 139.9457849, 35.3333197 ], [ 139.9457696, 35.3331789 ], [ 139.945798, 35.3329736 ], [ 139.9457852, 35.332885 ], [ 139.9457871, 35.3327956 ], [ 139.9457916, 35.3327606 ], [ 139.9458113, 35.3327422 ], [ 139.9458552, 35.3327297 ], [ 139.946086, 35.3326997 ], [ 139.9461944, 35.3326741 ], [ 139.9466188, 35.332483 ], [ 139.9468255, 35.3324391 ], [ 139.9469555, 35.3324955 ], [ 139.9469633, 35.3325394 ], [ 139.9468435, 35.3327591 ], [ 139.9468405, 35.3328191 ], [ 139.9468833, 35.3328861 ], [ 139.9469985, 35.3329822 ], [ 139.9473594, 35.333238 ], [ 139.9479422, 35.3334861 ], [ 139.9481183, 35.3334925 ], [ 139.9485991, 35.333253 ], [ 139.9487252, 35.3331653 ], [ 139.9487549, 35.3331208 ], [ 139.9487611, 35.3329347 ], [ 139.9487483, 35.3323691 ], [ 139.9487941, 35.3322375 ], [ 139.9493344, 35.3316789 ], [ 139.9494155, 35.3316358 ], [ 139.9495444, 35.3315861 ], [ 139.9498624, 35.3315297 ], [ 139.9500096, 35.3314266 ], [ 139.950313, 35.3313058 ], [ 139.9505513, 35.3311291 ], [ 139.9510744, 35.3308047 ], [ 139.9512152, 35.3306111 ], [ 139.9513746, 35.3304914 ], [ 139.9514355, 35.3303378 ], [ 139.9515563, 35.3299556 ], [ 139.9515877, 35.3298064 ], [ 139.9516474, 35.3297567 ], [ 139.9517191, 35.3297264 ], [ 139.9529274, 35.3298211 ], [ 139.9531971, 35.3298244 ], [ 139.9532796, 35.3298361 ], [ 139.9533791, 35.3298641 ], [ 139.9534472, 35.3299122 ], [ 139.9538674, 35.33026 ], [ 139.9541374, 35.33051 ], [ 139.9541952, 35.3305347 ], [ 139.9543463, 35.3305352 ], [ 139.9545349, 35.3303908 ], [ 139.9545927, 35.3303361 ], [ 139.954721, 35.3303222 ], [ 139.954813, 35.3303347 ], [ 139.9551244, 35.3304619 ], [ 139.9552305, 35.33049 ], [ 139.9556227, 35.3306705 ], [ 139.9559919, 35.3307997 ], [ 139.956621, 35.3309669 ], [ 139.9568744, 35.330975 ], [ 139.9569358, 35.3310253 ], [ 139.9572566, 35.33137 ], [ 139.9574786, 35.3314955 ], [ 139.9582744, 35.3315458 ], [ 139.9584603, 35.3314769 ], [ 139.9587205, 35.3314708 ], [ 139.9599822, 35.3316819 ], [ 139.9604341, 35.3317464 ], [ 139.9607819, 35.3317339 ], [ 139.9612944, 35.3316336 ], [ 139.9618805, 35.3314338 ], [ 139.9622355, 35.3313452 ], [ 139.9629166, 35.3312827 ], [ 139.9631739, 35.3313066 ], [ 139.9634069, 35.331338 ], [ 139.9638836, 35.3315033 ], [ 139.9641883, 35.3315294 ], [ 139.9642728, 35.3315272 ], [ 139.9645958, 35.3307533 ], [ 139.9646836, 35.3304305 ], [ 139.9647011, 35.330248 ], [ 139.9647236, 35.329795 ], [ 139.964745, 35.3295947 ], [ 139.9648708, 35.3289422 ], [ 139.9649783, 35.3285077 ], [ 139.965005, 35.3283544 ], [ 139.9650944, 35.3280683 ], [ 139.9652394, 35.3277578 ], [ 139.9656833, 35.3270178 ], [ 139.9657697, 35.3269053 ], [ 139.9661936, 35.3265905 ], [ 139.966551, 35.3264216 ], [ 139.9672761, 35.326165 ], [ 139.9673922, 35.3261136 ], [ 139.9676302, 35.3259766 ], [ 139.9677491, 35.3258791 ], [ 139.9680594, 35.325558 ], [ 139.9686461, 35.3248125 ], [ 139.9687822, 35.3246611 ], [ 139.9688838, 35.324573 ], [ 139.9690375, 35.3244677 ], [ 139.9694455, 35.3242644 ], [ 139.9695936, 35.3242077 ], [ 139.9702494, 35.3238336 ], [ 139.9706447, 35.3235925 ], [ 139.9709574, 35.3233366 ], [ 139.9710816, 35.3231708 ], [ 139.9713988, 35.3228861 ], [ 139.9721708, 35.3225691 ], [ 139.9722658, 35.3225075 ], [ 139.9723622, 35.3223872 ], [ 139.9724666, 35.3221825 ], [ 139.9725952, 35.321988 ], [ 139.9728213, 35.3216725 ], [ 139.9733585, 35.3210541 ], [ 139.9734394, 35.3208636 ], [ 139.9734427, 35.3206966 ], [ 139.9734069, 35.320563 ], [ 139.9734016, 35.3204333 ], [ 139.9734219, 35.3203383 ], [ 139.9734699, 35.3203025 ], [ 139.9736569, 35.3200703 ], [ 139.9737527, 35.3198761 ], [ 139.9737794, 35.3196369 ], [ 139.9738424, 35.3183881 ], [ 139.9738707, 35.3183133 ], [ 139.9740474, 35.3182783 ], [ 139.9745218, 35.3183161 ], [ 139.9752165, 35.3184853 ], [ 139.9758077, 35.318593 ], [ 139.9762296, 35.3184552 ], [ 139.976511, 35.3183444 ], [ 139.976901, 35.3180839 ], [ 139.9770474, 35.3180255 ], [ 139.9772024, 35.318008 ], [ 139.9775085, 35.3180269 ], [ 139.9775757, 35.318018 ], [ 139.977631, 35.3179766 ], [ 139.9777552, 35.3178583 ], [ 139.9779843, 35.3175766 ], [ 139.9781802, 35.3174119 ], [ 139.9783957, 35.3172808 ], [ 139.9785793, 35.3172119 ], [ 139.9787249, 35.3172119 ], [ 139.9788238, 35.3172608 ], [ 139.9792146, 35.3173686 ], [ 139.9794135, 35.3173625 ], [ 139.9795435, 35.3172558 ], [ 139.9796232, 35.3171228 ], [ 139.9798266, 35.316665 ], [ 139.9798607, 35.3165378 ], [ 139.9798941, 35.3162683 ], [ 139.979936, 35.3161336 ], [ 139.9800229, 35.3159433 ], [ 139.980381, 35.3154341 ], [ 139.9804466, 35.3153722 ], [ 139.980894, 35.315128 ], [ 139.9810315, 35.315133 ], [ 139.981081, 35.3152161 ], [ 139.9810496, 35.3153014 ], [ 139.980978, 35.3154108 ], [ 139.9809627, 35.3155658 ], [ 139.9809899, 35.3156291 ], [ 139.9811107, 35.3157183 ], [ 139.9811752, 35.3158144 ], [ 139.9813146, 35.3164247 ], [ 139.9813952, 35.3165764 ], [ 139.9814649, 35.3166703 ], [ 139.9815599, 35.3167564 ], [ 139.981758, 35.3168639 ], [ 139.9820221, 35.3168953 ], [ 139.982531, 35.3168253 ], [ 139.9825871, 35.316845 ], [ 139.9828074, 35.3169975 ], [ 139.9829238, 35.3172152 ], [ 139.9829494, 35.3176369 ], [ 139.9830066, 35.3178089 ], [ 139.9830699, 35.3179016 ], [ 139.983218, 35.3180489 ], [ 139.9832416, 35.318138 ], [ 139.9832535, 35.3182466 ], [ 139.9832535, 35.3184194 ], [ 139.9834327, 35.3187325 ], [ 139.9834907, 35.3188925 ], [ 139.9836774, 35.3193383 ], [ 139.983766, 35.3194694 ], [ 139.9838713, 35.3195783 ], [ 139.9839621, 35.3196494 ], [ 139.9841191, 35.3197422 ], [ 139.9842994, 35.3197691 ], [ 139.9846605, 35.319713 ], [ 139.9852813, 35.3196763 ], [ 139.9854127, 35.3196402 ], [ 139.9856177, 35.3196161 ], [ 139.9859949, 35.3195277 ], [ 139.9860705, 35.3194836 ], [ 139.9862544, 35.3191702 ], [ 139.9863369, 35.319058 ], [ 139.9864394, 35.31899 ], [ 139.9865374, 35.3189619 ], [ 139.9866127, 35.3189274 ], [ 139.9866646, 35.3188938 ], [ 139.9867855, 35.3187741 ], [ 139.9869352, 35.3183486 ], [ 139.9869663, 35.318295 ], [ 139.9872133, 35.3181716 ], [ 139.987361, 35.318038 ], [ 139.9875088, 35.3177652 ], [ 139.987628, 35.3176038 ], [ 139.9880852, 35.3177427 ], [ 139.9881639, 35.3177993 ], [ 139.9882938, 35.3180802 ], [ 139.9885363, 35.3184098 ], [ 139.9889406, 35.3188082 ], [ 139.9893517, 35.3191157 ], [ 139.9896266, 35.319258 ], [ 139.9897493, 35.3194014 ], [ 139.9898102, 35.31951 ], [ 139.9897949, 35.3196116 ], [ 139.9900137, 35.3197338 ], [ 139.9909855, 35.3184206 ], [ 139.9911267, 35.3182486 ], [ 139.9914507, 35.3179067 ], [ 139.991675, 35.3176939 ], [ 139.9919327, 35.3175174 ], [ 139.9922733, 35.3173521 ], [ 139.9925779, 35.3172275 ], [ 139.9931942, 35.3170741 ], [ 139.9946296, 35.3168158 ], [ 139.9947681, 35.3167569 ], [ 139.9949564, 35.3166437 ], [ 139.9952443, 35.3163901 ], [ 139.9954991, 35.3162 ], [ 139.9956763, 35.3160098 ], [ 139.996041, 35.3156636 ], [ 139.9963588, 35.3159025 ], [ 139.9968828, 35.3154485 ], [ 139.9970213, 35.3155594 ], [ 139.9969004, 35.3157519 ], [ 139.996661, 35.316091 ], [ 139.9966266, 35.3162491 ], [ 139.9965104, 35.3164242 ], [ 139.9962628, 35.3165724 ], [ 139.9961149, 35.316643 ], [ 139.996051, 35.3167388 ], [ 139.9961388, 35.3169083 ], [ 139.9961725, 35.3170582 ], [ 139.9961338, 35.317185 ], [ 139.9960784, 35.3172846 ], [ 139.9961769, 35.3174291 ], [ 139.9961836, 35.3175789 ], [ 139.9962778, 35.3176695 ], [ 139.9967816, 35.3177028 ], [ 139.9969866, 35.3175104 ], [ 139.9975626, 35.3170802 ], [ 139.9974261, 35.3172293 ], [ 139.997305, 35.3174311 ], [ 139.9972718, 35.3175828 ], [ 139.9972802, 35.3177374 ], [ 139.9974035, 35.3182085 ], [ 139.9977441, 35.318745 ], [ 139.9978149, 35.3188713 ], [ 139.9978216, 35.319233 ], [ 139.9978733, 35.319658 ], [ 139.9979755, 35.3202744 ], [ 139.9980672, 35.3205369 ], [ 139.9980994, 35.3207396 ], [ 139.9980778, 35.3211977 ], [ 139.9980186, 35.3214971 ], [ 139.9978308, 35.3219016 ], [ 139.9977464, 35.3221096 ], [ 139.9977202, 35.322376 ], [ 139.99774, 35.3226796 ], [ 139.997883, 35.3233513 ], [ 139.9979414, 35.3239727 ], [ 139.9978569, 35.3242658 ], [ 139.9978633, 35.3250119 ], [ 139.9978958, 35.3253188 ], [ 139.9979739, 35.3256119 ], [ 139.9980778, 35.325878 ], [ 139.9983769, 35.326171 ], [ 139.9986911, 35.3265207 ], [ 139.9988017, 35.3267018 ], [ 139.9990228, 35.3268616 ], [ 139.999465, 35.3270588 ], [ 139.9998159, 35.3272988 ], [ 140.0000695, 35.3274107 ], [ 140.0001475, 35.3274266 ], [ 140.0002517, 35.3273732 ], [ 140.0002711, 35.3271335 ], [ 140.0003817, 35.327064 ], [ 140.0008695, 35.3269843 ], [ 140.001112, 35.326974 ], [ 140.0012095, 35.3269793 ], [ 140.0013006, 35.3270435 ], [ 140.0014306, 35.3273313 ], [ 140.0014631, 35.327523 ], [ 140.0014698, 35.3277949 ], [ 140.0014178, 35.3281516 ], [ 140.0014439, 35.3285863 ], [ 140.0014895, 35.3287996 ], [ 140.0015934, 35.329439 ], [ 140.001639, 35.3298813 ], [ 140.0015412, 35.3302149 ], [ 140.001177, 35.3309343 ], [ 140.0010728, 35.3313713 ], [ 140.0010534, 35.3315152 ], [ 140.001229, 35.332051 ], [ 140.001229, 35.3323068 ], [ 140.0011251, 35.3326532 ], [ 140.0011248, 35.3328185 ], [ 140.0011767, 35.3330421 ], [ 140.0012234, 35.3330988 ], [ 140.0013001, 35.3330938 ], [ 140.0013884, 35.333036 ], [ 140.0014179, 35.332751 ], [ 140.0015126, 35.3322649 ], [ 140.0015184, 35.3319846 ], [ 140.0014948, 35.3317724 ], [ 140.0014067, 35.3315696 ], [ 140.001389, 35.3313618 ], [ 140.0015303, 35.3309852 ], [ 140.0017434, 35.3306349 ], [ 140.0019317, 35.3302968 ], [ 140.0021203, 35.3300649 ], [ 140.0026928, 35.3294691 ], [ 140.0030534, 35.329051 ], [ 140.0033717, 35.3287563 ], [ 140.0037786, 35.328301 ], [ 140.0039909, 35.3280935 ], [ 140.0041559, 35.3278666 ], [ 140.0043039, 35.3276196 ], [ 140.0045161, 35.3273104 ], [ 140.0046811, 35.327151 ], [ 140.004905, 35.326836 ], [ 140.0049345, 35.3267202 ], [ 140.004852, 35.3261871 ], [ 140.0050169, 35.325719 ], [ 140.0051172, 35.3254821 ], [ 140.0053119, 35.3252046 ], [ 140.0055772, 35.3249004 ], [ 140.0059136, 35.3242902 ], [ 140.0060728, 35.3240199 ], [ 140.0062383, 35.3236468 ], [ 140.0063917, 35.3233377 ], [ 140.0065331, 35.3231493 ], [ 140.0067103, 35.3230085 ], [ 140.0069639, 35.3227427 ], [ 140.007135, 35.3224118 ], [ 140.0073469, 35.3221849 ], [ 140.0074705, 35.3219918 ], [ 140.0075119, 35.321789 ], [ 140.0075178, 35.321446 ], [ 140.0074414, 35.3210916 ], [ 140.0074769, 35.3210432 ], [ 140.0075122, 35.3210432 ], [ 140.0077419, 35.3211496 ], [ 140.0078539, 35.3211593 ], [ 140.0081544, 35.3210385 ], [ 140.0083386, 35.3209366 ], [ 140.0085039, 35.3207385 ], [ 140.0085864, 35.3205502 ], [ 140.0086394, 35.3202699 ], [ 140.0087808, 35.3199949 ], [ 140.0089105, 35.3198596 ], [ 140.0093655, 35.3196354 ], [ 140.0096838, 35.3194954 ], [ 140.0099436, 35.3193593 ], [ 140.0100908, 35.3192193 ], [ 140.010238, 35.3190163 ], [ 140.0102852, 35.3188716 ], [ 140.0102322, 35.3186396 ], [ 140.0101675, 35.3184249 ], [ 140.010138, 35.3181788 ], [ 140.0101794, 35.3180482 ], [ 140.0104333, 35.3177624 ], [ 140.0104686, 35.3176563 ], [ 140.0104686, 35.3173954 ], [ 140.0105099, 35.3171054 ], [ 140.010781, 35.3161913 ], [ 140.0109346, 35.3159288 ], [ 140.0111171, 35.3156921 ], [ 140.0113413, 35.315523 ], [ 140.0120199, 35.3154157 ], [ 140.012226, 35.3152999 ], [ 140.012403, 35.3151357 ], [ 140.012568, 35.3149085 ], [ 140.0128449, 35.3147732 ], [ 140.0128988, 35.3146363 ], [ 140.0128988, 35.3142888 ], [ 140.0129282, 35.3141682 ], [ 140.0132468, 35.3137549 ], [ 140.0133588, 35.3134749 ], [ 140.0136182, 35.3132574 ], [ 140.013748, 35.3130643 ], [ 140.0138841, 35.3127299 ], [ 140.0139371, 35.3126866 ], [ 140.0140254, 35.3126866 ], [ 140.0144557, 35.3129038 ], [ 140.0150863, 35.3132371 ], [ 140.0155591, 35.3135004 ], [ 140.0156296, 35.3136743 ], [ 140.0156355, 35.3139352 ], [ 140.0157005, 35.3142104 ], [ 140.0159066, 35.3146882 ], [ 140.016143, 35.315184 ], [ 140.0163433, 35.315503 ], [ 140.0163905, 35.3156527 ], [ 140.0164966, 35.315841 ], [ 140.0165733, 35.3160799 ], [ 140.0165558, 35.3161716 ], [ 140.0163788, 35.3163746 ], [ 140.0162138, 35.3166016 ], [ 140.0161608, 35.3167799 ], [ 140.0161136, 35.3170118 ], [ 140.0161608, 35.3175368 ], [ 140.0162375, 35.3180004 ], [ 140.0163674, 35.3183888 ], [ 140.0164794, 35.3185966 ], [ 140.0167211, 35.3188621 ], [ 140.0171753, 35.3191287 ], [ 140.0173875, 35.3192882 ], [ 140.0175936, 35.3194765 ], [ 140.0180122, 35.3200029 ], [ 140.018225, 35.3203132 ], [ 140.0184961, 35.3206851 ], [ 140.0186611, 35.3208446 ], [ 140.0187672, 35.3209601 ], [ 140.0189206, 35.3211629 ], [ 140.0192455, 35.3215037 ], [ 140.0194047, 35.3216054 ], [ 140.019835, 35.321726 ], [ 140.0199528, 35.3217793 ], [ 140.0200294, 35.3218565 ], [ 140.020065, 35.3219676 ], [ 140.020165, 35.3223732 ], [ 140.0202661, 35.3226121 ], [ 140.0203072, 35.3227762 ], [ 140.0205489, 35.323206 ], [ 140.0207553, 35.3234813 ], [ 140.0208084, 35.3235151 ], [ 140.0209625, 35.3236818 ], [ 140.021157, 35.3239571 ], [ 140.02121, 35.3241696 ], [ 140.0212278, 35.3243049 ], [ 140.0211748, 35.3246526 ], [ 140.0211275, 35.3250988 ], [ 140.0211511, 35.3252915 ], [ 140.0212278, 35.3255379 ], [ 140.0213042, 35.3257457 ], [ 140.0213278, 35.3259804 ], [ 140.0212923, 35.326357 ], [ 140.0211803, 35.3267387 ], [ 140.0209209, 35.3283493 ], [ 140.0208209, 35.3286246 ], [ 140.0208028, 35.328821 ], [ 140.0208443, 35.3291493 ], [ 140.0211095, 35.3295934 ], [ 140.0214109, 35.3299629 ], [ 140.0215759, 35.3301173 ], [ 140.021682, 35.3301462 ], [ 140.0221065, 35.3301848 ], [ 140.0225484, 35.3302573 ], [ 140.0228784, 35.3303587 ], [ 140.023329, 35.3304607 ], [ 140.0234937, 35.3304607 ], [ 140.0236706, 35.3304268 ], [ 140.0239123, 35.3303448 ], [ 140.0243426, 35.330166 ], [ 140.0249084, 35.3301901 ], [ 140.0251526, 35.3301759 ], [ 140.0253765, 35.3301518 ], [ 140.0256476, 35.3302243 ], [ 140.0257715, 35.3302243 ], [ 140.0260898, 35.3301226 ], [ 140.0266492, 35.3299779 ], [ 140.0269559, 35.3299779 ], [ 140.0274215, 35.3300454 ], [ 140.0277793, 35.3301134 ], [ 140.0280268, 35.3302101 ], [ 140.0288815, 35.3303404 ], [ 140.0290404, 35.3303887 ], [ 140.0292523, 35.3305045 ], [ 140.0296415, 35.330867 ], [ 140.0301257, 35.3313856 ], [ 140.0304673, 35.331719 ], [ 140.030609, 35.3317962 ], [ 140.0309037, 35.331859 ], [ 140.0312454, 35.3318881 ], [ 140.0315401, 35.3319845 ], [ 140.0317932, 35.3321248 ], [ 140.0320526, 35.3324048 ], [ 140.0321529, 35.3325445 ], [ 140.0323201, 35.3327065 ], [ 140.0325132, 35.332834 ], [ 140.0327268, 35.3329334 ], [ 140.0328976, 35.3330831 ], [ 140.0330504, 35.333184 ], [ 140.0333221, 35.333257 ], [ 140.0337668, 35.333277 ], [ 140.0341665, 35.3333542 ], [ 140.0345201, 35.333504 ], [ 140.0347676, 35.3336634 ], [ 140.0348396, 35.3336792 ], [ 140.091948, 35.3336792 ], [ 140.0919526, 35.3336433 ], [ 140.091887, 35.3335655 ], [ 140.0915806, 35.3331052 ], [ 140.0911718, 35.3325799 ], [ 140.091077, 35.3324305 ], [ 140.0909456, 35.3320719 ], [ 140.0907923, 35.3318566 ], [ 140.0905003, 35.3315385 ], [ 140.0902012, 35.3311441 ], [ 140.0900551, 35.3308802 ], [ 140.090077, 35.3308505 ], [ 140.0902448, 35.3307608 ], [ 140.0907117, 35.3305874 ], [ 140.0910106, 35.3305335 ], [ 140.0915942, 35.3306052 ], [ 140.0920048, 35.3306171 ], [ 140.0922309, 35.3305632 ], [ 140.0923987, 35.3305094 ], [ 140.0926614, 35.3304019 ], [ 140.0928584, 35.3302702 ], [ 140.0930553, 35.3299655 ], [ 140.0933917, 35.3296944 ], [ 140.0934281, 35.3296405 ], [ 140.0934648, 35.3293596 ], [ 140.0935603, 35.3288213 ], [ 140.0937353, 35.3285166 ], [ 140.0939251, 35.3283194 ], [ 140.0941728, 35.3282416 ], [ 140.0945451, 35.3282177 ], [ 140.094822, 35.3282355 ], [ 140.0950481, 35.3283252 ], [ 140.0952887, 35.3285405 ], [ 140.0954806, 35.3286605 ], [ 140.0956556, 35.3286963 ], [ 140.0958525, 35.3286902 ], [ 140.09594, 35.3286185 ], [ 140.0960276, 35.3282599 ], [ 140.0961523, 35.3280058 ], [ 140.0962981, 35.3278085 ], [ 140.097029, 35.3270369 ], [ 140.0971967, 35.3269594 ], [ 140.0973937, 35.3269174 ], [ 140.0975467, 35.3269174 ], [ 140.0977803, 35.3269713 ], [ 140.097897, 35.327073 ], [ 140.097919, 35.3271446 ], [ 140.0979262, 35.3273774 ], [ 140.0980515, 35.3283658 ], [ 140.0981609, 35.3284913 ], [ 140.0983067, 35.3285571 ], [ 140.0987954, 35.3285032 ], [ 140.0994223, 35.3282521 ], [ 140.0995976, 35.3282702 ], [ 140.0997143, 35.328348 ], [ 140.099787, 35.3284616 ], [ 140.099882, 35.3284616 ], [ 140.0999987, 35.3284316 ], [ 140.1001226, 35.328318 ], [ 140.1003926, 35.3279533 ], [ 140.1005992, 35.3274321 ], [ 140.1006648, 35.3273366 ], [ 140.1009273, 35.3271035 ], [ 140.101147, 35.3268935 ], [ 140.1013659, 35.326768 ], [ 140.101519, 35.3267321 ], [ 140.1021318, 35.3269294 ], [ 140.1031698, 35.3271027 ], [ 140.1033667, 35.3270727 ], [ 140.1034976, 35.327001 ], [ 140.1036362, 35.3268696 ], [ 140.1038331, 35.326481 ], [ 140.1040301, 35.3263196 ], [ 140.1041106, 35.3262091 ], [ 140.104169, 35.3261013 ], [ 140.1041765, 35.3259399 ], [ 140.104017, 35.3256635 ], [ 140.1039134, 35.3254169 ], [ 140.1038406, 35.3251841 ], [ 140.103819, 35.3247118 ], [ 140.1038334, 35.3244846 ], [ 140.1039206, 35.3243113 ], [ 140.1041103, 35.3241799 ], [ 140.1045773, 35.3237735 ], [ 140.1048545, 35.3235582 ], [ 140.1050806, 35.3234866 ], [ 140.1061262, 35.3231921 ], [ 140.1063303, 35.3230788 ], [ 140.1064837, 35.3228877 ], [ 140.1066734, 35.3225793 ], [ 140.1067609, 35.322346 ], [ 140.1070442, 35.3218502 ], [ 140.1072351, 35.3214613 ], [ 140.1074623, 35.3209632 ], [ 140.1076445, 35.3206702 ], [ 140.10803, 35.3202291 ], [ 140.1083526, 35.320101 ], [ 140.1084964, 35.3200066 ], [ 140.1086209, 35.3198927 ], [ 140.1088776, 35.3196288 ], [ 140.1090648, 35.319353 ], [ 140.1091467, 35.3191921 ], [ 140.1089378, 35.3189463 ], [ 140.1088237, 35.3189207 ], [ 140.108542, 35.3189404 ], [ 140.1082751, 35.3189221 ], [ 140.1079081, 35.3189624 ], [ 140.1077614, 35.3190518 ], [ 140.1074128, 35.3193013 ], [ 140.1072795, 35.3193871 ], [ 140.1065417, 35.3197527 ], [ 140.1061953, 35.3198832 ], [ 140.1059572, 35.3199396 ], [ 140.1054503, 35.3199988 ], [ 140.1051528, 35.3200446 ], [ 140.1050848, 35.3200329 ], [ 140.1050231, 35.3200013 ], [ 140.104835, 35.3198729 ], [ 140.104572, 35.3198318 ], [ 140.104265, 35.3198832 ], [ 140.1039931, 35.3200327 ], [ 140.1036797, 35.3202482 ], [ 140.1034917, 35.3203407 ], [ 140.1031609, 35.3204468 ], [ 140.1026706, 35.3205821 ], [ 140.1019592, 35.3206118 ], [ 140.1016122, 35.3206491 ], [ 140.1014717, 35.3206202 ], [ 140.1014306, 35.320554 ], [ 140.1014028, 35.3204329 ], [ 140.1013478, 35.3197191 ], [ 140.1014403, 35.3191416 ], [ 140.1014264, 35.3188424 ], [ 140.1014058, 35.3186363 ], [ 140.1013355, 35.318388 ], [ 140.1012833, 35.3180196 ], [ 140.1014597, 35.3173657 ], [ 140.1015725, 35.3173093 ], [ 140.1028108, 35.3173621 ], [ 140.1039103, 35.3173496 ], [ 140.1042, 35.3173243 ], [ 140.1043692, 35.3172216 ], [ 140.1047264, 35.3169288 ], [ 140.1050161, 35.3165318 ], [ 140.1052606, 35.3162599 ], [ 140.1052858, 35.3161316 ], [ 140.1052231, 35.315921 ], [ 140.1051039, 35.3157079 ], [ 140.1049972, 35.3155846 ], [ 140.1049536, 35.315451 ], [ 140.1050475, 35.3149271 ], [ 140.1050514, 35.3147485 ], [ 140.104903, 35.314468 ], [ 140.1051414, 35.3140777 ], [ 140.1053983, 35.3138002 ], [ 140.1056436, 35.3136963 ], [ 140.1060714, 35.313578 ], [ 140.1063019, 35.3135371 ], [ 140.1067594, 35.3134035 ], [ 140.1068802, 35.3133563 ], [ 140.1069933, 35.3132743 ], [ 140.1071875, 35.3129504 ], [ 140.1074572, 35.3126938 ], [ 140.1077016, 35.3125704 ], [ 140.1078958, 35.3125552 ], [ 140.1081152, 35.3126218 ], [ 140.10846, 35.312776 ], [ 140.1087878, 35.3129635 ], [ 140.10887, 35.3130768 ], [ 140.1089239, 35.3132024 ], [ 140.1089553, 35.3134693 ], [ 140.1090733, 35.3136924 ], [ 140.1092016, 35.3138304 ], [ 140.1093411, 35.3139016 ], [ 140.1094836, 35.3139488 ], [ 140.1097594, 35.3141799 ], [ 140.1099036, 35.3142466 ], [ 140.1101247, 35.3142554 ], [ 140.1103514, 35.3142316 ], [ 140.1107186, 35.3140927 ], [ 140.111032, 35.3140774 ], [ 140.1113578, 35.3140774 ], [ 140.1115458, 35.3141391 ], [ 140.1117267, 35.3142107 ], [ 140.1118606, 35.3142107 ], [ 140.1119808, 35.3141663 ], [ 140.1124017, 35.3139593 ], [ 140.1126086, 35.3139235 ], [ 140.1128025, 35.3138535 ], [ 140.1129775, 35.3137677 ], [ 140.1131289, 35.3137746 ], [ 140.1133608, 35.3138157 ], [ 140.1138497, 35.3139543 ], [ 140.1140689, 35.3140366 ], [ 140.1142714, 35.3141302 ], [ 140.1143903, 35.3142227 ], [ 140.1145533, 35.3144024 ], [ 140.1147225, 35.3145154 ], [ 140.1156397, 35.314811 ], [ 140.1158653, 35.3149171 ], [ 140.1160408, 35.3149735 ], [ 140.1161161, 35.3150196 ], [ 140.1162539, 35.3153588 ], [ 140.1164106, 35.3154718 ], [ 140.1166989, 35.315518 ], [ 140.1169622, 35.3155027 ], [ 140.1171314, 35.3155438 ], [ 140.1173886, 35.315821 ], [ 140.1176037, 35.3160283 ], [ 140.1178859, 35.3161307 ], [ 140.1181239, 35.3161771 ], [ 140.1181742, 35.3161669 ], [ 140.1183309, 35.316018 ], [ 140.1184561, 35.3158227 ], [ 140.1185878, 35.3152708 ], [ 140.118732, 35.314911 ], [ 140.1188258, 35.3148238 ], [ 140.1190703, 35.3147108 ], [ 140.1193042, 35.3146227 ], [ 140.1196803, 35.3144277 ], [ 140.1200125, 35.3142016 ], [ 140.1203508, 35.3140783 ], [ 140.1209716, 35.3138933 ], [ 140.1215941, 35.3138216 ], [ 140.1217472, 35.3138522 ], [ 140.1220714, 35.3137966 ], [ 140.1221414, 35.3137108 ], [ 140.1221064, 35.3133958 ], [ 140.1220191, 35.313138 ], [ 140.1221588, 35.3124788 ], [ 140.1222986, 35.3121063 ], [ 140.1223336, 35.3116955 ], [ 140.1222636, 35.3114233 ], [ 140.1222986, 35.3111797 ], [ 140.122421, 35.3105924 ], [ 140.1225083, 35.310406 ], [ 140.1225783, 35.3102772 ], [ 140.1225257, 35.3101338 ], [ 140.1222635, 35.3097761 ], [ 140.1222549, 35.3096377 ], [ 140.1223074, 35.3093941 ], [ 140.1223249, 35.3091936 ], [ 140.1221849, 35.3087352 ], [ 140.1222199, 35.308503 ], [ 140.1222549, 35.3081736 ], [ 140.1221502, 35.3075722 ], [ 140.1221502, 35.3073716 ], [ 140.1220452, 35.3071686 ], [ 140.1218526, 35.3069252 ], [ 140.1217471, 35.3068522 ], [ 140.1214588, 35.3065889 ], [ 140.1211754, 35.3062174 ], [ 140.1207974, 35.3058552 ], [ 140.1205582, 35.3056386 ], [ 140.1204199, 35.3055972 ], [ 140.1202876, 35.3055919 ], [ 140.1201932, 35.3056074 ], [ 140.1200421, 35.3056797 ], [ 140.1199601, 35.3056849 ], [ 140.1198532, 35.3056797 ], [ 140.1195007, 35.3055766 ], [ 140.1191607, 35.3055558 ], [ 140.1190285, 35.3055197 ], [ 140.1188207, 35.3053702 ], [ 140.1185418, 35.3052355 ], [ 140.1184096, 35.30522 ], [ 140.1182774, 35.3052252 ], [ 140.1178999, 35.3053594 ], [ 140.1176985, 35.3053438 ], [ 140.1175538, 35.3052872 ], [ 140.117434, 35.3051838 ], [ 140.1171509, 35.3047349 ], [ 140.1170298, 35.304458 ], [ 140.1170045, 35.3043447 ], [ 140.1170548, 35.3041433 ], [ 140.1171054, 35.3038497 ], [ 140.1172754, 35.3034574 ], [ 140.1172812, 35.3033372 ], [ 140.1172498, 35.3031774 ], [ 140.1171176, 35.3030536 ], [ 140.1168029, 35.3028111 ], [ 140.1166392, 35.3025169 ], [ 140.1166392, 35.3023158 ], [ 140.116734, 35.3021797 ], [ 140.1170676, 35.3016219 ], [ 140.1170926, 35.3014722 ], [ 140.1170423, 35.3011833 ], [ 140.1169476, 35.3007844 ], [ 140.1168784, 35.3006194 ], [ 140.1166517, 35.3004491 ], [ 140.1164626, 35.3001691 ], [ 140.1164186, 35.3000297 ], [ 140.1164437, 35.299808 ], [ 140.1163809, 35.2995964 ], [ 140.1161539, 35.2991769 ], [ 140.1160784, 35.2990016 ], [ 140.1160784, 35.2987952 ], [ 140.116015, 35.2985875 ], [ 140.1158575, 35.2984377 ], [ 140.1157128, 35.2982675 ], [ 140.1155114, 35.2978497 ], [ 140.1155492, 35.2976847 ], [ 140.1156625, 35.2974989 ], [ 140.1159583, 35.2972514 ], [ 140.1162428, 35.2969341 ], [ 140.1162678, 35.2968105 ], [ 140.1162741, 35.2966969 ], [ 140.1161861, 35.2963928 ], [ 140.1161291, 35.2961591 ], [ 140.1158836, 35.2956744 ], [ 140.1157447, 35.2954864 ], [ 140.1155872, 35.295378 ], [ 140.1154991, 35.2952336 ], [ 140.1153355, 35.2946872 ], [ 140.1152594, 35.2945308 ], [ 140.1151019, 35.2944069 ], [ 140.1149258, 35.2942986 ], [ 140.1148816, 35.2942005 ], [ 140.1149069, 35.2940664 ], [ 140.115058, 35.2937208 ], [ 140.1151713, 35.2933725 ], [ 140.1151902, 35.2931714 ], [ 140.1151588, 35.2922352 ], [ 140.1152155, 35.292003 ], [ 140.1152782, 35.2918636 ], [ 140.1154232, 35.2917553 ], [ 140.1157065, 35.2916628 ], [ 140.1158827, 35.2915544 ], [ 140.1161282, 35.2913017 ], [ 140.1162924, 35.2910886 ], [ 140.1163618, 35.2906964 ], [ 140.1164057, 35.2902506 ], [ 140.1163929, 35.2902144 ], [ 140.1152079, 35.2901108 ], [ 140.1149563, 35.290013 ], [ 140.1145657, 35.2897964 ], [ 140.1143896, 35.2896208 ], [ 140.1143204, 35.2893889 ], [ 140.1143076, 35.2891567 ], [ 140.114749, 35.2883239 ], [ 140.1148748, 35.2882414 ], [ 140.1154351, 35.2881847 ], [ 140.1154982, 35.2881486 ], [ 140.1157057, 35.2879164 ], [ 140.1160157, 35.2876311 ], [ 140.1168718, 35.2870275 ], [ 140.1171112, 35.286902 ], [ 140.1172373, 35.2867986 ], [ 140.117294, 35.2866956 ], [ 140.117489, 35.2857931 ], [ 140.1178992, 35.2854139 ], [ 140.118157, 35.285285 ], [ 140.1183081, 35.2851972 ], [ 140.1184656, 35.2848722 ], [ 140.1187301, 35.2845786 ], [ 140.1189384, 35.284272 ], [ 140.1190203, 35.2839934 ], [ 140.1192973, 35.2836322 ], [ 140.1195931, 35.2834361 ], [ 140.1198781, 35.2831192 ], [ 140.1201614, 35.2829028 ], [ 140.120262, 35.2827311 ], [ 140.1202934, 35.2825764 ], [ 140.1202681, 35.2824472 ], [ 140.1201925, 35.2822667 ], [ 140.119695, 35.2816361 ], [ 140.1195503, 35.2813578 ], [ 140.1195378, 35.2810948 ], [ 140.1195375, 35.2805867 ], [ 140.1195122, 35.2804678 ], [ 140.1193044, 35.2801428 ], [ 140.119065, 35.2797964 ], [ 140.118983, 35.2795645 ], [ 140.1189264, 35.27926 ], [ 140.11892, 35.2788345 ], [ 140.1189575, 35.2778675 ], [ 140.1189261, 35.2777386 ], [ 140.1188761, 35.2775889 ], [ 140.1187622, 35.2773503 ], [ 140.1187058, 35.2770923 ], [ 140.1187058, 35.2769892 ], [ 140.1186427, 35.2767878 ], [ 140.118321, 35.2763478 ], [ 140.118258, 35.276157 ], [ 140.1182644, 35.2758939 ], [ 140.1182833, 35.275765 ], [ 140.1183777, 35.2756153 ], [ 140.1186233, 35.2754142 ], [ 140.1186924, 35.2752622 ], [ 140.1187241, 35.2751128 ], [ 140.1187355, 35.2747097 ], [ 140.1186157, 35.2738536 ], [ 140.1185149, 35.2735631 ], [ 140.1184141, 35.2734547 ], [ 140.1182882, 35.2733928 ], [ 140.1181057, 35.2733464 ], [ 140.1178035, 35.2733153 ], [ 140.1176266, 35.2732678 ], [ 140.1175068, 35.27318 ], [ 140.1172926, 35.2728706 ], [ 140.1172865, 35.2727675 ], [ 140.1176704, 35.2722726 ], [ 140.1179168, 35.2718576 ], [ 140.1180743, 35.271347 ], [ 140.1184018, 35.2706176 ], [ 140.1184901, 35.2702617 ], [ 140.118611, 35.2699603 ], [ 140.1187432, 35.2697851 ], [ 140.1189129, 35.2696201 ], [ 140.1190907, 35.269252 ], [ 140.1190984, 35.2690334 ], [ 140.1188698, 35.2679973 ], [ 140.1190298, 35.2678537 ], [ 140.119144, 35.2676606 ], [ 140.1191898, 35.2673234 ], [ 140.1192967, 35.2669892 ], [ 140.1193803, 35.2668456 ], [ 140.1195784, 35.2666523 ], [ 140.119929, 35.2663881 ], [ 140.1200281, 35.266332 ], [ 140.1200509, 35.266257 ], [ 140.1199976, 35.2661198 ], [ 140.1197767, 35.2657517 ], [ 140.1197234, 35.2655459 ], [ 140.1195939, 35.2652898 ], [ 140.1192353, 35.2648687 ], [ 140.1191286, 35.2646876 ], [ 140.1187397, 35.2638542 ], [ 140.118595, 35.263642 ], [ 140.1184503, 35.2633923 ], [ 140.1184197, 35.2632051 ], [ 140.1185797, 35.262762 ], [ 140.1186408, 35.262542 ], [ 140.1186483, 35.2624612 ], [ 140.1185569, 35.2621864 ], [ 140.1185875, 35.2620928 ], [ 140.1186789, 35.2618867 ], [ 140.1187094, 35.2615498 ], [ 140.1188158, 35.2614187 ], [ 140.1190758, 35.2611359 ], [ 140.1193727, 35.2609176 ], [ 140.11964, 35.2606673 ], [ 140.1197391, 35.2605051 ], [ 140.1197925, 35.260374 ], [ 140.1197772, 35.2601492 ], [ 140.1198455, 35.2599742 ], [ 140.1199508, 35.2595704 ], [ 140.1200544, 35.259442 ], [ 140.12012, 35.2592156 ], [ 140.1201733, 35.2589473 ], [ 140.1203027, 35.258629 ], [ 140.1203866, 35.2583648 ], [ 140.1203866, 35.2582462 ], [ 140.120318, 35.258034 ], [ 140.1202266, 35.2578093 ], [ 140.1201808, 35.2575534 ], [ 140.120196, 35.2574223 ], [ 140.1203255, 35.2571854 ], [ 140.1204094, 35.2570029 ], [ 140.1204321, 35.2568718 ], [ 140.1204552, 35.2565284 ], [ 140.1205538, 35.2562073 ], [ 140.1205538, 35.2560201 ], [ 140.1205157, 35.2557392 ], [ 140.1205993, 35.2554862 ], [ 140.120636, 35.2554284 ], [ 140.1210413, 35.2554023 ], [ 140.1211177, 35.2553401 ], [ 140.1214299, 35.2550467 ], [ 140.1215899, 35.2548281 ], [ 140.1217466, 35.254684 ], [ 140.1219738, 35.2545562 ], [ 140.1224074, 35.2541604 ], [ 140.1227291, 35.2538254 ], [ 140.1228282, 35.2536426 ], [ 140.1228576, 35.2532992 ], [ 140.1229649, 35.2527012 ], [ 140.1229618, 35.2525351 ], [ 140.1228751, 35.2522162 ], [ 140.1229474, 35.2520506 ], [ 140.123106, 35.2517906 ], [ 140.1231635, 35.2516015 ], [ 140.1232212, 35.2513648 ], [ 140.122969, 35.2507701 ], [ 140.1229268, 35.2505987 ], [ 140.1229201, 35.2503523 ], [ 140.1230601, 35.2496065 ], [ 140.1230534, 35.2494862 ], [ 140.1230334, 35.2493823 ], [ 140.122947, 35.2493331 ], [ 140.1227404, 35.2492673 ], [ 140.1226867, 35.2492215 ], [ 140.1226534, 35.249112 ], [ 140.1226134, 35.2487073 ], [ 140.1222867, 35.2479659 ], [ 140.1222126, 35.2477723 ], [ 140.1222126, 35.2476956 ], [ 140.1222526, 35.2476192 ], [ 140.1224059, 35.2475265 ], [ 140.1231592, 35.2472804 ], [ 140.1239484, 35.2471259 ], [ 140.1242084, 35.2470001 ], [ 140.1243617, 35.2468632 ], [ 140.1243684, 35.2467593 ], [ 140.1243351, 35.2466226 ], [ 140.1240017, 35.2464476 ], [ 140.1239117, 35.2462276 ], [ 140.1239117, 35.2461576 ], [ 140.124072, 35.2459298 ], [ 140.124072, 35.2457718 ], [ 140.1240828, 35.245614 ], [ 140.124147, 35.2454648 ], [ 140.124641, 35.2448258 ], [ 140.1247245, 35.2447607 ], [ 140.1248848, 35.244664 ], [ 140.1249598, 35.244629 ], [ 140.1249597, 35.2445587 ], [ 140.1248956, 35.2444534 ], [ 140.1247886, 35.2443309 ], [ 140.12481, 35.2442257 ], [ 140.1250773, 35.2440326 ], [ 140.1251736, 35.2439448 ], [ 140.1253231, 35.2439098 ], [ 140.12543, 35.2439448 ], [ 140.1255798, 35.2440765 ], [ 140.1256306, 35.2440973 ], [ 140.1256306, 35.1896537 ], [ 140.1254254, 35.1897608 ], [ 140.1251349, 35.1898258 ], [ 140.1247254, 35.1898583 ], [ 140.1245143, 35.1898258 ], [ 140.1236826, 35.1895983 ], [ 140.1232863, 35.1895333 ], [ 140.1229957, 35.1896416 ], [ 140.1224676, 35.1901183 ], [ 140.1223354, 35.1901833 ], [ 140.1219657, 35.1902589 ], [ 140.1215707, 35.1904847 ], [ 140.1214612, 35.1906555 ], [ 140.1213407, 35.1908083 ], [ 140.1212312, 35.19088 ], [ 140.121111, 35.1908891 ], [ 140.1206276, 35.1907894 ], [ 140.1204307, 35.1907266 ], [ 140.1202773, 35.1906277 ], [ 140.1201351, 35.1904841 ], [ 140.1199821, 35.1901516 ], [ 140.1199162, 35.1898105 ], [ 140.1198835, 35.1892983 ], [ 140.1198393, 35.1890905 ], [ 140.1197737, 35.1889916 ], [ 140.1195765, 35.1889019 ], [ 140.1194779, 35.1888389 ], [ 140.1194343, 35.1886861 ], [ 140.1192798, 35.1882805 ], [ 140.119061, 35.1879569 ], [ 140.1189404, 35.1878672 ], [ 140.1187871, 35.1877953 ], [ 140.1186448, 35.1877683 ], [ 140.1185134, 35.1876875 ], [ 140.1184148, 35.187463 ], [ 140.1182942, 35.1869036 ], [ 140.1182723, 35.1865892 ], [ 140.118294, 35.1860653 ], [ 140.1183379, 35.1856611 ], [ 140.1183379, 35.1854547 ], [ 140.1184145, 35.1851403 ], [ 140.1184143, 35.1850308 ], [ 140.1183595, 35.1849411 ], [ 140.1182609, 35.1848692 ], [ 140.1180967, 35.1848153 ], [ 140.1178451, 35.1847794 ], [ 140.117637, 35.1847703 ], [ 140.1173195, 35.1848064 ], [ 140.1172534, 35.1847697 ], [ 140.1171876, 35.1845003 ], [ 140.1169795, 35.1842667 ], [ 140.1169029, 35.184132 ], [ 140.1168482, 35.1839972 ], [ 140.1168145, 35.1837958 ], [ 140.1166176, 35.1833556 ], [ 140.1165518, 35.1830414 ], [ 140.1164423, 35.1828258 ], [ 140.1163656, 35.182655 ], [ 140.1163109, 35.1824214 ], [ 140.1162667, 35.1820967 ], [ 140.1162229, 35.1819708 ], [ 140.1160259, 35.181935 ], [ 140.1158834, 35.1819528 ], [ 140.1157193, 35.1820067 ], [ 140.1156426, 35.1819889 ], [ 140.1154223, 35.1816817 ], [ 140.1153565, 35.181547 ], [ 140.1152251, 35.1813581 ], [ 140.1150504, 35.1812056 ], [ 140.1149517, 35.1810531 ], [ 140.114897, 35.1809092 ], [ 140.1148751, 35.1807656 ], [ 140.1148092, 35.1806128 ], [ 140.114667, 35.1805589 ], [ 140.1144109, 35.1805289 ], [ 140.1142509, 35.1805231 ], [ 140.1141173, 35.1804509 ], [ 140.1140078, 35.1803611 ], [ 140.1138876, 35.1801995 ], [ 140.1137781, 35.1800914 ], [ 140.1136684, 35.1800197 ], [ 140.1134714, 35.1800017 ], [ 140.1131867, 35.1801364 ], [ 140.1129678, 35.1802084 ], [ 140.1127159, 35.1802534 ], [ 140.1126664, 35.1802827 ], [ 140.1124852, 35.1803556 ], [ 140.1123109, 35.1803881 ], [ 140.1121903, 35.1803789 ], [ 140.1119387, 35.180325 ], [ 140.1117414, 35.1802264 ], [ 140.1115114, 35.1801545 ], [ 140.1112378, 35.1800914 ], [ 140.1110628, 35.1799389 ], [ 140.1108878, 35.1798311 ], [ 140.1106686, 35.1797592 ], [ 140.1103142, 35.17958 ], [ 140.1101498, 35.1794811 ], [ 140.1100622, 35.1794989 ], [ 140.109887, 35.1796517 ], [ 140.1097009, 35.1799573 ], [ 140.1096461, 35.180137 ], [ 140.1095695, 35.1803167 ], [ 140.1094711, 35.1804603 ], [ 140.1093834, 35.1805409 ], [ 140.1090534, 35.180712 ], [ 140.1087139, 35.1806222 ], [ 140.1082759, 35.1805322 ], [ 140.108057, 35.1804064 ], [ 140.1079712, 35.1803436 ], [ 140.1078194, 35.1802706 ], [ 140.1077336, 35.1802565 ], [ 140.1074984, 35.1802689 ], [ 140.10717, 35.1803436 ], [ 140.1070167, 35.1802898 ], [ 140.1069181, 35.1801825 ], [ 140.1068742, 35.1800659 ], [ 140.1067428, 35.1799762 ], [ 140.1065675, 35.1799673 ], [ 140.1064361, 35.1799762 ], [ 140.1063158, 35.1800298 ], [ 140.1061953, 35.1801376 ], [ 140.1059872, 35.1802006 ], [ 140.105845, 35.1801826 ], [ 140.1055383, 35.1801826 ], [ 140.105385, 35.1802184 ], [ 140.1052317, 35.1802276 ], [ 140.104958, 35.1802095 ], [ 140.1046543, 35.1802805 ], [ 140.1045857, 35.1803459 ], [ 140.1045329, 35.1804636 ], [ 140.1043703, 35.1807014 ], [ 140.104319, 35.1808254 ], [ 140.104385, 35.1809279 ], [ 140.1044722, 35.1809584 ], [ 140.1045206, 35.1809945 ], [ 140.1044706, 35.1811188 ], [ 140.1043518, 35.18117 ], [ 140.1040629, 35.1812635 ], [ 140.1039637, 35.1813603 ], [ 140.1039136, 35.1813867 ], [ 140.1038478, 35.1814767 ], [ 140.1037056, 35.1816022 ], [ 140.1035961, 35.1816561 ], [ 140.1034867, 35.1816561 ], [ 140.1032347, 35.1815211 ], [ 140.1030267, 35.1813328 ], [ 140.1029064, 35.18127 ], [ 140.1026219, 35.1812701 ], [ 140.1024477, 35.1812341 ], [ 140.1022946, 35.181147 ], [ 140.1022094, 35.1810588 ], [ 140.1019738, 35.1808865 ], [ 140.1017241, 35.1807578 ], [ 140.1016313, 35.1807198 ], [ 140.1015481, 35.1807002 ], [ 140.1014267, 35.1806936 ], [ 140.1013264, 35.1807318 ], [ 140.1012149, 35.1808167 ], [ 140.1010684, 35.180845 ], [ 140.1009457, 35.1808897 ], [ 140.1008651, 35.1809616 ], [ 140.1008005, 35.1809932 ], [ 140.1005833, 35.1808385 ], [ 140.1005068, 35.1807022 ], [ 140.1004183, 35.1806347 ], [ 140.1002837, 35.1805573 ], [ 140.1002071, 35.1805377 ], [ 140.1001016, 35.18053 ], [ 140.0999894, 35.1805027 ], [ 140.0998957, 35.1804635 ], [ 140.0997729, 35.1803545 ], [ 140.0997081, 35.1802642 ], [ 140.0995048, 35.1800843 ], [ 140.0993644, 35.1799964 ], [ 140.0992795, 35.1800203 ], [ 140.0991144, 35.1800276 ], [ 140.0990621, 35.1800203 ], [ 140.0989803, 35.1799658 ], [ 140.098843, 35.1798024 ], [ 140.0987928, 35.1796977 ], [ 140.0987717, 35.1795855 ], [ 140.098775, 35.1794434 ], [ 140.0989063, 35.1791359 ], [ 140.098942, 35.1790712 ], [ 140.098975, 35.1789655 ], [ 140.0989855, 35.1788957 ], [ 140.0989611, 35.1788303 ], [ 140.0988955, 35.1787584 ], [ 140.0988516, 35.1787226 ], [ 140.098753, 35.1787045 ], [ 140.098578, 35.1786328 ], [ 140.0984483, 35.1785034 ], [ 140.0983769, 35.1784634 ], [ 140.0983069, 35.1784536 ], [ 140.0981565, 35.1784873 ], [ 140.0979598, 35.1785887 ], [ 140.0978423, 35.1786181 ], [ 140.0977301, 35.1785822 ], [ 140.0976984, 35.1785495 ], [ 140.097647, 35.1783653 ], [ 140.0976087, 35.1782977 ], [ 140.0975189, 35.1782606 ], [ 140.0973864, 35.1782302 ], [ 140.097104, 35.1780165 ], [ 140.096832, 35.1779294 ], [ 140.0967106, 35.1778226 ], [ 140.0966446, 35.1776416 ], [ 140.0965549, 35.1768984 ], [ 140.0964452, 35.1761726 ], [ 140.0962819, 35.175864 ], [ 140.0962214, 35.1757784 ], [ 140.0961339, 35.1755629 ], [ 140.0960731, 35.1754796 ], [ 140.0959981, 35.1753196 ], [ 140.0959887, 35.1752268 ], [ 140.0960151, 35.1750197 ], [ 140.0960573, 35.174891 ], [ 140.0961096, 35.1748126 ], [ 140.0961682, 35.1745837 ], [ 140.0962658, 35.1744137 ], [ 140.0963694, 35.1743115 ], [ 140.0964733, 35.1741407 ], [ 140.0964866, 35.1740971 ], [ 140.0964638, 35.1739603 ], [ 140.0963952, 35.1737794 ], [ 140.0963383, 35.1736594 ], [ 140.0960927, 35.173424 ], [ 140.0959701, 35.1733217 ], [ 140.0958117, 35.1731604 ], [ 140.0957088, 35.1730363 ], [ 140.0956613, 35.1728488 ], [ 140.0955768, 35.1726483 ], [ 140.0956534, 35.1725589 ], [ 140.0957722, 35.1724804 ], [ 140.0958664, 35.1723795 ], [ 140.0960211, 35.1720909 ], [ 140.0959992, 35.1721077 ], [ 140.0960467, 35.1718832 ], [ 140.0960626, 35.1717066 ], [ 140.0960371, 35.1715478 ], [ 140.0960811, 35.1713361 ], [ 140.0959808, 35.170724 ], [ 140.0959481, 35.1705982 ], [ 140.0958922, 35.17054 ], [ 140.0958025, 35.1704659 ], [ 140.0956731, 35.170431 ], [ 140.0955725, 35.1704174 ], [ 140.0954336, 35.1703738 ], [ 140.0952745, 35.1703438 ], [ 140.0949841, 35.1702022 ], [ 140.0947465, 35.1700714 ], [ 140.0944922, 35.1699779 ], [ 140.094182, 35.1698085 ], [ 140.0939031, 35.1697076 ], [ 140.0933897, 35.169561 ], [ 140.0932199, 35.1695463 ], [ 140.0929156, 35.1694728 ], [ 140.0927466, 35.1694706 ], [ 140.092555, 35.1694802 ], [ 140.0923295, 35.169427 ], [ 140.0921503, 35.1693684 ], [ 140.0920508, 35.1693226 ], [ 140.0917833, 35.168901 ], [ 140.0912478, 35.1685071 ], [ 140.0909316, 35.1683515 ], [ 140.0907855, 35.1683804 ], [ 140.0906511, 35.168425 ], [ 140.090474, 35.1685221 ], [ 140.0898193, 35.1690082 ], [ 140.089775, 35.169066 ], [ 140.0893175, 35.1695518 ], [ 140.088135, 35.1697902 ], [ 140.0877253, 35.1700332 ], [ 140.0875939, 35.1701679 ], [ 140.0875391, 35.1703204 ], [ 140.0873422, 35.1704463 ], [ 140.0870492, 35.1705947 ], [ 140.0869671, 35.1708186 ], [ 140.0868721, 35.1708971 ], [ 140.0866741, 35.170908 ], [ 140.0865428, 35.1709582 ], [ 140.0863458, 35.1710482 ], [ 140.0861378, 35.171066 ], [ 140.0858639, 35.1709582 ], [ 140.0856997, 35.1709135 ], [ 140.0855247, 35.1709224 ], [ 140.0853714, 35.1710032 ], [ 140.0852788, 35.1710846 ], [ 140.0852283, 35.1712021 ], [ 140.0851996, 35.1714159 ], [ 140.0851205, 35.1715613 ], [ 140.0850042, 35.1716383 ], [ 140.0846683, 35.1718043 ], [ 140.084494, 35.1719373 ], [ 140.0843383, 35.1720092 ], [ 140.0842327, 35.1720223 ], [ 140.0840983, 35.1719616 ], [ 140.0840241, 35.1718402 ], [ 140.0838133, 35.1717054 ], [ 140.0835288, 35.1716246 ], [ 140.0833208, 35.1716154 ], [ 140.0830249, 35.1716154 ], [ 140.0827622, 35.1716424 ], [ 140.0824886, 35.1717593 ], [ 140.0822258, 35.171849 ], [ 140.0818316, 35.1718671 ], [ 140.081558, 35.171921 ], [ 140.0814266, 35.1719838 ], [ 140.0813488, 35.1722102 ], [ 140.0812063, 35.1724168 ], [ 140.081053, 35.1724977 ], [ 140.0808013, 35.1724257 ], [ 140.0806591, 35.1723449 ], [ 140.0803461, 35.1722457 ], [ 140.0802167, 35.1722348 ], [ 140.0799976, 35.1722838 ], [ 140.0798261, 35.1724135 ], [ 140.0797066, 35.1725516 ], [ 140.0795972, 35.1726593 ], [ 140.0792001, 35.1727718 ], [ 140.0789718, 35.1728677 ], [ 140.0787716, 35.1729299 ], [ 140.0785199, 35.172876 ], [ 140.0782899, 35.1728941 ], [ 140.0782024, 35.1729658 ], [ 140.0781258, 35.1730827 ], [ 140.078093, 35.1733163 ], [ 140.0781038, 35.1734779 ], [ 140.0781586, 35.1737204 ], [ 140.0781697, 35.1739268 ], [ 140.0780905, 35.1741074 ], [ 140.0779922, 35.1741793 ], [ 140.077751, 35.174251 ], [ 140.0775322, 35.1743588 ], [ 140.0774119, 35.1744577 ], [ 140.0771467, 35.1746133 ], [ 140.07702, 35.1746634 ], [ 140.0768695, 35.1746721 ], [ 140.0766636, 35.1747462 ], [ 140.0764418, 35.1748574 ], [ 140.0762838, 35.174961 ], [ 140.0761088, 35.1750596 ], [ 140.0758241, 35.1751766 ], [ 140.0757255, 35.1753024 ], [ 140.0755722, 35.1753832 ], [ 140.0753424, 35.1753921 ], [ 140.075178, 35.1753652 ], [ 140.0751233, 35.1753113 ], [ 140.0750686, 35.1750418 ], [ 140.0750577, 35.1748171 ], [ 140.0749591, 35.1746735 ], [ 140.0747402, 35.1745477 ], [ 140.0744008, 35.1744219 ], [ 140.0741269, 35.174341 ], [ 140.0739627, 35.1743499 ], [ 140.0737766, 35.1744399 ], [ 140.0735338, 35.1745007 ], [ 140.0732602, 35.1745007 ], [ 140.0731288, 35.1744827 ], [ 140.0730083, 35.174393 ], [ 140.0728002, 35.1741235 ], [ 140.0726908, 35.1740335 ], [ 140.0724169, 35.1739616 ], [ 140.0722527, 35.1739077 ], [ 140.0721433, 35.173773 ], [ 140.0719133, 35.1736116 ], [ 140.0717819, 35.1735396 ], [ 140.0716616, 35.1734949 ], [ 140.071563, 35.1734949 ], [ 140.0710999, 35.1738624 ], [ 140.0709247, 35.1739883 ], [ 140.070673, 35.174078 ], [ 140.0704102, 35.1740961 ], [ 140.070268, 35.1740422 ], [ 140.0697961, 35.1735374 ], [ 140.0697413, 35.1733669 ], [ 140.0696755, 35.1730074 ], [ 140.06961, 35.1728908 ], [ 140.06938, 35.1727291 ], [ 140.069161, 35.1725944 ], [ 140.0686349, 35.172198 ], [ 140.0683174, 35.1718924 ], [ 140.0680986, 35.17174 ], [ 140.0679891, 35.17165 ], [ 140.067978, 35.171578 ], [ 140.0680102, 35.1714786 ], [ 140.0681413, 35.1712441 ], [ 140.0681413, 35.1711005 ], [ 140.0681086, 35.1710464 ], [ 140.0678127, 35.1709655 ], [ 140.0676814, 35.1709478 ], [ 140.0674847, 35.1709478 ], [ 140.0673533, 35.1709028 ], [ 140.0672327, 35.1708219 ], [ 140.0671561, 35.1706961 ], [ 140.0671014, 35.1705164 ], [ 140.0670139, 35.1703816 ], [ 140.0669264, 35.1703816 ], [ 140.066773, 35.1704355 ], [ 140.0666197, 35.1704355 ], [ 140.0664994, 35.1703547 ], [ 140.0663897, 35.1702289 ], [ 140.0663241, 35.1699778 ], [ 140.0662539, 35.1698716 ], [ 140.0655978, 35.1698716 ], [ 140.0654444, 35.1688386 ], [ 140.0652694, 35.1683356 ], [ 140.0650944, 35.1680211 ], [ 140.0649194, 35.1679044 ], [ 140.0643291, 35.1679133 ], [ 140.0639683, 35.1677786 ], [ 140.063148, 35.1674911 ], [ 140.0630914, 35.1671542 ], [ 140.06252, 35.16629 ], [ 139.9990086, 35.16629 ], [ 139.9988709, 35.1664648 ] ] ] } },
{ "type": "Feature", "properties": { "A56_001": "12", "A56_002": "12206", "A56_003": "木更津市", "A56_004": "1", "A56_005": "A", "A56_006": "千葉県告示第69号", "A56_007": "2025-05-26T00:00:00", "city": "木更津市", "notice": "千葉県告示第69号", "date": "2025-05-26T00:00:00", "zone_code": "A", "layer": "embankment_regulation" }, "geometry": { "type": "MultiPolygon", "coordinates": [ [ [ [ 140.0347676, 35.3336634 ], [ 140.0345201, 35.333504 ], [ 140.0341665, 35.3333542 ], [ 140.0337668, 35.333277 ], [ 140.0333221, 35.333257 ], [ 140.0330504, 35.333184 ], [ 140.0328976, 35.3330831 ], [ 140.0327268, 35.3329334 ], [ 140.0325132, 35.332834 ], [ 140.0323201, 35.3327065 ], [ 140.0321529, 35.3325445 ], [ 140.0320526, 35.3324048 ], [ 140.0317932, 35.3321248 ], [ 140.0315401, 35.3319845 ], [ 140.0312454, 35.3318881 ], [ 140.0309037, 35.331859 ], [ 140.030609, 35.3317962 ], [ 140.0304673, 35.331719 ], [ 140.0301257, 35.3313856 ], [ 140.0296415, 35.330867 ], [ 140.0292523, 35.3305045 ], [ 140.0290404, 35.3303887 ], [ 140.0288815, 35.3303404 ], [ 140.0280268, 35.3302101 ], [ 140.0277793, 35.3301134 ], [ 140.0274215, 35.3300454 ], [ 140.0269559, 35.3299779 ], [ 140.0266492, 35.3299779 ], [ 140.0260898, 35.3301226 ], [ 140.0257715, 35.3302243 ], [ 140.0256476, 35.3302243 ], [ 140.0253765, 35.3301518 ], [ 140.0251526, 35.3301759 ], [ 140.0249084, 35.3301901 ], [ 140.0243426, 35.330166 ], [ 140.0239123, 35.3303448 ], [ 140.0236706, 35.3304268 ], [ 140.0234937, 35.3304607 ], [ 140.023329, 35.3304607 ], [ 140.0228784, 35.3303587 ], [ 140.0225484, 35.3302573 ], [ 140.0221065, 35.3301848 ], [ 140.021682, 35.3301462 ], [ 140.0215759, 35.3301173 ], [ 140.0214109, 35.3299629 ], [ 140.0211095, 35.3295934 ], [ 140.0208443, 35.3291493 ], [ 140.0208028, 35.328821 ], [ 140.0208209, 35.3286246 ], [ 140.0209209, 35.3283493 ], [ 140.0211803, 35.3267387 ], [ 140.0212923, 35.326357 ], [ 140.0213278, 35.3259804 ], [ 140.0213042, 35.3257457 ], [ 140.0212278, 35.3255379 ], [ 140.0211511, 35.3252915 ], [ 140.0211275, 35.3250988 ], [ 140.0211748, 35.3246526 ], [ 140.0212278, 35.3243049 ], [ 140.02121, 35.3241696 ], [ 140.021157, 35.3239571 ], [ 140.0209625, 35.3236818 ], [ 140.0208084, 35.3235151 ], [ 140.0207553, 35.3234813 ], [ 140.0205489, 35.323206 ], [ 140.0203072, 35.3227762 ], [ 140.0202661, 35.3226121 ], [ 140.020165, 35.3223732 ], [ 140.020065, 35.3219676 ], [ 140.0200294, 35.3218565 ], [ 140.0199528, 35.3217793 ], [ 140.019835, 35.321726 ], [ 140.0194047, 35.3216054 ], [ 140.0192455, 35.3215037 ], [ 140.0189206, 35.3211629 ], [ 140.0187672, 35.3209601 ], [ 140.0186611, 35.3208446 ], [ 140.0184961, 35.3206851 ], [ 140.018225, 35.3203132 ], [ 140.0180122, 35.3200029 ], [ 140.0175936, 35.3194765 ], [ 140.0173875, 35.3192882 ], [ 140.0171753, 35.3191287 ], [ 140.0167211, 35.3188621 ], [ 140.0164794, 35.3185966 ], [ 140.0163674, 35.3183888 ], [ 140.0162375, 35.3180004 ], [ 140.0161608, 35.3175368 ], [ 140.0161136, 35.3170118 ], [ 140.0161608, 35.3167799 ], [ 140.0162138, 35.3166016 ], [ 140.0163788, 35.3163746 ], [ 140.0165558, 35.3161716 ], [ 140.0165733, 35.3160799 ], [ 140.0164966, 35.315841 ], [ 140.0163905, 35.3156527 ], [ 140.0163433, 35.315503 ], [ 140.016143, 35.315184 ], [ 140.0159066, 35.3146882 ], [ 140.0157005, 35.3142104 ], [ 140.0156355, 35.3139352 ], [ 140.0156296, 35.3136743 ], [ 140.0155591, 35.3135004 ], [ 140.0150863, 35.3132371 ], [ 140.0144557, 35.3129038 ], [ 140.0140254, 35.3126866 ], [ 140.0139371, 35.3126866 ], [ 140.0138841, 35.3127299 ], [ 140.013748, 35.3130643 ], [ 140.0136182, 35.3132574 ], [ 140.0133588, 35.3134749 ], [ 140.0132468, 35.3137549 ], [ 140.0129282, 35.3141682 ], [ 140.0128988, 35.3142888 ], [ 140.0128988, 35.3146363 ], [ 140.0128449, 35.3147732 ], [ 140.012568, 35.3149085 ], [ 140.012403, 35.3151357 ], [ 140.012226, 35.3152999 ], [ 140.0120199, 35.3154157 ], [ 140.0113413, 35.315523 ], [ 140.0111171, 35.3156921 ], [ 140.0109346, 35.3159288 ], [ 140.010781, 35.3161913 ], [ 140.0105099, 35.3171054 ], [ 140.0104686, 35.3173954 ], [ 140.0104686, 35.3176563 ], [ 140.0104333, 35.3177624 ], [ 140.0101794, 35.3180482 ], [ 140.010138, 35.3181788 ], [ 140.0101675, 35.3184249 ], [ 140.0102322, 35.3186396 ], [ 140.0102852, 35.3188716 ], [ 140.010238, 35.3190163 ], [ 140.0100908, 35.3192193 ], [ 140.0099436, 35.3193593 ], [ 140.0096838, 35.3194954 ], [ 140.0093655, 35.3196354 ], [ 140.0089105, 35.3198596 ], [ 140.0087808, 35.3199949 ], [ 140.0086394, 35.3202699 ], [ 140.0085864, 35.3205502 ], [ 140.0085039, 35.3207385 ], [ 140.0083386, 35.3209366 ], [ 140.0081544, 35.3210385 ], [ 140.0078539, 35.3211593 ], [ 140.0077419, 35.3211496 ], [ 140.0075122, 35.3210432 ], [ 140.0074769, 35.3210432 ], [ 140.0074414, 35.3210916 ], [ 140.0075178, 35.321446 ], [ 140.0075119, 35.321789 ], [ 140.0074705, 35.3219918 ], [ 140.0073469, 35.3221849 ], [ 140.007135, 35.3224118 ], [ 140.0069639, 35.3227427 ], [ 140.0067103, 35.3230085 ], [ 140.0065331, 35.3231493 ], [ 140.0063917, 35.3233377 ], [ 140.0062383, 35.3236468 ], [ 140.0060728, 35.3240199 ], [ 140.0059136, 35.3242902 ], [ 140.0055772, 35.3249004 ], [ 140.0053119, 35.3252046 ], [ 140.0051172, 35.3254821 ], [ 140.0050169, 35.325719 ], [ 140.004852, 35.3261871 ], [ 140.0049345, 35.3267202 ], [ 140.004905, 35.326836 ], [ 140.0046811, 35.327151 ], [ 140.0045161, 35.3273104 ], [ 140.0043039, 35.3276196 ], [ 140.0041559, 35.3278666 ], [ 140.0039909, 35.3280935 ], [ 140.0037786, 35.328301 ], [ 140.0033717, 35.3287563 ], [ 140.0030534, 35.329051 ], [ 140.0026928, 35.3294691 ], [ 140.0021203, 35.3300649 ], [ 140.0019317, 35.3302968 ], [ 140.0017434, 35.3306349 ], [ 140.0015303, 35.3309852 ], [ 140.001389, 35.3313618 ], [ 140.0014067, 35.3315696 ], [ 140.0014948, 35.3317724 ], [ 140.0015184, 35.3319846 ], [ 140.0015126, 35.3322649 ], [ 140.0014179, 35.332751 ], [ 140.0013884, 35.333036 ], [ 140.0013001, 35.3330938 ], [ 140.0012234, 35.3330988 ], [ 140.0011767, 35.3330421 ], [ 140.0011248, 35.3328185 ], [ 140.0011251, 35.3326532 ], [ 140.001229, 35.3323068 ], [ 140.001229, 35.332051 ], [ 140.0010534, 35.3315152 ], [ 140.0010728, 35.3313713 ], [ 140.001177, 35.3309343 ], [ 140.0015412, 35.3302149 ], [ 140.001639, 35.3298813 ], [ 140.0015934, 35.329439 ], [ 140.0014895, 35.3287996 ], [ 140.0014439, 35.3285863 ], [ 140.0014178, 35.3281516 ], [ 140.0014698, 35.3277949 ], [ 140.0014631, 35.327523 ], [ 140.0014306, 35.3273313 ], [ 140.0013006, 35.3270435 ], [ 140.0012095, 35.3269793 ], [ 140.001112, 35.326974 ], [ 140.0008695, 35.3269843 ], [ 140.0003817, 35.327064 ], [ 140.0002711, 35.3271335 ], [ 140.0002517, 35.3273732 ], [ 140.0001475, 35.3274266 ], [ 140.0000695, 35.3274107 ], [ 139.9998159, 35.3272988 ], [ 139.999465, 35.3270588 ], [ 139.9990228, 35.3268616 ], [ 139.9988017, 35.3267018 ], [ 139.9986911, 35.3265207 ], [ 139.9983769, 35.326171 ], [ 139.9980778, 35.325878 ], [ 139.9979739, 35.3256119 ], [ 139.9978958, 35.3253188 ], [ 139.9978633, 35.3250119 ], [ 139.9978569, 35.3242658 ], [ 139.9979414, 35.3239727 ], [ 139.997883, 35.3233513 ], [ 139.99774, 35.3226796 ], [ 139.9977202, 35.322376 ], [ 139.9977464, 35.3221096 ], [ 139.9978308, 35.3219016 ], [ 139.9980186, 35.3214971 ], [ 139.9980778, 35.3211977 ], [ 139.9980994, 35.3207396 ], [ 139.9980672, 35.3205369 ], [ 139.9979755, 35.3202744 ], [ 139.9978733, 35.319658 ], [ 139.9978216, 35.319233 ], [ 139.9978149, 35.3188713 ], [ 139.9977441, 35.318745 ], [ 139.9974035, 35.3182085 ], [ 139.9972802, 35.3177374 ], [ 139.9972718, 35.3175828 ], [ 139.997305, 35.3174311 ], [ 139.9974261, 35.3172293 ], [ 139.9975626, 35.3170802 ], [ 139.9969866, 35.3175104 ], [ 139.9967816, 35.3177028 ], [ 139.9962778, 35.3176695 ], [ 139.9961836, 35.3175789 ], [ 139.9961769, 35.3174291 ], [ 139.9960784, 35.3172846 ], [ 139.9961338, 35.317185 ], [ 139.9961725, 35.3170582 ], [ 139.9961388, 35.3169083 ], [ 139.996051, 35.3167388 ], [ 139.9961149, 35.316643 ], [ 139.9962628, 35.3165724 ], [ 139.9965104, 35.3164242 ], [ 139.9966266, 35.3162491 ], [ 139.996661, 35.316091 ], [ 139.9969004, 35.3157519 ], [ 139.9970213, 35.3155594 ], [ 139.9968828, 35.3154485 ], [ 139.9963588, 35.3159025 ], [ 139.996041, 35.3156636 ], [ 139.9956763, 35.3160098 ], [ 139.9954991, 35.3162 ], [ 139.9952443, 35.3163901 ], [ 139.9949564, 35.3166437 ], [ 139.9947681, 35.3167569 ], [ 139.9946296, 35.3168158 ], [ 139.9931942, 35.3170741 ], [ 139.9925779, 35.3172275 ], [ 139.9922733, 35.3173521 ], [ 139.9919327, 35.3175174 ], [ 139.991675, 35.3176939 ], [ 139.9914507, 35.3179067 ], [ 139.9911267, 35.3182486 ], [ 139.9909855, 35.3184206 ], [ 139.9900137, 35.3197338 ], [ 139.9897949, 35.3196116 ], [ 139.9898102, 35.31951 ], [ 139.9897493, 35.3194014 ], [ 139.9896266, 35.319258 ], [ 139.9893517, 35.3191157 ], [ 139.9889406, 35.3188082 ], [ 139.9885363, 35.3184098 ], [ 139.9882938, 35.3180802 ], [ 139.9881639, 35.3177993 ], [ 139.9880852, 35.3177427 ], [ 139.987628, 35.3176038 ], [ 139.9875088, 35.3177652 ], [ 139.987361, 35.318038 ], [ 139.9872133, 35.3181716 ], [ 139.9869663, 35.318295 ], [ 139.9869352, 35.3183486 ], [ 139.9867855, 35.3187741 ], [ 139.9866646, 35.3188938 ], [ 139.9866127, 35.3189274 ], [ 139.9865374, 35.3189619 ], [ 139.9864394, 35.31899 ], [ 139.9863369, 35.319058 ], [ 139.9862544, 35.3191702 ], [ 139.9860705, 35.3194836 ], [ 139.9859949, 35.3195277 ], [ 139.9856177, 35.3196161 ], [ 139.9854127, 35.3196402 ], [ 139.9852813, 35.3196763 ], [ 139.9846605, 35.319713 ], [ 139.9842994, 35.3197691 ], [ 139.9841191, 35.3197422 ], [ 139.9839621, 35.3196494 ], [ 139.9838713, 35.3195783 ], [ 139.983766, 35.3194694 ], [ 139.9836774, 35.3193383 ], [ 139.9834907, 35.3188925 ], [ 139.9834327, 35.3187325 ], [ 139.9832535, 35.3184194 ], [ 139.9832535, 35.3182466 ], [ 139.9832416, 35.318138 ], [ 139.983218, 35.3180489 ], [ 139.9830699, 35.3179016 ], [ 139.9830066, 35.3178089 ], [ 139.9829494, 35.3176369 ], [ 139.9829238, 35.3172152 ], [ 139.9828074, 35.3169975 ], [ 139.9825871, 35.316845 ], [ 139.982531, 35.3168253 ], [ 139.9820221, 35.3168953 ], [ 139.981758, 35.3168639 ], [ 139.9815599, 35.3167564 ], [ 139.9814649, 35.3166703 ], [ 139.9813952, 35.3165764 ], [ 139.9813146, 35.3164247 ], [ 139.9811752, 35.3158144 ], [ 139.9811107, 35.3157183 ], [ 139.9809899, 35.3156291 ], [ 139.9809627, 35.3155658 ], [ 139.980978, 35.3154108 ], [ 139.9810496, 35.3153014 ], [ 139.981081, 35.3152161 ], [ 139.9810315, 35.315133 ], [ 139.980894, 35.315128 ], [ 139.9804466, 35.3153722 ], [ 139.980381, 35.3154341 ], [ 139.9800229, 35.3159433 ], [ 139.979936, 35.3161336 ], [ 139.9798941, 35.3162683 ], [ 139.9798607, 35.3165378 ], [ 139.9798266, 35.316665 ], [ 139.9796232, 35.3171228 ], [ 139.9795435, 35.3172558 ], [ 139.9794135, 35.3173625 ], [ 139.9792146, 35.3173686 ], [ 139.9788238, 35.3172608 ], [ 139.9787249, 35.3172119 ], [ 139.9785793, 35.3172119 ], [ 139.9783957, 35.3172808 ], [ 139.9781802, 35.3174119 ], [ 139.9779843, 35.3175766 ], [ 139.9777552, 35.3178583 ], [ 139.977631, 35.3179766 ], [ 139.9775757, 35.318018 ], [ 139.9775085, 35.3180269 ], [ 139.9772024, 35.318008 ], [ 139.9770474, 35.3180255 ], [ 139.976901, 35.3180839 ], [ 139.976511, 35.3183444 ], [ 139.9762296, 35.3184552 ], [ 139.9758077, 35.318593 ], [ 139.9752165, 35.3184853 ], [ 139.9745218, 35.3183161 ], [ 139.9740474, 35.3182783 ], [ 139.9738707, 35.3183133 ], [ 139.9738424, 35.3183881 ], [ 139.9737794, 35.3196369 ], [ 139.9737527, 35.3198761 ], [ 139.9736569, 35.3200703 ], [ 139.9734699, 35.3203025 ], [ 139.9734219, 35.3203383 ], [ 139.9734016, 35.3204333 ], [ 139.9734069, 35.320563 ], [ 139.9734427, 35.3206966 ], [ 139.9734394, 35.3208636 ], [ 139.9733585, 35.3210541 ], [ 139.9728213, 35.3216725 ], [ 139.9725952, 35.321988 ], [ 139.9724666, 35.3221825 ], [ 139.9723622, 35.3223872 ], [ 139.9722658, 35.3225075 ], [ 139.9721708, 35.3225691 ], [ 139.9713988, 35.3228861 ], [ 139.9710816, 35.3231708 ], [ 139.9709574, 35.3233366 ], [ 139.9706447, 35.3235925 ], [ 139.9702494, 35.3238336 ], [ 139.9695936, 35.3242077 ], [ 139.9694455, 35.3242644 ], [ 139.9690375, 35.3244677 ], [ 139.9688838, 35.324573 ], [ 139.9687822, 35.3246611 ], [ 139.9686461, 35.3248125 ], [ 139.9680594, 35.325558 ], [ 139.9677491, 35.3258791 ], [ 139.9676302, 35.3259766 ], [ 139.9673922, 35.3261136 ], [ 139.9672761, 35.326165 ], [ 139.966551, 35.3264216 ], [ 139.9661936, 35.3265905 ], [ 139.9657697, 35.3269053 ], [ 139.9656833, 35.3270178 ], [ 139.9652394, 35.3277578 ], [ 139.9650944, 35.3280683 ], [ 139.965005, 35.3283544 ], [ 139.9649783, 35.3285077 ], [ 139.9648708, 35.3289422 ], [ 139.964745, 35.3295947 ], [ 139.9647236, 35.329795 ], [ 139.9647011, 35.330248 ], [ 139.9646836, 35.3304305 ], [ 139.9645958, 35.3307533 ], [ 139.9642728, 35.3315272 ], [ 139.9641883, 35.3315294 ], [ 139.9638836, 35.3315033 ], [ 139.9634069, 35.331338 ], [ 139.9631739, 35.3313066 ], [ 139.9629166, 35.3312827 ], [ 139.9622355, 35.3313452 ], [ 139.9618805, 35.3314338 ], [ 139.9612944, 35.3316336 ], [ 139.9607819, 35.3317339 ], [ 139.9604341, 35.3317464 ], [ 139.9599822, 35.3316819 ], [ 139.9587205, 35.3314708 ], [ 139.9584603, 35.3314769 ], [ 139.9582744, 35.3315458 ], [ 139.9574786, 35.3314955 ], [ 139.9572566, 35.33137 ], [ 139.9569358, 35.3310253 ], [ 139.9568744, 35.330975 ], [ 139.956621, 35.3309669 ], [ 139.9559919, 35.3307997 ], [ 139.9556227, 35.3306705 ], [ 139.9552305, 35.33049 ], [ 139.9551244, 35.3304619 ], [ 139.954813, 35.3303347 ], [ 139.954721, 35.3303222 ], [ 139.9545927, 35.3303361 ], [ 139.9545349, 35.3303908 ], [ 139.9543463, 35.3305352 ], [ 139.9541952, 35.3305347 ], [ 139.9541374, 35.33051 ], [ 139.9538674, 35.33026 ], [ 139.9534472, 35.3299122 ], [ 139.9533791, 35.3298641 ], [ 139.9532796, 35.3298361 ], [ 139.9531971, 35.3298244 ], [ 139.9529274, 35.3298211 ], [ 139.9517191, 35.3297264 ], [ 139.9516474, 35.3297567 ], [ 139.9515877, 35.3298064 ], [ 139.9515563, 35.3299556 ], [ 139.9514355, 35.3303378 ], [ 139.9513746, 35.3304914 ], [ 139.9512152, 35.3306111 ], [ 139.9510744, 35.3308047 ], [ 139.9505513, 35.3311291 ], [ 139.950313, 35.3313058 ], [ 139.9500096, 35.3314266 ], [ 139.9498624, 35.3315297 ], [ 139.9495444, 35.3315861 ], [ 139.9494155, 35.3316358 ], [ 139.9493344, 35.3316789 ], [ 139.9487941, 35.3322375 ], [ 139.9487483, 35.3323691 ], [ 139.9487611, 35.3329347 ], [ 139.9487549, 35.3331208 ], [ 139.9487252, 35.3331653 ], [ 139.9485991, 35.333253 ], [ 139.9481183, 35.3334925 ], [ 139.9479422, 35.3334861 ], [ 139.9473594, 35.333238 ], [ 139.9469985, 35.3329822 ], [ 139.9468833, 35.3328861 ], [ 139.9468405, 35.3328191 ], [ 139.9468435, 35.3327591 ], [ 139.9469633, 35.3325394 ], [ 139.9469555, 35.3324955 ], [ 139.9468255, 35.3324391 ], [ 139.9466188, 35.332483 ], [ 139.9461944, 35.3326741 ], [ 139.946086, 35.3326997 ], [ 139.9458552, 35.3327297 ], [ 139.9458113, 35.3327422 ], [ 139.9457916, 35.3327606 ], [ 139.9457871, 35.3327956 ], [ 139.9457852, 35.332885 ], [ 139.945798, 35.3329736 ], [ 139.9457696, 35.3331789 ], [ 139.9457849, 35.3333197 ], [ 139.9457785, 35.3333744 ], [ 139.9456855, 35.3334236 ], [ 139.9453908, 35.333508 ], [ 139.9450139, 35.3336792 ], [ 140.0348396, 35.3336792 ], [ 140.0347676, 35.3336634 ] ] ], [ [ [ 140.1214151, 35.3335916 ], [ 140.1214049, 35.3334047 ], [ 140.1213168, 35.3332647 ], [ 140.121099, 35.3331119 ], [ 140.1208179, 35.3330091 ], [ 140.1204076, 35.3328783 ], [ 140.1201565, 35.332738 ], [ 140.1200482, 35.332618 ], [ 140.1199688, 35.3324622 ], [ 140.1198707, 35.3319716 ], [ 140.119824, 35.331838 ], [ 140.1196863, 35.3315502 ], [ 140.119564, 35.3313597 ], [ 140.1193343, 35.3311633 ], [ 140.1182554, 35.3305191 ], [ 140.1181362, 35.3303855 ], [ 140.117854, 35.3299547 ], [ 140.1177029, 35.3297572 ], [ 140.1172307, 35.3292688 ], [ 140.1171257, 35.3290874 ], [ 140.1169126, 35.3289402 ], [ 140.1164882, 35.3287777 ], [ 140.116221, 35.3287438 ], [ 140.1158759, 35.328655 ], [ 140.1155657, 35.3286283 ], [ 140.1152473, 35.3286836 ], [ 140.1149484, 35.3286924 ], [ 140.1147171, 35.3286882 ], [ 140.114529, 35.3287141 ], [ 140.1139896, 35.3289649 ], [ 140.1137921, 35.3290983 ], [ 140.1135696, 35.3291855 ], [ 140.113361, 35.3292282 ], [ 140.1132793, 35.3292127 ], [ 140.1130888, 35.3291071 ], [ 140.1130193, 35.3290163 ], [ 140.1127279, 35.3285655 ], [ 140.1126696, 35.3284041 ], [ 140.1124776, 35.3281974 ], [ 140.1121043, 35.327863 ], [ 140.1119104, 35.3275446 ], [ 140.1117287, 35.327298 ], [ 140.1115343, 35.3271952 ], [ 140.1113154, 35.3271485 ], [ 140.1112651, 35.327061 ], [ 140.1112337, 35.3266502 ], [ 140.1112023, 35.3264652 ], [ 140.1112023, 35.3262341 ], [ 140.1113279, 35.3259516 ], [ 140.1113715, 35.3257485 ], [ 140.1113776, 35.3255638 ], [ 140.1111582, 35.3250244 ], [ 140.1111456, 35.3246957 ], [ 140.1110829, 35.3244727 ], [ 140.1110012, 35.3243749 ], [ 140.110857, 35.3242466 ], [ 140.1108006, 35.3242413 ], [ 140.1106879, 35.3243185 ], [ 140.1104309, 35.3245188 ], [ 140.1100987, 35.3248321 ], [ 140.1100234, 35.324863 ], [ 140.1090392, 35.3247038 ], [ 140.108544, 35.3245599 ], [ 140.1084667, 35.3245132 ], [ 140.1084293, 35.3244568 ], [ 140.1084918, 35.3240407 ], [ 140.1086548, 35.3237324 ], [ 140.108724, 35.3233204 ], [ 140.1086673, 35.3230124 ], [ 140.1086298, 35.3226413 ], [ 140.1086987, 35.3222971 ], [ 140.108912, 35.3216021 ], [ 140.1090437, 35.3213299 ], [ 140.109219, 35.3210935 ], [ 140.1095656, 35.3208082 ], [ 140.1098165, 35.3205774 ], [ 140.1098906, 35.3204735 ], [ 140.1099031, 35.3203093 ], [ 140.1098281, 35.3200627 ], [ 140.1096901, 35.3197904 ], [ 140.1095456, 35.319609 ], [ 140.1091467, 35.3191921 ], [ 140.1090648, 35.319353 ], [ 140.1088776, 35.3196288 ], [ 140.1086209, 35.3198927 ], [ 140.1084964, 35.3200066 ], [ 140.1083526, 35.320101 ], [ 140.10803, 35.3202291 ], [ 140.1076445, 35.3206702 ], [ 140.1074623, 35.3209632 ], [ 140.1072351, 35.3214613 ], [ 140.1070442, 35.3218502 ], [ 140.1067609, 35.322346 ], [ 140.1066734, 35.3225793 ], [ 140.1064837, 35.3228877 ], [ 140.1063303, 35.3230788 ], [ 140.1061262, 35.3231921 ], [ 140.1050806, 35.3234866 ], [ 140.1048545, 35.3235582 ], [ 140.1045773, 35.3237735 ], [ 140.1041103, 35.3241799 ], [ 140.1039206, 35.3243113 ], [ 140.1038334, 35.3244846 ], [ 140.103819, 35.3247118 ], [ 140.1038406, 35.3251841 ], [ 140.1039134, 35.3254169 ], [ 140.104017, 35.3256635 ], [ 140.1041765, 35.3259399 ], [ 140.104169, 35.3261013 ], [ 140.1041106, 35.3262091 ], [ 140.1040301, 35.3263196 ], [ 140.1038331, 35.326481 ], [ 140.1036362, 35.3268696 ], [ 140.1034976, 35.327001 ], [ 140.1033667, 35.3270727 ], [ 140.1031698, 35.3271027 ], [ 140.1021318, 35.3269294 ], [ 140.101519, 35.3267321 ], [ 140.1013659, 35.326768 ], [ 140.101147, 35.3268935 ], [ 140.1009273, 35.3271035 ], [ 140.1006648, 35.3273366 ], [ 140.1005992, 35.3274321 ], [ 140.1003926, 35.3279533 ], [ 140.1001226, 35.328318 ], [ 140.0999987, 35.3284316 ], [ 140.099882, 35.3284616 ], [ 140.099787, 35.3284616 ], [ 140.0997143, 35.328348 ], [ 140.0995976, 35.3282702 ], [ 140.0994223, 35.3282521 ], [ 140.0987954, 35.3285032 ], [ 140.0983067, 35.3285571 ], [ 140.0981609, 35.3284913 ], [ 140.0980515, 35.3283658 ], [ 140.0979262, 35.3273774 ], [ 140.097919, 35.3271446 ], [ 140.097897, 35.327073 ], [ 140.0977803, 35.3269713 ], [ 140.0975467, 35.3269174 ], [ 140.0973937, 35.3269174 ], [ 140.0971967, 35.3269594 ], [ 140.097029, 35.3270369 ], [ 140.0962981, 35.3278085 ], [ 140.0961523, 35.3280058 ], [ 140.0960276, 35.3282599 ], [ 140.09594, 35.3286185 ], [ 140.0958525, 35.3286902 ], [ 140.0956556, 35.3286963 ], [ 140.0954806, 35.3286605 ], [ 140.0952887, 35.3285405 ], [ 140.0950481, 35.3283252 ], [ 140.094822, 35.3282355 ], [ 140.0945451, 35.3282177 ], [ 140.0941728, 35.3282416 ], [ 140.0939251, 35.3283194 ], [ 140.0937353, 35.3285166 ], [ 140.0935603, 35.3288213 ], [ 140.0934648, 35.3293596 ], [ 140.0934281, 35.3296405 ], [ 140.0933917, 35.3296944 ], [ 140.0930553, 35.3299655 ], [ 140.0928584, 35.3302702 ], [ 140.0926614, 35.3304019 ], [ 140.0923987, 35.3305094 ], [ 140.0922309, 35.3305632 ], [ 140.0920048, 35.3306171 ], [ 140.0915942, 35.3306052 ], [ 140.0910106, 35.3305335 ], [ 140.0907117, 35.3305874 ], [ 140.0902448, 35.3307608 ], [ 140.090077, 35.3308505 ], [ 140.0900551, 35.3308802 ], [ 140.0902012, 35.3311441 ], [ 140.0905003, 35.3315385 ], [ 140.0907923, 35.3318566 ], [ 140.0909456, 35.3320719 ], [ 140.091077, 35.3324305 ], [ 140.0911718, 35.3325799 ], [ 140.0915806, 35.3331052 ], [ 140.091887, 35.3335655 ], [ 140.0919526, 35.3336433 ], [ 140.091948, 35.3336792 ], [ 140.1213883, 35.3336792 ], [ 140.1214151, 35.3335916 ] ] ] ] } },
{ "type": "Feature", "properties": { "A56_001": "12", "A56_002": "12219", "A56_003": "市原市", "A56_004": "1", "A56_005": "A", "A56_006": "千葉県告示第69号", "A56_007": "2025-05-26T00:00:00", "city": "市原市", "notice": "千葉県告示第69号", "date": "2025-05-26T00:00:00", "zone_code": "A", "layer": "embankment_regulation" }, "geometry": { "type": "Polygon", "coordinates": [ [ [ 140.1255798, 35.2440765 ], [ 140.12543, 35.2439448 ], [ 140.1253231, 35.2439098 ], [ 140.1251736, 35.2439448 ], [ 140.1250773, 35.2440326 ], [ 140.12481, 35.2442257 ], [ 140.1247886, 35.2443309 ], [ 140.1248956, 35.2444534 ], [ 140.1249597, 35.2445587 ], [ 140.1249598, 35.244629 ], [ 140.1248848, 35.244664 ], [ 140.1247245, 35.2447607 ], [ 140.124641, 35.2448258 ], [ 140.124147, 35.2454648 ], [ 140.1240828, 35.245614 ], [ 140.124072, 35.2457718 ], [ 140.124072, 35.2459298 ], [ 140.1239117, 35.2461576 ], [ 140.1239117, 35.2462276 ], [ 140.1240017, 35.2464476 ], [ 140.1243351, 35.2466226 ], [ 140.1243684, 35.2467593 ], [ 140.1243617, 35.2468632 ], [ 140.1242084, 35.2470001 ], [ 140.1239484, 35.2471259 ], [ 140.1231592, 35.2472804 ], [ 140.1224059, 35.2475265 ], [ 140.1222526, 35.2476192 ], [ 140.1222126, 35.2476956 ], [ 140.1222126, 35.2477723 ], [ 140.1222867, 35.2479659 ], [ 140.1226134, 35.2487073 ], [ 140.1226534, 35.249112 ], [ 140.1226867, 35.2492215 ], [ 140.1227404, 35.2492673 ], [ 140.122947, 35.2493331 ], [ 140.1230334, 35.2493823 ], [ 140.1230534, 35.2494862 ], [ 140.1230601, 35.2496065 ], [ 140.1229201, 35.2503523 ], [ 140.1229268, 35.2505987 ], [ 140.122969, 35.2507701 ], [ 140.1232212, 35.2513648 ], [ 140.1231635, 35.2516015 ], [ 140.123106, 35.2517906 ], [ 140.1229474, 35.2520506 ], [ 140.1228751, 35.2522162 ], [ 140.1229618, 35.2525351 ], [ 140.1229649, 35.2527012 ], [ 140.1228576, 35.2532992 ], [ 140.1228282, 35.2536426 ], [ 140.1227291, 35.2538254 ], [ 140.1224074, 35.2541604 ], [ 140.1219738, 35.2545562 ], [ 140.1217466, 35.254684 ], [ 140.1215899, 35.2548281 ], [ 140.1214299, 35.2550467 ], [ 140.1211177, 35.2553401 ], [ 140.1210413, 35.2554023 ], [ 140.120636, 35.2554284 ], [ 140.1205993, 35.2554862 ], [ 140.1205157, 35.2557392 ], [ 140.1205538, 35.2560201 ], [ 140.1205538, 35.2562073 ], [ 140.1204552, 35.2565284 ], [ 140.1204321, 35.2568718 ], [ 140.1204094, 35.2570029 ], [ 140.1203255, 35.2571854 ], [ 140.120196, 35.2574223 ], [ 140.1201808, 35.2575534 ], [ 140.1202266, 35.2578093 ], [ 140.120318, 35.258034 ], [ 140.1203866, 35.2582462 ], [ 140.1203866, 35.2583648 ], [ 140.1203027, 35.258629 ], [ 140.1201733, 35.2589473 ], [ 140.12012, 35.2592156 ], [ 140.1200544, 35.259442 ], [ 140.1199508, 35.2595704 ], [ 140.1198455, 35.2599742 ], [ 140.1197772, 35.2601492 ], [ 140.1197925, 35.260374 ], [ 140.1197391, 35.2605051 ], [ 140.11964, 35.2606673 ], [ 140.1193727, 35.2609176 ], [ 140.1190758, 35.2611359 ], [ 140.1188158, 35.2614187 ], [ 140.1187094, 35.2615498 ], [ 140.1186789, 35.2618867 ], [ 140.1185875, 35.2620928 ], [ 140.1185569, 35.2621864 ], [ 140.1186483, 35.2624612 ], [ 140.1186408, 35.262542 ], [ 140.1185797, 35.262762 ], [ 140.1184197, 35.2632051 ], [ 140.1184503, 35.2633923 ], [ 140.118595, 35.263642 ], [ 140.1187397, 35.2638542 ], [ 140.1191286, 35.2646876 ], [ 140.1192353, 35.2648687 ], [ 140.1195939, 35.2652898 ], [ 140.1197234, 35.2655459 ], [ 140.1197767, 35.2657517 ], [ 140.1199976, 35.2661198 ], [ 140.1200509, 35.266257 ], [ 140.1200281, 35.266332 ], [ 140.119929, 35.2663881 ], [ 140.1195784, 35.2666523 ], [ 140.1193803, 35.2668456 ], [ 140.1192967, 35.2669892 ], [ 140.1191898, 35.2673234 ], [ 140.119144, 35.2676606 ], [ 140.1190298, 35.2678537 ], [ 140.1188698, 35.2679973 ], [ 140.1190984, 35.2690334 ], [ 140.1190907, 35.269252 ], [ 140.1189129, 35.2696201 ], [ 140.1187432, 35.2697851 ], [ 140.118611, 35.2699603 ], [ 140.1184901, 35.2702617 ], [ 140.1184018, 35.2706176 ], [ 140.1180743, 35.271347 ], [ 140.1179168, 35.2718576 ], [ 140.1176704, 35.2722726 ], [ 140.1172865, 35.2727675 ], [ 140.1172926, 35.2728706 ], [ 140.1175068, 35.27318 ], [ 140.1176266, 35.2732678 ], [ 140.1178035, 35.2733153 ], [ 140.1181057, 35.2733464 ], [ 140.1182882, 35.2733928 ], [ 140.1184141, 35.2734547 ], [ 140.1185149, 35.2735631 ], [ 140.1186157, 35.2738536 ], [ 140.1187355, 35.2747097 ], [ 140.1187241, 35.2751128 ], [ 140.1186924, 35.2752622 ], [ 140.1186233, 35.2754142 ], [ 140.1183777, 35.2756153 ], [ 140.1182833, 35.275765 ], [ 140.1182644, 35.2758939 ], [ 140.118258, 35.276157 ], [ 140.118321, 35.2763478 ], [ 140.1186427, 35.2767878 ], [ 140.1187058, 35.2769892 ], [ 140.1187058, 35.2770923 ], [ 140.1187622, 35.2773503 ], [ 140.1188761, 35.2775889 ], [ 140.1189261, 35.2777386 ], [ 140.1189575, 35.2778675 ], [ 140.11892, 35.2788345 ], [ 140.1189264, 35.27926 ], [ 140.118983, 35.2795645 ], [ 140.119065, 35.2797964 ], [ 140.1193044, 35.2801428 ], [ 140.1195122, 35.2804678 ], [ 140.1195375, 35.2805867 ], [ 140.1195378, 35.2810948 ], [ 140.1195503, 35.2813578 ], [ 140.119695, 35.2816361 ], [ 140.1201925, 35.2822667 ], [ 140.1202681, 35.2824472 ], [ 140.1202934, 35.2825764 ], [ 140.120262, 35.2827311 ], [ 140.1201614, 35.2829028 ], [ 140.1198781, 35.2831192 ], [ 140.1195931, 35.2834361 ], [ 140.1192973, 35.2836322 ], [ 140.1190203, 35.2839934 ], [ 140.1189384, 35.284272 ], [ 140.1187301, 35.2845786 ], [ 140.1184656, 35.2848722 ], [ 140.1183081, 35.2851972 ], [ 140.118157, 35.285285 ], [ 140.1178992, 35.2854139 ], [ 140.117489, 35.2857931 ], [ 140.117294, 35.2866956 ], [ 140.1172373, 35.2867986 ], [ 140.1171112, 35.286902 ], [ 140.1168718, 35.2870275 ], [ 140.1160157, 35.2876311 ], [ 140.1157057, 35.2879164 ], [ 140.1154982, 35.2881486 ], [ 140.1154351, 35.2881847 ], [ 140.1148748, 35.2882414 ], [ 140.114749, 35.2883239 ], [ 140.1143076, 35.2891567 ], [ 140.1143204, 35.2893889 ], [ 140.1143896, 35.2896208 ], [ 140.1145657, 35.2897964 ], [ 140.1149563, 35.290013 ], [ 140.1152079, 35.2901108 ], [ 140.1163929, 35.2902144 ], [ 140.1164057, 35.2902506 ], [ 140.1163618, 35.2906964 ], [ 140.1162924, 35.2910886 ], [ 140.1161282, 35.2913017 ], [ 140.1158827, 35.2915544 ], [ 140.1157065, 35.2916628 ], [ 140.1154232, 35.2917553 ], [ 140.1152782, 35.2918636 ], [ 140.1152155, 35.292003 ], [ 140.1151588, 35.2922352 ], [ 140.1151902, 35.2931714 ], [ 140.1151713, 35.2933725 ], [ 140.115058, 35.2937208 ], [ 140.1149069, 35.2940664 ], [ 140.1148816, 35.2942005 ], [ 140.1149258, 35.2942986 ], [ 140.1151019, 35.2944069 ], [ 140.1152594, 35.2945308 ], [ 140.1153355, 35.2946872 ], [ 140.1154991, 35.2952336 ], [ 140.1155872, 35.295378 ], [ 140.1157447, 35.2954864 ], [ 140.1158836, 35.2956744 ], [ 140.1161291, 35.2961591 ], [ 140.1161861, 35.2963928 ], [ 140.1162741, 35.2966969 ], [ 140.1162678, 35.2968105 ], [ 140.1162428, 35.2969341 ], [ 140.1159583, 35.2972514 ], [ 140.1156625, 35.2974989 ], [ 140.1155492, 35.2976847 ], [ 140.1155114, 35.2978497 ], [ 140.1157128, 35.2982675 ], [ 140.1158575, 35.2984377 ], [ 140.116015, 35.2985875 ], [ 140.1160784, 35.2987952 ], [ 140.1160784, 35.2990016 ], [ 140.1161539, 35.2991769 ], [ 140.1163809, 35.2995964 ], [ 140.1164437, 35.299808 ], [ 140.1164186, 35.3000297 ], [ 140.1164626, 35.3001691 ], [ 140.1166517, 35.3004491 ], [ 140.1168784, 35.3006194 ], [ 140.1169476, 35.3007844 ], [ 140.1170423, 35.3011833 ], [ 140.1170926, 35.3014722 ], [ 140.1170676, 35.3016219 ], [ 140.116734, 35.3021797 ], [ 140.1166392, 35.3023158 ], [ 140.1166392, 35.3025169 ], [ 140.1168029, 35.3028111 ], [ 140.1171176, 35.3030536 ], [ 140.1172498, 35.3031774 ], [ 140.1172812, 35.3033372 ], [ 140.1172754, 35.3034574 ], [ 140.1171054, 35.3038497 ], [ 140.1170548, 35.3041433 ], [ 140.1170045, 35.3043447 ], [ 140.1170298, 35.304458 ], [ 140.1171509, 35.3047349 ], [ 140.117434, 35.3051838 ], [ 140.1175538, 35.3052872 ], [ 140.1176985, 35.3053438 ], [ 140.1178999, 35.3053594 ], [ 140.1182774, 35.3052252 ], [ 140.1184096, 35.30522 ], [ 140.1185418, 35.3052355 ], [ 140.1188207, 35.3053702 ], [ 140.1190285, 35.3055197 ], [ 140.1191607, 35.3055558 ], [ 140.1195007, 35.3055766 ], [ 140.1198532, 35.3056797 ], [ 140.1199601, 35.3056849 ], [ 140.1200421, 35.3056797 ], [ 140.1201932, 35.3056074 ], [ 140.1202876, 35.3055919 ], [ 140.1204199, 35.3055972 ], [ 140.1205582, 35.3056386 ], [ 140.1207974, 35.3058552 ], [ 140.1211754, 35.3062174 ], [ 140.1214588, 35.3065889 ], [ 140.1217471, 35.3068522 ], [ 140.1218526, 35.3069252 ], [ 140.1220452, 35.3071686 ], [ 140.1221502, 35.3073716 ], [ 140.1221502, 35.3075722 ], [ 140.1222549, 35.3081736 ], [ 140.1222199, 35.308503 ], [ 140.1221849, 35.3087352 ], [ 140.1223249, 35.3091936 ], [ 140.1223074, 35.3093941 ], [ 140.1222549, 35.3096377 ], [ 140.1222635, 35.3097761 ], [ 140.1225257, 35.3101338 ], [ 140.1225783, 35.3102772 ], [ 140.1225083, 35.310406 ], [ 140.122421, 35.3105924 ], [ 140.1222986, 35.3111797 ], [ 140.1222636, 35.3114233 ], [ 140.1223336, 35.3116955 ], [ 140.1222986, 35.3121063 ], [ 140.1221588, 35.3124788 ], [ 140.1220191, 35.313138 ], [ 140.1221064, 35.3133958 ], [ 140.1221414, 35.3137108 ], [ 140.1220714, 35.3137966 ], [ 140.1217472, 35.3138522 ], [ 140.1215941, 35.3138216 ], [ 140.1209716, 35.3138933 ], [ 140.1203508, 35.3140783 ], [ 140.1200125, 35.3142016 ], [ 140.1196803, 35.3144277 ], [ 140.1193042, 35.3146227 ], [ 140.1190703, 35.3147108 ], [ 140.1188258, 35.3148238 ], [ 140.118732, 35.314911 ], [ 140.1185878, 35.3152708 ], [ 140.1184561, 35.3158227 ], [ 140.1183309, 35.316018 ], [ 140.1181742, 35.3161669 ], [ 140.1181239, 35.3161771 ], [ 140.1178859, 35.3161307 ], [ 140.1176037, 35.3160283 ], [ 140.1173886, 35.315821 ], [ 140.1171314, 35.3155438 ], [ 140.1169622, 35.3155027 ], [ 140.1166989, 35.315518 ], [ 140.1164106, 35.3154718 ], [ 140.1162539, 35.3153588 ], [ 140.1161161, 35.3150196 ], [ 140.1160408, 35.3149735 ], [ 140.1158653, 35.3149171 ], [ 140.1156397, 35.314811 ], [ 140.1147225, 35.3145154 ], [ 140.1145533, 35.3144024 ], [ 140.1143903, 35.3142227 ], [ 140.1142714, 35.3141302 ], [ 140.1140689, 35.3140366 ], [ 140.1138497, 35.3139543 ], [ 140.1133608, 35.3138157 ], [ 140.1131289, 35.3137746 ], [ 140.1129775, 35.3137677 ], [ 140.1128025, 35.3138535 ], [ 140.1126086, 35.3139235 ], [ 140.1124017, 35.3139593 ], [ 140.1119808, 35.3141663 ], [ 140.1118606, 35.3142107 ], [ 140.1117267, 35.3142107 ], [ 140.1115458, 35.3141391 ], [ 140.1113578, 35.3140774 ], [ 140.111032, 35.3140774 ], [ 140.1107186, 35.3140927 ], [ 140.1103514, 35.3142316 ], [ 140.1101247, 35.3142554 ], [ 140.1099036, 35.3142466 ], [ 140.1097594, 35.3141799 ], [ 140.1094836, 35.3139488 ], [ 140.1093411, 35.3139016 ], [ 140.1092016, 35.3138304 ], [ 140.1090733, 35.3136924 ], [ 140.1089553, 35.3134693 ], [ 140.1089239, 35.3132024 ], [ 140.10887, 35.3130768 ], [ 140.1087878, 35.3129635 ], [ 140.10846, 35.312776 ], [ 140.1081152, 35.3126218 ], [ 140.1078958, 35.3125552 ], [ 140.1077016, 35.3125704 ], [ 140.1074572, 35.3126938 ], [ 140.1071875, 35.3129504 ], [ 140.1069933, 35.3132743 ], [ 140.1068802, 35.3133563 ], [ 140.1067594, 35.3134035 ], [ 140.1063019, 35.3135371 ], [ 140.1060714, 35.313578 ], [ 140.1056436, 35.3136963 ], [ 140.1053983, 35.3138002 ], [ 140.1051414, 35.3140777 ], [ 140.104903, 35.314468 ], [ 140.1050514, 35.3147485 ], [ 140.1050475, 35.3149271 ], [ 140.1049536, 35.315451 ], [ 140.1049972, 35.3155846 ], [ 140.1051039, 35.3157079 ], [ 140.1052231, 35.315921 ], [ 140.1052858, 35.3161316 ], [ 140.1052606, 35.3162599 ], [ 140.1050161, 35.3165318 ], [ 140.1047264, 35.3169288 ], [ 140.1043692, 35.3172216 ], [ 140.1042, 35.3173243 ], [ 140.1039103, 35.3173496 ], [ 140.1028108, 35.3173621 ], [ 140.1015725, 35.3173093 ], [ 140.1014597, 35.3173657 ], [ 140.1012833, 35.3180196 ], [ 140.1013355, 35.318388 ], [ 140.1014058, 35.3186363 ], [ 140.1014264, 35.3188424 ], [ 140.1014403, 35.3191416 ], [ 140.1013478, 35.3197191 ], [ 140.1014028, 35.3204329 ], [ 140.1014306, 35.320554 ], [ 140.1014717, 35.3206202 ], [ 140.1016122, 35.3206491 ], [ 140.1019592, 35.3206118 ], [ 140.1026706, 35.3205821 ], [ 140.1031609, 35.3204468 ], [ 140.1034917, 35.3203407 ], [ 140.1036797, 35.3202482 ], [ 140.1039931, 35.3200327 ], [ 140.104265, 35.3198832 ], [ 140.104572, 35.3198318 ], [ 140.104835, 35.3198729 ], [ 140.1050231, 35.3200013 ], [ 140.1050848, 35.3200329 ], [ 140.1051528, 35.3200446 ], [ 140.1054503, 35.3199988 ], [ 140.1059572, 35.3199396 ], [ 140.1061953, 35.3198832 ], [ 140.1065417, 35.3197527 ], [ 140.1067803, 35.3196399 ], [ 140.1072795, 35.3193871 ], [ 140.1074128, 35.3193013 ], [ 140.1077614, 35.3190518 ], [ 140.1079081, 35.3189624 ], [ 140.1082751, 35.3189221 ], [ 140.108542, 35.3189404 ], [ 140.1088237, 35.3189207 ], [ 140.1089378, 35.3189463 ], [ 140.1091467, 35.3191921 ], [ 140.1095456, 35.319609 ], [ 140.1096901, 35.3197904 ], [ 140.1098281, 35.3200627 ], [ 140.1099031, 35.3203093 ], [ 140.1098906, 35.3204735 ], [ 140.1098165, 35.3205774 ], [ 140.1095656, 35.3208082 ], [ 140.109219, 35.3210935 ], [ 140.1090437, 35.3213299 ], [ 140.108912, 35.3216021 ], [ 140.1086987, 35.3222971 ], [ 140.1086298, 35.3226413 ], [ 140.1086673, 35.3230124 ], [ 140.108724, 35.3233204 ], [ 140.1086548, 35.3237324 ], [ 140.1084918, 35.3240407 ], [ 140.1084293, 35.3244568 ], [ 140.1084667, 35.3245132 ], [ 140.108544, 35.3245599 ], [ 140.1090392, 35.3247038 ], [ 140.1100234, 35.324863 ], [ 140.1100987, 35.3248321 ], [ 140.1104309, 35.3245188 ], [ 140.1106879, 35.3243185 ], [ 140.1108006, 35.3242413 ], [ 140.110857, 35.3242466 ], [ 140.1110012, 35.3243749 ], [ 140.1110829, 35.3244727 ], [ 140.1111456, 35.3246957 ], [ 140.1111582, 35.3250244 ], [ 140.1113776, 35.3255638 ], [ 140.1113715, 35.3257485 ], [ 140.1113279, 35.3259516 ], [ 140.1112023, 35.3262341 ], [ 140.1112023, 35.3264652 ], [ 140.1112337, 35.3266502 ], [ 140.1112651, 35.327061 ], [ 140.1113154, 35.3271485 ], [ 140.1115343, 35.3271952 ], [ 140.1117287, 35.327298 ], [ 140.1119104, 35.3275446 ], [ 140.1121043, 35.327863 ], [ 140.1124776, 35.3281974 ], [ 140.1126696, 35.3284041 ], [ 140.1127279, 35.3285655 ], [ 140.1130193, 35.3290163 ], [ 140.1130888, 35.3291071 ], [ 140.1132793, 35.3292127 ], [ 140.113361, 35.3292282 ], [ 140.1135696, 35.3291855 ], [ 140.1137921, 35.3290983 ], [ 140.1139896, 35.3289649 ], [ 140.114529, 35.3287141 ], [ 140.1147171, 35.3286882 ], [ 140.1149484, 35.3286924 ], [ 140.1152473, 35.3286836 ], [ 140.1155657, 35.3286283 ], [ 140.1158759, 35.328655 ], [ 140.116221, 35.3287438 ], [ 140.1164882, 35.3287777 ], [ 140.1169126, 35.3289402 ], [ 140.1171257, 35.3290874 ], [ 140.1172307, 35.3292688 ], [ 140.1177029, 35.3297572 ], [ 140.117854, 35.3299547 ], [ 140.1181362, 35.3303855 ], [ 140.1182554, 35.3305191 ], [ 140.1193343, 35.3311633 ], [ 140.119564, 35.3313597 ], [ 140.1196863, 35.3315502 ], [ 140.119824, 35.331838 ], [ 140.1198707, 35.3319716 ], [ 140.1199688, 35.3324622 ], [ 140.1200482, 35.332618 ], [ 140.1201565, 35.332738 ], [ 140.1204076, 35.3328783 ], [ 140.1208179, 35.3330091 ], [ 140.121099, 35.3331119 ], [ 140.1213168, 35.3332647 ], [ 140.1214049, 35.3334047 ], [ 140.1214151, 35.3335916 ], [ 140.1213883, 35.3336792 ], [ 140.1256306, 35.3336792 ], [ 140.1256306, 35.2440973 ], [ 140.1255798, 35.2440765 ] ] ] } }
]
}
