{"type":"FeatureCollection","name":"historical_admin","crs":{"type":"name","properties":{"name":"urn:ogc:def:crs:OGC:1.3:CRS84"}},"xy_coordinate_resolution":1e-07,"features":[{"type":"Feature","properties":{"N03_001":"千葉県","N03_002":null,"N03_003":"安房郡","N03_004":"西條村","N03_005":"1889-04-01","N03_006":"1954-07-01","N03_007":"12000","name":"西條村","county":"安房郡","start":"1889-04-01","end":"1954-07-01","layer":"historical_admin"},"geometry":{"type":"Polygon","coordinates":[[[140.0927536,35.1695056],[140.0925015,35.1684761],[140.0923364,35.1675607],[140.0927248,35.1663934],[140.0926967,35.16629],[140.0625204,35.16629],[140.0630914,35.1671536],[140.063148,35.1674906],[140.0643292,35.1679128],[140.0649194,35.1679039],[140.0650945,35.1680206],[140.0652694,35.168335],[140.0654445,35.1688381],[140.0655978,35.1698711],[140.0662539,35.1698711],[140.0663242,35.1699772],[140.0663897,35.1702283],[140.0664995,35.1703542],[140.0666197,35.170435],[140.066773,35.170435],[140.0669264,35.1703811],[140.0670139,35.1703811],[140.0671014,35.1705158],[140.0671561,35.1706956],[140.0672328,35.1708214],[140.0673533,35.1709022],[140.0674847,35.1709472],[140.0676814,35.1709472],[140.0678128,35.170965],[140.0681086,35.1710458],[140.0681414,35.1711],[140.0681414,35.1712436],[140.0680103,35.1714781],[140.067978,35.1715775],[140.0679892,35.1716494],[140.0683175,35.1718919],[140.068635,35.1721975],[140.0691611,35.1725939],[140.06961,35.1728903],[140.0696755,35.1730069],[140.0697414,35.1733664],[140.0697961,35.1735369],[140.0702681,35.1740417],[140.0704103,35.1740956],[140.0706731,35.1740775],[140.0709247,35.1739878],[140.0715631,35.1734944],[140.0716617,35.1734944],[140.071782,35.1735392],[140.0719133,35.1736111],[140.0721433,35.1737725],[140.0722528,35.1739072],[140.0726908,35.1740331],[140.0728003,35.1741231],[140.0730083,35.1743925],[140.0731289,35.1744822],[140.0732603,35.1745003],[140.0735339,35.1745003],[140.0737767,35.1744394],[140.0739628,35.1743494],[140.0741269,35.1743406],[140.0744008,35.1744214],[140.0747403,35.1745472],[140.0749592,35.1746731],[140.0750578,35.1748167],[140.0750686,35.1750414],[140.0751233,35.1753108],[140.0751781,35.1753647],[140.0753425,35.1753917],[140.0755722,35.1753828],[140.0757255,35.1753019],[140.0758242,35.1751761],[140.0761089,35.1750592],[140.0762839,35.1749606],[140.0767222,35.1747539],[140.0769847,35.1747089],[140.0771381,35.1746369],[140.0774119,35.1744572],[140.0775322,35.1743583],[140.0777511,35.1742506],[140.0779922,35.1741789],[140.0780906,35.1741069],[140.0781697,35.1739264],[140.0781586,35.17372],[140.0781039,35.1734775],[140.0780931,35.1733158],[140.0781258,35.1730822],[140.0782025,35.1729653],[140.07829,35.1728936],[140.07852,35.1728756],[140.0787717,35.1729294],[140.0789578,35.1728936],[140.0794331,35.1727397],[140.0795972,35.1726589],[140.0797067,35.1725511],[140.07986,35.1724792],[140.0801008,35.1723264],[140.0803089,35.1722817],[140.0804842,35.1722906],[140.0806592,35.1723444],[140.0808014,35.1724253],[140.0810531,35.1724972],[140.0812064,35.1724164],[140.0813489,35.1722097],[140.0814267,35.1719833],[140.0815581,35.1719206],[140.0818317,35.1718667],[140.0822258,35.1718486],[140.0824886,35.1717589],[140.0827622,35.1716419],[140.083025,35.171615],[140.0835289,35.1716242],[140.0838133,35.171705],[140.0840242,35.1718397],[140.0841447,35.1718844],[140.0842867,35.1718844],[140.0846261,35.1717408],[140.0849328,35.1715611],[140.0851078,35.1714083],[140.0852283,35.1712017],[140.08524,35.1711106],[140.0853714,35.1710028],[140.0855247,35.1709219],[140.0856997,35.1709131],[140.0858639,35.1709578],[140.0861378,35.1710656],[140.0863458,35.1710478],[140.0865428,35.1709578],[140.0870683,35.1705806],[140.0873422,35.1704458],[140.0875392,35.17032],[140.0875939,35.1701675],[140.0877253,35.1700328],[140.088135,35.1697897],[140.0893175,35.1695514],[140.089775,35.1690656],[140.090757,35.1683419],[140.0909131,35.1683419],[140.0912478,35.1685067],[140.0917833,35.1689006],[140.0920508,35.1693222],[140.0923297,35.1694506],[140.0927536,35.1695056]]]}},{"type":"Feature","properties":{"N03_001":"千葉県","N03_002":null,"N03_003":"安房郡","N03_004":"東條村","N03_005":"1889-04-01","N03_006":"1954-07-01","N03_007":"12000","name":"東條村","county":"安房郡","start":"1889-04-01","end":"1954-07-01","layer":"historical_admin"},"geometry":{"type":"Polygon","coordinates":[[[140.0927248,35.1663934],[140.0923364,35.1675607],[140.0925015,35.1684761],[140.0927536,35.1695056],[140.0933897,35.1695606],[140.093903,35.1697072],[140.094182,35.1698081],[140.095083,35.1703103],[140.0952583,35.1703642],[140.0954336,35.1703733],[140.0958386,35.1705169],[140.0959481,35.1705978],[140.0959808,35.1707236],[140.0959481,35.1709122],[140.0958714,35.1711008],[140.0958605,35.1711817],[140.0959372,35.1713167],[140.0961014,35.1716939],[140.0960794,35.1718822],[140.0960356,35.1720636],[140.0956853,35.1726925],[140.0956961,35.1728183],[140.0957508,35.1730158],[140.0958495,35.1731147],[140.0961669,35.1733661],[140.0964844,35.17379],[140.0965392,35.1739247],[140.0964733,35.1741403],[140.0962105,35.1745725],[140.0961008,35.1748331],[140.0960681,35.1750144],[140.0960681,35.1752481],[140.0961339,35.1755625],[140.0962214,35.1757781],[140.096495,35.1761644],[140.0966814,35.176545],[140.0966922,35.1766531],[140.0966483,35.1769853],[140.0966595,35.1772997],[140.0966922,35.1775422],[140.096747,35.1777669],[140.0968347,35.1779747],[140.0969442,35.1780464],[140.0974808,35.1783158],[140.0975575,35.1784594],[140.0976231,35.1786392],[140.0976669,35.1786661],[140.0977544,35.178675],[140.0983153,35.1785336],[140.0984247,35.1785606],[140.098753,35.1787042],[140.0988517,35.1787222],[140.0988956,35.1787581],[140.0989611,35.17883],[140.0989503,35.1789378],[140.0989064,35.1791356],[140.098775,35.1794431],[140.0988081,35.1795508],[140.0990161,35.1799733],[140.0991145,35.1800272],[140.0993222,35.1800181],[140.0994208,35.1800811],[140.0995961,35.1802517],[140.0998383,35.1805956],[140.0999261,35.1806133],[140.100145,35.1805686],[140.1002655,35.1806314],[140.1004186,35.1807661],[140.1005064,35.1809008],[140.1006267,35.1809908],[140.1007692,35.1810178],[140.1009881,35.1809908],[140.1011853,35.180865],[140.1015903,35.1807483],[140.1017242,35.1807575],[140.1019103,35.1808833],[140.1021403,35.1810989],[140.10237,35.1812247],[140.102622,35.1812697],[140.1029064,35.1812697],[140.1030267,35.1813325],[140.1032347,35.1815208],[140.1034867,35.1816558],[140.1035961,35.1816558],[140.1037056,35.1816019],[140.1038478,35.1814764],[140.1039136,35.1813864],[140.104067,35.1813056],[140.1043953,35.1811978],[140.1044939,35.1811258],[140.1045597,35.1806678],[140.1045386,35.1805683],[140.1046153,35.1803708],[140.1047139,35.1802719],[140.104958,35.1802092],[140.1052317,35.1802272],[140.105385,35.1802181],[140.1055383,35.1801822],[140.105845,35.1801822],[140.1059872,35.1802003],[140.1061953,35.1801372],[140.1063158,35.1800294],[140.1064361,35.1799758],[140.1067428,35.1799758],[140.1068742,35.1800656],[140.106918,35.1801822],[140.1070167,35.1802894],[140.10717,35.1803433],[140.1077286,35.1802264],[140.1078928,35.1802625],[140.1080569,35.1804061],[140.1082758,35.1805319],[140.1087139,35.1806219],[140.1090533,35.1807117],[140.1093833,35.1805406],[140.1094711,35.18046],[140.1095695,35.1803164],[140.1096461,35.1801367],[140.1097008,35.1799569],[140.109887,35.1796514],[140.1100622,35.1794986],[140.1101497,35.1794808],[140.1106686,35.1797589],[140.1108878,35.1798308],[140.1110628,35.1799386],[140.1112378,35.1800911],[140.1117414,35.1802261],[140.1119386,35.1803247],[140.1121903,35.1803786],[140.1123108,35.1803878],[140.1127158,35.1802531],[140.1129678,35.1802081],[140.1131867,35.1801361],[140.1134714,35.1800014],[140.1136683,35.1800194],[140.1137781,35.1800911],[140.1138875,35.1801992],[140.1140078,35.1803608],[140.1141172,35.1804506],[140.1142508,35.1805228],[140.1172778,35.1785833],[140.1192222,35.1763611],[140.1197778,35.1749722],[140.1206111,35.1749722],[140.1217222,35.1741389],[140.1228333,35.1730278],[140.1231111,35.1699722],[140.1222778,35.1691389],[140.1233889,35.1691389],[140.1242222,35.1685833],[140.1245,35.1674722],[140.1256306,35.1675592],[140.1256306,35.16629],[140.0926967,35.16629],[140.0927248,35.1663934]]]}},{"type":"Feature","properties":{"N03_001":"千葉県","N03_002":null,"N03_003":"君津郡","N03_004":"豊岡村","N03_005":"1889-04-01","N03_006":"1926-04-24","N03_007":"12000","name":"豊岡村","county":"君津郡","start":"1889-04-01","end":"1926-04-24","layer":"historical_admin"},"geometry":{"type":"Polygon","coordinates":[[[139.9386707,35.2049722],[139.9393826,35.2046084],[139.9400763,35.203934],[139.9407255,35.2039101],[139.9431032,35.2040196],[139.9440488,35.2033769],[139.9447781,35.2027324],[139.9456485,35.2023257],[139.9482676,35.2004845],[139.9503376,35.1992894],[139.9513893,35.1987955],[139.9521386,35.1993937],[139.9530753,35.1994314],[139.9539851,35.1987588],[139.9549658,35.1981755],[139.9565213,35.1977451],[139.9579967,35.1979353],[139.9602928,35.1987835],[139.9610218,35.1990832],[139.9616798,35.1989969],[139.9624146,35.1988565],[139.9628302,35.1988513],[139.9635537,35.1988709],[139.9640332,35.1984064],[139.9645748,35.1980059],[139.9648089,35.1978537],[139.9650569,35.197837],[139.9658171,35.1979451],[139.966598,35.1979836],[139.9671584,35.1980369],[139.9676959,35.1981373],[139.9682149,35.1980569],[139.9687747,35.1975641],[139.9690775,35.1972708],[139.9695732,35.1969644],[139.9699819,35.1968914],[139.9706224,35.1966434],[139.9713479,35.1964126],[139.971396,35.1963412],[139.9723926,35.1963195],[139.9727509,35.1962954],[139.973224,35.196309],[139.9739524,35.1966468],[139.9746921,35.1968245],[139.9756064,35.1970814],[139.9760841,35.1971403],[139.9764998,35.1971351],[139.9770991,35.1970264],[139.9774503,35.1969345],[139.9784785,35.1964102],[139.9797342,35.1959388],[139.9805306,35.1955893],[139.9810791,35.1952566],[139.9815173,35.1949312],[139.9819372,35.1946982],[139.9829312,35.1943809],[139.9834893,35.1944115],[139.9837718,35.1944607],[139.9843714,35.194625],[139.9848355,35.1948213],[139.9852837,35.1951324],[139.9860168,35.1955152],[139.9884122,35.195604],[139.9892528,35.1956837],[139.9900845,35.1959462],[139.990707,35.1960635],[139.9918899,35.1962339],[139.9925423,35.1963719],[139.9931292,35.1965642],[139.9937325,35.1964783],[139.9954556,35.1959233],[139.9957611,35.1958625],[139.9959464,35.1957561],[139.9961417,35.1951514],[139.9963269,35.1942775],[139.9965122,35.1940722],[139.9967569,35.1939269],[139.9968536,35.1938447],[139.9968942,35.1936544],[139.9970453,35.1935303],[139.9971564,35.1933483],[139.997237,35.1931414],[139.9973681,35.1925044],[139.9973683,35.1917331],[139.9973178,35.1915344],[139.997328,35.1912697],[139.9973683,35.1909386],[139.9973683,35.19043],[139.9972575,35.18976],[139.9971567,35.1895614],[139.9971164,35.1894453],[139.9971567,35.189255],[139.9971567,35.1889653],[139.9970661,35.1887314],[139.9969853,35.1885739],[139.9969653,35.1883672],[139.9970558,35.1881189],[139.9970861,35.1878128],[139.9970658,35.1875139],[139.9970056,35.1873567],[139.9965164,35.1865958],[139.9963097,35.1864725],[139.996142,35.1864319],[139.9959133,35.1864422],[139.995852,35.1863686],[139.9958403,35.1861686],[139.9961206,35.1854686],[139.9958314,35.1849386],[139.9957339,35.1845606],[139.9957297,35.1841039],[139.9961805,35.183365],[139.9962358,35.1828267],[139.9962228,35.1823956],[139.9958603,35.1820569],[139.9958039,35.1818203],[139.995942,35.1806581],[139.996135,35.1800319],[139.9967575,35.1795578],[139.9970247,35.1794681],[139.9972328,35.1793781],[139.997375,35.1792883],[139.9976158,35.1789381],[139.9978239,35.1788483],[139.9981094,35.178785],[139.9983942,35.178695],[139.9986786,35.1786411],[139.9989197,35.1785692],[139.9990619,35.1784525],[139.9991714,35.1782817],[139.9993028,35.1778236],[139.99927,35.1776528],[139.9991386,35.1774197],[139.9990733,35.1772283],[139.9990842,35.1768331],[139.9991828,35.1765544],[139.9991828,35.1763119],[139.999128,35.1760156],[139.9990075,35.1757789],[139.9988545,35.1755967],[139.9988325,35.1753989],[139.9989419,35.1748869],[139.9989639,35.1745814],[139.9989533,35.1743119],[139.9989642,35.1740694],[139.9990083,35.1739519],[139.9991725,35.1738442],[139.999435,35.1737183],[139.9995553,35.1736014],[139.9996867,35.1734039],[139.9998947,35.17326],[140.0001692,35.172765],[140.0002786,35.1726661],[140.000432,35.1726486],[140.00064,35.1726842],[140.0007603,35.1726306],[140.0008706,35.1725303],[140.0009253,35.1723506],[140.0008597,35.1714217],[140.0007283,35.1708831],[140.000575,35.1706403],[140.0002689,35.1702361],[139.9997819,35.1694061],[139.9995394,35.1691075],[139.9993853,35.1685106],[139.9992564,35.1682511],[139.99911,35.1680944],[139.9984603,35.1675786],[139.9984053,35.1674339],[139.9984603,35.1671356],[139.9986694,35.1666469],[139.9990469,35.16629],[139.9439385,35.16629],[139.9439864,35.1669367],[139.9435034,35.1678576],[139.9434546,35.1684626],[139.9437854,35.169811],[139.9438377,35.1705179],[139.9436418,35.1714076],[139.9427503,35.1738217],[139.9416406,35.1756789],[139.9414756,35.1773426],[139.9410411,35.1792562],[139.9406798,35.1818431],[139.9409994,35.1824682],[139.9412982,35.1831268],[139.9412533,35.1834291],[139.9410637,35.1838311],[139.9409356,35.1842337],[139.9409301,35.1846541],[139.940761,35.1850563],[139.9402179,35.1858588],[139.9396325,35.1867619],[139.9397273,35.1873514],[139.9398655,35.1877563],[139.9398554,35.1885299],[139.9395845,35.1888807],[139.9391502,35.1891964],[139.9386749,35.1895118],[139.9379962,35.1897077],[139.9374603,35.1899553],[139.9371463,35.1904739],[139.9371377,35.1911298],[139.937205,35.1922572],[139.9374017,35.1928813],[139.9375599,35.19332],[139.9377604,35.1936581],[139.9381043,35.1939975],[139.9386313,35.1944394],[139.9391948,35.195218],[139.9394343,35.1957079],[139.9394302,35.1960274],[139.9385496,35.197567],[139.9382567,35.1980354],[139.9381269,35.1985556],[139.9380151,35.1992779],[139.9377224,35.1997294],[139.9373351,35.2001956],[139.9371412,35.2009135],[139.9371338,35.2014816],[139.9374062,35.2018249],[139.9376756,35.2023954],[139.9379009,35.202814],[139.9383505,35.203727],[139.9386707,35.2049722]]]}},{"type":"Feature","properties":{"N03_001":"千葉県","N03_002":null,"N03_003":"君津郡","N03_004":"三島村","N03_005":"1889-04-01","N03_006":"1955-03-31","N03_007":"12000","name":"三島村","county":"君津郡","start":"1889-04-01","end":"1955-03-31","layer":"historical_admin"},"geometry":{"type":"Polygon","coordinates":[[[140.0542599,35.2088582],[140.0534351,35.2080551],[140.0530519,35.2075413],[140.0525646,35.2070733],[140.0522714,35.206719],[140.0519355,35.2062242],[140.051814,35.2057216],[140.0517991,35.2056059],[140.0515743,35.2051468],[140.0514271,35.2046267],[140.051339,35.2041889],[140.0512531,35.2035651],[140.0512205,35.2029527],[140.0512354,35.2022805],[140.0510696,35.20164],[140.051052,35.200891],[140.0511839,35.2004763],[140.0512394,35.1998959],[140.0504367,35.1992298],[140.0501269,35.1988934],[140.0497922,35.1982856],[140.0496081,35.1979996],[140.0495189,35.1975741],[140.049468,35.1971443],[140.0494565,35.1966493],[140.0493797,35.1957193],[140.0492866,35.1954386],[140.0492046,35.1948187],[140.0492579,35.1938288],[140.0498906,35.1925484],[140.0502174,35.1916732],[140.0504411,35.191245],[140.0503258,35.190661],[140.0501336,35.1900856],[140.049615,35.1891919],[140.049632,35.1879803],[140.0493288,35.1863688],[140.049225,35.1857352],[140.049008,35.1848884],[140.0487336,35.18429],[140.0481755,35.1835136],[140.0476078,35.1831575],[140.0467772,35.1827502],[140.0461981,35.1824439],[140.0456856,35.1820655],[140.0453977,35.1817428],[140.045011,35.181415],[140.044776,35.1812961],[140.0441473,35.1804469],[140.0439333,35.1798578],[140.04371,35.1790923],[140.043621,35.17807],[140.0431699,35.1775881],[140.0425661,35.1770103],[140.0420288,35.1763606],[140.0417254,35.1759428],[140.0411466,35.1750397],[140.0407654,35.1741467],[140.0406409,35.1733864],[140.0405028,35.1729018],[140.0404769,35.1727434],[140.0403659,35.1723041],[140.0401757,35.1720996],[140.0393182,35.1716469],[140.0380844,35.1709297],[140.0372913,35.1706311],[140.0365772,35.1700978],[140.0359516,35.1695063],[140.0356608,35.1689258],[140.0353097,35.168336],[140.0351062,35.1678103],[140.0347833,35.1671527],[140.0345527,35.1665817],[140.0343223,35.16629],[139.9990469,35.16629],[139.9986694,35.1666469],[139.9984603,35.1671356],[139.9984053,35.1674339],[139.9984603,35.1675786],[139.99911,35.1680944],[139.9992564,35.1682511],[139.9993853,35.1685106],[139.9995394,35.1691075],[139.9997819,35.1694061],[140.0002689,35.1702361],[140.000575,35.1706403],[140.0007283,35.1708831],[140.0008597,35.1714217],[140.0009253,35.1723506],[140.0008706,35.1725303],[140.0007603,35.1726306],[140.00064,35.1726842],[140.000432,35.1726486],[140.0002786,35.1726661],[140.0001692,35.172765],[139.9998947,35.17326],[139.9996867,35.1734039],[139.9995553,35.1736014],[139.999435,35.1737183],[139.9991725,35.1738442],[139.9990083,35.1739519],[139.9989642,35.1740694],[139.9989533,35.1743119],[139.9989639,35.1745814],[139.9989419,35.1748869],[139.9988325,35.1753989],[139.9988545,35.1755967],[139.9990075,35.1757789],[139.999128,35.1760156],[139.9991828,35.1763119],[139.9991828,35.1765544],[139.9990842,35.1768331],[139.9990733,35.1772283],[139.9991386,35.1774197],[139.99927,35.1776528],[139.9993028,35.1778236],[139.9991714,35.1782817],[139.9990619,35.1784525],[139.9989197,35.1785692],[139.9986786,35.1786411],[139.9983942,35.178695],[139.9981094,35.178785],[139.9978239,35.1788483],[139.9976158,35.1789381],[139.997375,35.1792883],[139.9972328,35.1793781],[139.9970247,35.1794681],[139.9967575,35.1795578],[139.996135,35.1800319],[139.995942,35.1806581],[139.9958039,35.1818203],[139.9958603,35.1820569],[139.9962228,35.1823956],[139.9962358,35.1828267],[139.9961805,35.183365],[139.9957297,35.1841039],[139.9957339,35.1845606],[139.9958314,35.1849386],[139.9961206,35.1854686],[139.9958403,35.1861686],[139.995852,35.1863686],[139.9959133,35.1864422],[139.996142,35.1864319],[139.9963097,35.1864725],[139.9965164,35.1865958],[139.9970056,35.1873567],[139.9970658,35.1875139],[139.9970861,35.1878128],[139.9970558,35.1881189],[139.9969653,35.1883672],[139.9969853,35.1885739],[139.9970661,35.1887314],[139.9971567,35.1889653],[139.9971567,35.189255],[139.9971164,35.1894453],[139.9971567,35.1895614],[139.9972575,35.18976],[139.9973683,35.19043],[139.9973683,35.1909386],[139.997328,35.1912697],[139.9973178,35.1915344],[139.9973683,35.1917331],[139.9973681,35.1925044],[139.9972506,35.1930742],[139.9975016,35.1932565],[139.9979497,35.1934809],[139.998408,35.1937686],[139.9992926,35.194267],[139.9997251,35.1943964],[140.0002294,35.1944854],[140.0009917,35.1945942],[140.0014253,35.1946105],[140.0018257,35.1946627],[140.0021491,35.1947235],[140.0025764,35.1948211],[140.0030348,35.1951088],[140.003179,35.1955122],[140.0032451,35.1960371],[140.0033141,35.1968198],[140.0034394,35.1974671],[140.0036308,35.1986394],[140.0039049,35.1992379],[140.0040491,35.1996413],[140.0042973,35.2000813],[140.004584,35.2005172],[140.0049758,35.2008769],[140.0053032,35.2010824],[140.0056055,35.2013708],[140.0057787,35.2015826],[140.0058614,35.2018222],[140.0058611,35.201859],[140.0052954,35.2029542],[140.0052983,35.203212],[140.0056,35.2043397],[140.0057598,35.2048381],[140.0060231,35.2059701],[140.0061995,35.2064504],[140.0064155,35.2068135],[140.0066253,35.2072579],[140.0069131,35.2075808],[140.0072424,35.208157],[140.0075292,35.2085929],[140.0080112,35.209265],[140.0080159,35.2098936],[140.0078948,35.2104716],[140.0077323,35.2107961],[140.0074916,35.2112423],[140.0070459,35.2118725],[140.0067001,35.2123949],[140.0065571,35.2129592],[140.0062832,35.2134413],[140.0058937,35.2139362],[140.00573,35.2143738],[140.0055727,35.21473],[140.0054578,35.2152266],[140.0049655,35.2155717],[140.0046475,35.2160978],[140.0045878,35.2161317],[140.0045541,35.2162487],[140.0045019,35.216333],[140.0044818,35.2166901],[140.0045698,35.2172287],[140.0047577,35.2176593],[140.0047106,35.217971],[140.0045889,35.2181025],[140.0044602,35.2181586],[140.0043556,35.2183835],[140.0044028,35.2184565],[140.0043866,35.2185071],[140.0044947,35.2186886],[140.0044861,35.218996],[140.0042477,35.2192161],[140.0044816,35.2194482],[140.0045437,35.2198284],[140.0044977,35.220027],[140.0046161,35.2202719],[140.0049769,35.2204415],[140.005035,35.220677],[140.0051741,35.2210485],[140.0053591,35.2212215],[140.0050604,35.2214322],[140.0049426,35.2216711],[140.0050995,35.2219117],[140.0052949,35.222148],[140.0056172,35.2223219],[140.0058408,35.2224906],[140.005854,35.2228117],[140.0060022,35.222868],[140.0061903,35.2230096],[140.0064256,35.2230349],[140.0068329,35.2230362],[140.0072075,35.2230665],[140.0072521,35.2230916],[140.0075129,35.2233691],[140.0078698,35.2233939],[140.0081392,35.2233639],[140.0085001,35.2235334],[140.0088817,35.2238297],[140.0090438,35.224102],[140.0090748,35.2242921],[140.0083539,35.2255175],[140.0083131,35.2257478],[140.0085833,35.2262017],[140.0088339,35.2264157],[140.0097683,35.2274569],[140.0096046,35.2278945],[140.0092088,35.2284708],[140.0084309,35.2293476],[140.0066354,35.2303538],[140.0061941,35.2305319],[140.0059131,35.2306115],[140.0054085,35.2305225],[140.0051132,35.230394],[140.0049522,35.2300088],[140.0047798,35.2296731],[140.0048383,35.2293117],[140.005017,35.2284854],[140.005237,35.2279126],[140.0052208,35.2273337],[140.0049984,35.227052],[140.0046168,35.2267557],[140.0041341,35.2266804],[140.0035452,35.2267943],[140.002797,35.2268936],[140.0022673,35.2271299],[140.0009928,35.2282071],[140.0004096,35.2288364],[139.9999189,35.2295522],[139.9995546,35.2297218],[139.9989801,35.2295454],[139.9987201,35.2294455],[139.9986446,35.2294415],[139.9979612,35.2292054],[139.9972256,35.2291419],[139.9967614,35.2294193],[139.996773,35.2294626],[139.9965913,35.2296836],[139.9967577,35.2298926],[139.9970732,35.2301388],[139.9975165,35.2305341],[139.9982983,35.2311144],[139.998961,35.2314138],[139.9996826,35.2316109],[140.000176,35.2316003],[140.0006465,35.2316508],[140.0010826,35.2317932],[140.0011971,35.231908],[140.0012328,35.2321965],[139.9992796,35.2335587],[139.9987796,35.2340981],[139.9982808,35.2345245],[139.9978435,35.2348473],[139.9973596,35.2348849],[139.9968987,35.2348232],[139.9964063,35.2351683],[139.9963718,35.2353172],[139.996463,35.2354104],[139.9964346,35.235486],[139.9965537,35.2357668],[139.9972595,35.2362779],[139.9974402,35.2365574],[139.9975607,35.2368888],[139.9978074,35.2373186],[139.9981428,35.2375887],[139.9981884,35.2376798],[139.9982946,35.2376579],[139.9984975,35.2377087],[139.9987528,35.2375716],[139.999034,35.2374744],[139.9994156,35.2374359],[139.9997872,35.2374784],[140.0000899,35.2377047],[140.000196,35.2379655],[140.0001014,35.2381093],[139.9998345,35.2382769],[139.999615,35.2383727],[139.9995368,35.238509],[139.999355,35.2385823],[139.9989614,35.2389325],[139.9985781,35.239346],[139.9982218,35.2398049],[139.9977718,35.2402904],[139.9976856,35.2412031],[139.9979402,35.2415619],[139.9986902,35.2418334],[139.9998586,35.2420261],[140.0002592,35.2420783],[140.0008293,35.2422085],[140.0012224,35.2424551],[140.0014293,35.2426418],[140.0016788,35.2429689],[140.001861,35.2428841],[140.0020443,35.2426863],[140.0023311,35.2420416],[140.0027373,35.2415287],[140.0031551,35.2409662],[140.0038039,35.240378],[140.0042849,35.2400826],[140.0049199,35.23977],[140.0053832,35.2396057],[140.0064429,35.239133],[140.0067928,35.2387555],[140.006764,35.2383393],[140.0069456,35.2377708],[140.0068627,35.2372639],[140.0071379,35.2366688],[140.0075723,35.2360883],[140.0081521,35.235798],[140.008552,35.2353664],[140.0087916,35.2350333],[140.00923,35.2345975],[140.0092145,35.2345024],[140.0100838,35.233825],[140.0108021,35.2334225],[140.0112985,35.2332221],[140.0119146,35.2331535],[140.0125357,35.2331166],[140.0137052,35.2331961],[140.0142545,35.2331995],[140.0152234,35.233011],[140.015825,35.2327343],[140.0163088,35.2326966],[140.016572,35.232748],[140.0165502,35.2327343],[140.0172909,35.2328292],[140.0176926,35.2327683],[140.0185396,35.232674],[140.0192119,35.2324701],[140.0197624,35.2323604],[140.0207978,35.2320999],[140.0210403,35.2320245],[140.0213494,35.2318772],[140.0217718,35.2319431],[140.0221172,35.2320175],[140.0224688,35.2320106],[140.0228848,35.2321392],[140.0233679,35.232353],[140.0239762,35.2324713],[140.0245184,35.2324392],[140.0254393,35.2322674],[140.0258726,35.2323086],[140.0262585,35.2324216],[140.0263874,35.2324354],[140.0263836,35.2322641],[140.0265866,35.2319888],[140.0269727,35.2317315],[140.0276087,35.2315116],[140.0279036,35.2313245],[140.0282679,35.2311549],[140.0289557,35.231046],[140.0297383,35.2307974],[140.0300817,35.2305011],[140.0304138,35.2302544],[140.0307712,35.2301475],[140.031015,35.22985],[140.0312452,35.2292309],[140.0313637,35.2282848],[140.0312885,35.2276353],[140.0311355,35.2270088],[140.0310477,35.2267772],[140.0309599,35.2266452],[140.0307344,35.2261058],[140.0303975,35.225724],[140.0302209,35.2252436],[140.0301368,35.2248498],[140.0302515,35.2244144],[140.0303459,35.2243867],[140.0307698,35.2241663],[140.0311558,35.2240104],[140.0317677,35.2237971],[140.032032,35.2237353],[140.0322785,35.2238046],[140.0325417,35.223856],[140.0327393,35.2238661],[140.0333471,35.2235081],[140.0348683,35.2229837],[140.035348,35.2228012],[140.0358203,35.222813],[140.036481,35.2226587],[140.0367357,35.2225558],[140.0373281,35.2219778],[140.037813,35.2210681],[140.0381312,35.2197036],[140.038436,35.2189186],[140.0389291,35.2183969],[140.0391952,35.2180495],[140.0400027,35.2174756],[140.0408206,35.2169649],[140.0414001,35.2166745],[140.0417861,35.2165185],[140.0423031,35.2164448],[140.0431449,35.2164347],[140.043402,35.2163336],[140.0440339,35.2161721],[140.0451879,35.2160011],[140.04667,35.2157098],[140.0467865,35.2156686],[140.0477639,35.2152064],[140.0491559,35.2143736],[140.0500382,35.2140171],[140.0503149,35.2137926],[140.0508144,35.213253],[140.051423,35.2127818],[140.0520442,35.2121478],[140.0524729,35.2115354],[140.0530619,35.2108245],[140.0535118,35.2098152],[140.0541585,35.2091456],[140.054314,35.2091106],[140.0544634,35.2089744],[140.0543739,35.2088823],[140.0542599,35.2088582]]]}},{"type":"Feature","properties":{"N03_001":"千葉県","N03_002":null,"N03_003":"君津郡","N03_004":"亀山村","N03_005":"1889-04-01","N03_006":"1954-10-01","N03_007":"12000","name":"亀山村","county":"君津郡","start":"1889-04-01","end":"1954-10-01","layer":"historical_admin"},"geometry":{"type":"Polygon","coordinates":[[[140.1227397,35.2492672],[140.1226861,35.2492214],[140.1226528,35.2491119],[140.1226128,35.2487072],[140.122212,35.2477722],[140.122212,35.2476956],[140.1222519,35.2476192],[140.1224053,35.2475264],[140.1231586,35.2472803],[140.1239478,35.2471258],[140.1242078,35.247],[140.1243611,35.2468631],[140.1243678,35.2467592],[140.1243344,35.2466225],[140.1240011,35.2464475],[140.1239111,35.2462275],[140.1239111,35.2461575],[140.1240714,35.2459297],[140.1240822,35.2456139],[140.1241464,35.2454647],[140.1247239,35.2447606],[140.1249592,35.2446289],[140.1249592,35.2445586],[140.124895,35.2444533],[140.1247881,35.2443308],[140.1248094,35.2442256],[140.1250767,35.2440325],[140.1251731,35.2439447],[140.1253225,35.2439097],[140.1254295,35.2439447],[140.1255792,35.2440764],[140.1256306,35.2440975],[140.1256306,35.1675592],[140.1245,35.1674722],[140.1242222,35.1685833],[140.1233889,35.1691389],[140.1222778,35.1691389],[140.1231111,35.1699722],[140.1228333,35.1730278],[140.1217222,35.1741389],[140.1206111,35.1749722],[140.1197778,35.1749722],[140.1192222,35.1763611],[140.1172778,35.1785833],[140.1142508,35.1805228],[140.1141172,35.1804506],[140.1140078,35.1803608],[140.1138875,35.1801992],[140.1137781,35.1800911],[140.1136683,35.1800194],[140.1134714,35.1800014],[140.1131867,35.1801361],[140.1129678,35.1802081],[140.1127158,35.1802531],[140.1123108,35.1803878],[140.1121903,35.1803786],[140.1119386,35.1803247],[140.1117414,35.1802261],[140.1112378,35.1800911],[140.1110628,35.1799386],[140.1108878,35.1798308],[140.1106686,35.1797589],[140.1101497,35.1794808],[140.1100622,35.1794986],[140.109887,35.1796514],[140.1097008,35.1799569],[140.1096461,35.1801367],[140.1095695,35.1803164],[140.1094711,35.18046],[140.1093833,35.1805406],[140.1090533,35.1807117],[140.1087139,35.1806219],[140.1082758,35.1805319],[140.1080569,35.1804061],[140.1078928,35.1802625],[140.1077286,35.1802264],[140.10717,35.1803433],[140.1070167,35.1802894],[140.106918,35.1801822],[140.1068742,35.1800656],[140.1067428,35.1799758],[140.1064361,35.1799758],[140.1063158,35.1800294],[140.1061953,35.1801372],[140.1059872,35.1802003],[140.105845,35.1801822],[140.1055383,35.1801822],[140.105385,35.1802181],[140.1052317,35.1802272],[140.104958,35.1802092],[140.1047139,35.1802719],[140.1046153,35.1803708],[140.1045386,35.1805683],[140.1045597,35.1806678],[140.1044939,35.1811258],[140.1043953,35.1811978],[140.104067,35.1813056],[140.1039136,35.1813864],[140.1038478,35.1814764],[140.1037056,35.1816019],[140.1035961,35.1816558],[140.1034867,35.1816558],[140.1032347,35.1815208],[140.1030267,35.1813325],[140.1029064,35.1812697],[140.102622,35.1812697],[140.10237,35.1812247],[140.1021403,35.1810989],[140.1019103,35.1808833],[140.1017242,35.1807575],[140.1015903,35.1807483],[140.1011853,35.180865],[140.1009881,35.1809908],[140.1007692,35.1810178],[140.1006267,35.1809908],[140.1005064,35.1809008],[140.1004186,35.1807661],[140.1002655,35.1806314],[140.100145,35.1805686],[140.0999261,35.1806133],[140.0998383,35.1805956],[140.0995961,35.1802517],[140.0994208,35.1800811],[140.0993222,35.1800181],[140.0991145,35.1800272],[140.0990161,35.1799733],[140.0988081,35.1795508],[140.098775,35.1794431],[140.0989064,35.1791356],[140.0989503,35.1789378],[140.0989611,35.17883],[140.0988956,35.1787581],[140.0988517,35.1787222],[140.098753,35.1787042],[140.0984247,35.1785606],[140.0983153,35.1785336],[140.0977544,35.178675],[140.0976669,35.1786661],[140.0976231,35.1786392],[140.0975575,35.1784594],[140.0974808,35.1783158],[140.0969442,35.1780464],[140.0968347,35.1779747],[140.096747,35.1777669],[140.0966922,35.1775422],[140.0966595,35.1772997],[140.0966483,35.1769853],[140.0966922,35.1766531],[140.0966814,35.176545],[140.096495,35.1761644],[140.0962214,35.1757781],[140.0961339,35.1755625],[140.0960681,35.1752481],[140.0960681,35.1750144],[140.0961008,35.1748331],[140.0962105,35.1745725],[140.0964733,35.1741403],[140.0965392,35.1739247],[140.0964844,35.17379],[140.0961669,35.1733661],[140.0958495,35.1731147],[140.0957508,35.1730158],[140.0956961,35.1728183],[140.0956853,35.1726925],[140.0960356,35.1720636],[140.0960794,35.1718822],[140.0961014,35.1716939],[140.0959372,35.1713167],[140.0958605,35.1711817],[140.0958714,35.1711008],[140.0959481,35.1709122],[140.0959808,35.1707236],[140.0959481,35.1705978],[140.0958386,35.1705169],[140.0954336,35.1703733],[140.0952583,35.1703642],[140.095083,35.1703103],[140.094182,35.1698081],[140.093903,35.1697072],[140.0933897,35.1695606],[140.0927536,35.1695056],[140.0923297,35.1694506],[140.0920508,35.1693222],[140.0917833,35.1689006],[140.0912478,35.1685067],[140.0909131,35.1683419],[140.090757,35.1683419],[140.089775,35.1690656],[140.0893175,35.1695514],[140.088135,35.1697897],[140.0877253,35.1700328],[140.0875939,35.1701675],[140.0875392,35.17032],[140.0873422,35.1704458],[140.0870683,35.1705806],[140.0865428,35.1709578],[140.0863458,35.1710478],[140.0861378,35.1710656],[140.0858639,35.1709578],[140.0856997,35.1709131],[140.0855247,35.1709219],[140.0853714,35.1710028],[140.08524,35.1711106],[140.0852283,35.1712017],[140.0851078,35.1714083],[140.0849328,35.1715611],[140.0846261,35.1717408],[140.0842867,35.1718844],[140.0841447,35.1718844],[140.0840242,35.1718397],[140.0838133,35.171705],[140.0835289,35.1716242],[140.083025,35.171615],[140.0827622,35.1716419],[140.0824886,35.1717589],[140.0822258,35.1718486],[140.0818317,35.1718667],[140.0815581,35.1719206],[140.0814267,35.1719833],[140.0813489,35.1722097],[140.0812064,35.1724164],[140.0810531,35.1724972],[140.0808014,35.1724253],[140.0806592,35.1723444],[140.0804842,35.1722906],[140.0803089,35.1722817],[140.0801008,35.1723264],[140.07986,35.1724792],[140.0797067,35.1725511],[140.0795972,35.1726589],[140.0794331,35.1727397],[140.0789578,35.1728936],[140.0787717,35.1729294],[140.07852,35.1728756],[140.07829,35.1728936],[140.0782025,35.1729653],[140.0781258,35.1730822],[140.0780931,35.1733158],[140.0781039,35.1734775],[140.0781586,35.17372],[140.0781697,35.1739264],[140.0780906,35.1741069],[140.0779922,35.1741789],[140.0777511,35.1742506],[140.0775322,35.1743583],[140.0774119,35.1744572],[140.0771381,35.1746369],[140.0769847,35.1747089],[140.0767222,35.1747539],[140.0762839,35.1749606],[140.0761089,35.1750592],[140.0758242,35.1751761],[140.0757255,35.1753019],[140.0755722,35.1753828],[140.0753425,35.1753917],[140.0751781,35.1753647],[140.0751233,35.1753108],[140.0750686,35.1750414],[140.0750578,35.1748167],[140.0749592,35.1746731],[140.0747403,35.1745472],[140.0744008,35.1744214],[140.0741269,35.1743406],[140.0739628,35.1743494],[140.0737767,35.1744394],[140.0735339,35.1745003],[140.0732603,35.1745003],[140.0731289,35.1744822],[140.0730083,35.1743925],[140.0728003,35.1741231],[140.0726908,35.1740331],[140.0722528,35.1739072],[140.0721433,35.1737725],[140.0719133,35.1736111],[140.071782,35.1735392],[140.0716617,35.1734944],[140.0715631,35.1734944],[140.0709247,35.1739878],[140.0706731,35.1740775],[140.0704103,35.1740956],[140.0702681,35.1740417],[140.0697961,35.1735369],[140.0697414,35.1733664],[140.0696755,35.1730069],[140.06961,35.1728903],[140.0691611,35.1725939],[140.068635,35.1721975],[140.0683175,35.1718919],[140.0679892,35.1716494],[140.067978,35.1715775],[140.0680103,35.1714781],[140.0681414,35.1712436],[140.0681414,35.1711],[140.0681086,35.1710458],[140.0678128,35.170965],[140.0676814,35.1709472],[140.0674847,35.1709472],[140.0673533,35.1709022],[140.0672328,35.1708214],[140.0671561,35.1706956],[140.0671014,35.1705158],[140.0670139,35.1703811],[140.0669264,35.1703811],[140.066773,35.170435],[140.0666197,35.170435],[140.0664995,35.1703542],[140.0663897,35.1702283],[140.0663242,35.1699772],[140.0662539,35.1698711],[140.0655978,35.1698711],[140.0654445,35.1688381],[140.0652694,35.168335],[140.0650945,35.1680206],[140.0649194,35.1679039],[140.0643292,35.1679128],[140.063148,35.1674906],[140.0630914,35.1671536],[140.0625204,35.16629],[140.0343223,35.16629],[140.0345527,35.1665817],[140.0347833,35.1671527],[140.0351062,35.1678103],[140.0353097,35.168336],[140.0356608,35.1689258],[140.0359516,35.1695063],[140.0365772,35.1700978],[140.0372913,35.1706311],[140.0380844,35.1709297],[140.0393182,35.1716469],[140.0401757,35.1720996],[140.0403659,35.1723041],[140.0404769,35.1727434],[140.0405028,35.1729018],[140.0406409,35.1733864],[140.0407654,35.1741467],[140.0411466,35.1750397],[140.0417254,35.1759428],[140.0420288,35.1763606],[140.0425661,35.1770103],[140.0431699,35.1775881],[140.043621,35.17807],[140.04371,35.1790923],[140.0439333,35.1798578],[140.0441473,35.1804469],[140.044776,35.1812961],[140.045011,35.181415],[140.0453977,35.1817428],[140.0456856,35.1820655],[140.0461981,35.1824439],[140.0467772,35.1827502],[140.0476078,35.1831575],[140.0481755,35.1835136],[140.0487336,35.18429],[140.049008,35.1848884],[140.049225,35.1857352],[140.0493288,35.1863688],[140.049632,35.1879803],[140.049615,35.1891919],[140.0501336,35.1900856],[140.0503258,35.190661],[140.0504411,35.191245],[140.0502174,35.1916732],[140.0498906,35.1925484],[140.0492579,35.1938288],[140.0492046,35.1948187],[140.0492866,35.1954386],[140.0493797,35.1957193],[140.0494565,35.1966493],[140.049468,35.1971443],[140.0495189,35.1975741],[140.0496081,35.1979996],[140.0497922,35.1982856],[140.0501269,35.1988934],[140.0504367,35.1992298],[140.0512394,35.1998959],[140.0511839,35.2004763],[140.051052,35.200891],[140.0510696,35.20164],[140.0512354,35.2022805],[140.0512205,35.2029527],[140.0512531,35.2035651],[140.051339,35.2041889],[140.0514271,35.2046267],[140.0515743,35.2051468],[140.0517991,35.2056059],[140.051814,35.2057216],[140.0519355,35.2062242],[140.0522714,35.206719],[140.0525646,35.2070733],[140.0530519,35.2075413],[140.0534351,35.2080551],[140.0542599,35.2088582],[140.0548513,35.2089901],[140.0555906,35.2092325],[140.0562948,35.2095209],[140.056691,35.209884],[140.0569066,35.2102789],[140.0577639,35.2111586],[140.0587953,35.211765],[140.0593073,35.2124781],[140.0597432,35.2132854],[140.0601753,35.2136361],[140.0605027,35.2138097],[140.060834,35.2140193],[140.0617413,35.215189],[140.0619592,35.215398],[140.062477,35.2156471],[140.0628083,35.2158568],[140.0629265,35.2160215],[140.0627275,35.2164685],[140.0625135,35.2170521],[140.0628719,35.2183388],[140.0629695,35.2191046],[140.0630085,35.2195695],[140.0629954,35.2195881],[140.0630023,35.2197171],[140.0627905,35.2201148],[140.0625868,35.2203979],[140.0622692,35.2206958],[140.0620664,35.2210455],[140.0619761,35.2213759],[140.0618889,35.2217876],[140.0620293,35.2223295],[140.062163,35.2230317],[140.0628587,35.2241705],[140.0632459,35.2248475],[140.0636557,35.2253511],[140.0640428,35.2259218],[140.0643442,35.2264047],[140.0647788,35.2269156],[140.065502,35.22786],[140.0656293,35.2281252],[140.065727,35.2282448],[140.065729,35.228333],[140.0657756,35.2284301],[140.0658095,35.2289495],[140.0657719,35.2304088],[140.0656739,35.2313429],[140.0658099,35.2322565],[140.0658229,35.2328415],[140.0659855,35.2337607],[140.0659391,35.2338825],[140.066136,35.2340728],[140.0669696,35.2339719],[140.0671832,35.2337893],[140.0674363,35.2334271],[140.0679062,35.2330252],[140.0692184,35.232136],[140.0697905,35.2316322],[140.0705988,35.2307951],[140.071125,35.2301848],[140.072949,35.229601],[140.0737474,35.2294864],[140.0743965,35.2297034],[140.0754597,35.2301345],[140.0760889,35.2302374],[140.0763613,35.2307331],[140.076226,35.2313005],[140.0758832,35.2319289],[140.0756733,35.2326622],[140.0759225,35.2330698],[140.0761839,35.2331647],[140.076462,35.2333632],[140.0768194,35.2338294],[140.0774752,35.2341954],[140.0776976,35.2346703],[140.0777881,35.2347374],[140.0781312,35.2350892],[140.0786645,35.2357374],[140.0788338,35.2360991],[140.0790214,35.2363602],[140.0793502,35.2366428],[140.0799611,35.2367031],[140.0805444,35.2366996],[140.081032,35.2370841],[140.0815211,35.2370514],[140.0817489,35.2369979],[140.0812737,35.2362215],[140.0810879,35.2353167],[140.0809464,35.2344467],[140.0808871,35.2333608],[140.0812007,35.232597],[140.0818462,35.2322634],[140.082683,35.2323054],[140.0838668,35.232677],[140.0844154,35.2330675],[140.0849111,35.2338093],[140.0854787,35.2343289],[140.085685,35.2344934],[140.0858682,35.2346296],[140.0867971,35.2351978],[140.0877734,35.2356305],[140.0885238,35.2360816],[140.0893812,35.2366451],[140.0899866,35.2372347],[140.0907954,35.2379565],[140.0915615,35.2387148],[140.0922324,35.2391172],[140.0928487,35.2397995],[140.0931228,35.2403666],[140.0932974,35.2407711],[140.0935381,35.2413959],[140.0940917,35.2420007],[140.0949,35.2423149],[140.0966068,35.2430844],[140.0973881,35.2437422],[140.097997,35.2444748],[140.0985474,35.2449366],[140.0993141,35.2449222],[140.099496,35.2449029],[140.0997626,35.2449591],[140.0999806,35.245168],[140.1001499,35.2459648],[140.1002474,35.2461639],[140.1007709,35.2469695],[140.1011003,35.2476642],[140.1009317,35.2482895],[140.1006267,35.2486669],[140.1007863,35.2491717],[140.1013811,35.2496685],[140.1014385,35.2502753],[140.1011428,35.2506741],[140.1009969,35.2511487],[140.1013884,35.2515134],[140.1020812,35.2521013],[140.1023584,35.2523031],[140.103241,35.2526309],[140.1037741,35.2527432],[140.1049294,35.2527769],[140.1057638,35.2528362],[140.1064056,35.2527852],[140.1076004,35.2528737],[140.1082529,35.2530577],[140.1088581,35.2533016],[140.1093773,35.2534575],[140.1099094,35.2536627],[140.1103822,35.2537856],[140.1109143,35.2539908],[140.1113883,35.2540208],[140.1118082,35.2540278],[140.1119986,35.2537875],[140.1123336,35.253497],[140.1125212,35.253479],[140.1126853,35.2533392],[140.1130409,35.2532045],[140.1136977,35.2530169],[140.1149951,35.2527554],[140.115462,35.2526178],[140.1162981,35.2522605],[140.1166255,35.252148],[140.1176257,35.2517483],[140.1179955,35.2515462],[140.1184659,35.2508861],[140.1189527,35.2504286],[140.119522,35.2503058],[140.1201243,35.2502488],[140.1208327,35.2501406],[140.1213159,35.2499774],[140.1221945,35.2495881],[140.1229464,35.2493331],[140.1227397,35.2492672]]]}},{"type":"Feature","properties":{"N03_001":"千葉県","N03_002":null,"N03_003":"君津郡","N03_004":"秋元村","N03_005":"1889-04-01","N03_006":"1955-03-31","N03_007":"12000","name":"秋元村","county":"君津郡","start":"1889-04-01","end":"1955-03-31","layer":"historical_admin"},"geometry":{"type":"Polygon","coordinates":[[[140.0247821,35.2618935],[140.0248882,35.2617191],[140.0252553,35.2607396],[140.0254991,35.2601979],[140.0259609,35.2595098],[140.0264138,35.2589607],[140.0265362,35.2587418],[140.0271392,35.2580374],[140.027442,35.2577529],[140.027764,35.2573656],[140.0282216,35.2569526],[140.0288127,35.2564725],[140.0290337,35.2564272],[140.029289,35.2562901],[140.0294001,35.2560874],[140.0294261,35.2558799],[140.0285445,35.2553951],[140.0284221,35.2549754],[140.0284478,35.2545602],[140.028713,35.2535471],[140.028664,35.2532977],[140.0284805,35.2528719],[140.028103,35.2523352],[140.0281639,35.2519336],[140.0286356,35.2516034],[140.0293594,35.2512473],[140.0297593,35.2508182],[140.0300843,35.2501473],[140.0302946,35.2494142],[140.0300662,35.2485465],[140.0297153,35.2479113],[140.0288214,35.2468547],[140.0287568,35.2467957],[140.0281732,35.2463914],[140.0275497,35.2457589],[140.0272286,35.2450138],[140.0270738,35.2439082],[140.0269693,35.2427158],[140.0267438,35.2407676],[140.0265799,35.2396406],[140.0264617,35.2386201],[140.0263485,35.2382217],[140.0264065,35.2381329],[140.0263692,35.2380057],[140.0264566,35.2376091],[140.0265894,35.2372787],[140.0266563,35.2367645],[140.0267024,35.2359119],[140.0266377,35.234866],[140.0263977,35.2329074],[140.0263874,35.2324354],[140.0262585,35.2324216],[140.0258726,35.2323086],[140.0254393,35.2322674],[140.0245184,35.2324392],[140.0239762,35.2324713],[140.0233679,35.232353],[140.0228848,35.2321392],[140.0224688,35.2320106],[140.0221172,35.2320175],[140.0217718,35.2319431],[140.0213494,35.2318772],[140.0210403,35.2320245],[140.0207978,35.2320999],[140.0197624,35.2323604],[140.0192119,35.2324701],[140.0185396,35.232674],[140.0176926,35.2327683],[140.0172909,35.2328292],[140.0165502,35.2327343],[140.016572,35.232748],[140.0163088,35.2326966],[140.015825,35.2327343],[140.0152234,35.233011],[140.0142545,35.2331995],[140.0137052,35.2331961],[140.0125357,35.2331166],[140.0119146,35.2331535],[140.0112985,35.2332221],[140.0108021,35.2334225],[140.0100838,35.233825],[140.0092145,35.2345024],[140.00923,35.2345975],[140.0087916,35.2350333],[140.008552,35.2353664],[140.0081521,35.235798],[140.0075723,35.2360883],[140.0071379,35.2366688],[140.0068627,35.2372639],[140.0069456,35.2377708],[140.006764,35.2383393],[140.0067928,35.2387555],[140.0064429,35.239133],[140.0053832,35.2396057],[140.0049199,35.23977],[140.0042849,35.2400826],[140.0038039,35.240378],[140.0031551,35.2409662],[140.0027373,35.2415287],[140.0023311,35.2420416],[140.0020443,35.2426863],[140.001861,35.2428841],[140.0016788,35.2429689],[140.0014293,35.2426418],[140.0012224,35.2424551],[140.0008293,35.2422085],[140.0002592,35.2420783],[139.9998586,35.2420261],[139.9986902,35.2418334],[139.9979402,35.2415619],[139.9976856,35.2412031],[139.9977718,35.2402904],[139.9982218,35.2398049],[139.9985781,35.239346],[139.9989614,35.2389325],[139.999355,35.2385823],[139.9995368,35.238509],[139.999615,35.2383727],[139.9998345,35.2382769],[140.0001014,35.2381093],[140.000196,35.2379655],[140.0000899,35.2377047],[139.9997872,35.2374784],[139.9994156,35.2374359],[139.999034,35.2374744],[139.9987528,35.2375716],[139.9984975,35.2377087],[139.9982946,35.2376579],[139.9981884,35.2376798],[139.9981428,35.2375887],[139.9978074,35.2373186],[139.9975607,35.2368888],[139.9974402,35.2365574],[139.9972595,35.2362779],[139.9965537,35.2357668],[139.9964346,35.235486],[139.996463,35.2354104],[139.9963718,35.2353172],[139.9964063,35.2351683],[139.9968987,35.2348232],[139.9973596,35.2348849],[139.9978435,35.2348473],[139.9982808,35.2345245],[139.9987796,35.2340981],[139.9992796,35.2335587],[140.0012328,35.2321965],[140.0011971,35.231908],[140.0010826,35.2317932],[140.0006465,35.2316508],[140.000176,35.2316003],[139.9996826,35.2316109],[139.998961,35.2314138],[139.9982983,35.2311144],[139.9975165,35.2305341],[139.9970732,35.2301388],[139.9967577,35.2298926],[139.9965913,35.2296836],[139.996773,35.2294626],[139.9967614,35.2294193],[139.9972256,35.2291419],[139.9979612,35.2292054],[139.9986446,35.2294415],[139.9987201,35.2294455],[139.9989801,35.2295454],[139.9995546,35.2297218],[139.9999189,35.2295522],[140.0004096,35.2288364],[140.0009928,35.2282071],[140.0022673,35.2271299],[140.002797,35.2268936],[140.0035452,35.2267943],[140.0041341,35.2266804],[140.0046168,35.2267557],[140.0049984,35.227052],[140.0052208,35.2273337],[140.005237,35.2279126],[140.005017,35.2284854],[140.0048383,35.2293117],[140.0047798,35.2296731],[140.0049522,35.2300088],[140.0051132,35.230394],[140.0054085,35.2305225],[140.0059131,35.2306115],[140.0061941,35.2305319],[140.0066354,35.2303538],[140.0084309,35.2293476],[140.0092088,35.2284708],[140.0096046,35.2278945],[140.0097683,35.2274569],[140.0088339,35.2264157],[140.0085833,35.2262017],[140.0083131,35.2257478],[140.0083539,35.2255175],[140.0090748,35.2242921],[140.0090438,35.224102],[140.0088817,35.2238297],[140.0085001,35.2235334],[140.0081392,35.2233639],[140.0078698,35.2233939],[140.0075129,35.2233691],[140.0072521,35.2230916],[140.0072075,35.2230665],[140.0068329,35.2230362],[140.0064256,35.2230349],[140.0061903,35.2230096],[140.0060022,35.222868],[140.005854,35.2228117],[140.0058408,35.2224906],[140.0056172,35.2223219],[140.0052949,35.222148],[140.0050995,35.2219117],[140.0049426,35.2216711],[140.0050604,35.2214322],[140.0053591,35.2212215],[140.0051741,35.2210485],[140.005035,35.220677],[140.0049769,35.2204415],[140.0046161,35.2202719],[140.0044977,35.220027],[140.0045437,35.2198284],[140.0044816,35.2194482],[140.0042477,35.2192161],[140.0044861,35.218996],[140.0044947,35.2186886],[140.0043866,35.2185071],[140.0044028,35.2184565],[140.0043556,35.2183835],[140.0044602,35.2181586],[140.0045889,35.2181025],[140.0047106,35.217971],[140.0047577,35.2176593],[140.0045698,35.2172287],[140.0044818,35.2166901],[140.0045019,35.216333],[140.0045541,35.2162487],[140.0045878,35.2161317],[140.0046475,35.2160978],[140.0049655,35.2155717],[140.0054578,35.2152266],[140.0055727,35.21473],[140.00573,35.2143738],[140.0058937,35.2139362],[140.0062832,35.2134413],[140.0065571,35.2129592],[140.0067001,35.2123949],[140.0070459,35.2118725],[140.0074916,35.2112423],[140.0077323,35.2107961],[140.0078948,35.2104716],[140.0080159,35.2098936],[140.0080112,35.209265],[140.0075292,35.2085929],[140.0072424,35.208157],[140.0069131,35.2075808],[140.0066253,35.2072579],[140.0064155,35.2068135],[140.0061995,35.2064504],[140.0060231,35.2059701],[140.0057598,35.2048381],[140.0056,35.2043397],[140.0052983,35.203212],[140.0052954,35.2029542],[140.0058611,35.201859],[140.0058614,35.2018222],[140.0057787,35.2015826],[140.0056055,35.2013708],[140.0053032,35.2010824],[140.0049758,35.2008769],[140.004584,35.2005172],[140.0042973,35.2000813],[140.0040491,35.1996413],[140.0039049,35.1992379],[140.0036308,35.1986394],[140.0034394,35.1974671],[140.0033141,35.1968198],[140.0032451,35.1960371],[140.003179,35.1955122],[140.0030348,35.1951088],[140.0025764,35.1948211],[140.0021491,35.1947235],[140.0018257,35.1946627],[140.0014253,35.1946105],[140.0009917,35.1945942],[140.0002294,35.1944854],[139.9997251,35.1943964],[139.9992926,35.194267],[139.998408,35.1937686],[139.9979497,35.1934809],[139.9975016,35.1932565],[139.9972506,35.1930742],[139.9971564,35.1933483],[139.9970453,35.1935303],[139.9968942,35.1936544],[139.9968536,35.1938447],[139.9967569,35.1939269],[139.9965122,35.1940722],[139.9963269,35.1942775],[139.9961417,35.1951514],[139.9959464,35.1957561],[139.9957611,35.1958625],[139.9954556,35.1959233],[139.9937325,35.1964783],[139.9931292,35.1965642],[139.9928789,35.1968247],[139.9927306,35.1974833],[139.9925636,35.1980992],[139.9923228,35.1983653],[139.9919114,35.1986456],[139.9914989,35.1990658],[139.9914147,35.1992678],[139.9914442,35.1995414],[139.9915325,35.1997306],[139.9912883,35.1999844],[139.9909975,35.2002461],[139.9908167,35.2007047],[139.9906814,35.2008189],[139.9895372,35.2009528],[139.9891853,35.201135],[139.9887128,35.2016822],[139.9882578,35.2019189],[139.9881053,35.2020844],[139.9878361,35.2025597],[139.9871578,35.203205],[139.9867236,35.2034919],[139.9864872,35.2036736],[139.9864,35.2037875],[139.9863356,35.2039344],[139.9863219,35.2041628],[139.9864156,35.2044286],[139.9865839,35.2047106],[139.9865967,35.2049208],[139.9865192,35.2052669],[139.9864997,35.2056039],[139.9866058,35.2059797],[139.9865425,35.2061033],[139.9863708,35.2062875],[139.9863753,35.2066069],[139.9862461,35.2067297],[139.9858545,35.2068019],[139.9856739,35.2068636],[139.985285,35.207185],[139.9849153,35.2074219],[139.9846533,35.2076436],[139.9843683,35.2083561],[139.9842539,35.2085803],[139.9838042,35.2088997],[139.9835619,35.2091481],[139.9831936,35.2096147],[139.9826133,35.21021],[139.9826017,35.2104067],[139.9828583,35.2108647],[139.9828689,35.2111389],[139.9829478,35.2114047],[139.9832714,35.2119633],[139.9833958,35.2124028],[139.9836186,35.2127325],[139.983863,35.2132225],[139.9841586,35.2134667],[139.9842617,35.2136772],[139.9842361,35.2139894],[139.9841589,35.2142506],[139.9840305,35.2145964],[139.9837686,35.2150486],[139.9835245,35.2151472],[139.9831933,35.2152283],[139.9827675,35.2155078],[139.9822317,35.2157731],[139.9816853,35.2162308],[139.9814617,35.2162478],[139.9810714,35.2162125],[139.9808742,35.2162436],[139.9807108,35.2163608],[139.9805433,35.2166814],[139.9804319,35.2167536],[139.9802644,35.2168189],[139.9796728,35.2169103],[139.9795278,35.2170294],[139.9793125,35.2175278],[139.97926,35.2179817],[139.9793556,35.2182506],[139.9793605,35.2184394],[139.9792261,35.2195181],[139.979308,35.2198072],[139.9795286,35.2201847],[139.97946,35.2205544],[139.9792703,35.22082],[139.9789369,35.2209317],[139.9788156,35.2211367],[139.9787722,35.2213739],[139.9783792,35.2215939],[139.9782311,35.2218625],[139.9780986,35.2222575],[139.9778867,35.2229808],[139.9777636,35.2231567],[139.977583,35.2232956],[139.9772817,35.2234875],[139.9775605,35.2239444],[139.9776514,35.2242897],[139.9776772,35.2246869],[139.9776053,35.2252878],[139.977717,35.2254342],[139.97817,35.2256578],[139.978347,35.2258522],[139.9783255,35.2261889],[139.9784464,35.2263658],[139.9790225,35.2265786],[139.9793328,35.2268939],[139.9796305,35.2270581],[139.9798733,35.2271408],[139.979977,35.2272531],[139.9800161,35.2279886],[139.9798261,35.2282906],[139.9796475,35.2284497],[139.9792603,35.2287283],[139.97904,35.2289531],[139.9790183,35.22913],[139.9791783,35.2296625],[139.9791047,35.2301806],[139.9791905,35.2308089],[139.9791264,35.2310503],[139.9791567,35.2313533],[139.979157,35.2315228],[139.978785,35.2320194],[139.9781414,35.2326428],[139.9779369,35.2330631],[139.977695,35.2333306],[139.9776294,35.2335692],[139.977625,35.2337894],[139.9776725,35.2340825],[139.9778239,35.2344989],[139.9779883,35.2347456],[139.9779236,35.2348581],[139.9778064,35.2349353],[139.9774303,35.2351222],[139.9771753,35.2353822],[139.9771622,35.2356414],[139.9772658,35.2359911],[139.9775728,35.2367872],[139.9776072,35.2371633],[139.9775828,35.2372872],[139.9775261,35.2374244],[139.9772355,35.2378925],[139.9768328,35.2383797],[139.976763,35.2386019],[139.9768017,35.2391347],[139.9768583,35.2405208],[139.9769119,35.2407172],[139.9772725,35.2410708],[139.977438,35.2413625],[139.9775306,35.2418131],[139.9774955,35.2424631],[139.9775308,35.2426989],[139.9780506,35.2436528],[139.9780845,35.2439111],[139.9779975,35.2440344],[139.9775964,35.2442431],[139.9774178,35.2444608],[139.9769133,35.2453436],[139.9767336,35.2458081],[139.9765439,35.2459181],[139.9763095,35.2459089],[139.9756472,35.245505],[139.9753125,35.2454317],[139.9747325,35.2454592],[139.9738956,35.24567],[139.9734911,35.2454761],[139.9730336,35.2450917],[139.9728103,35.2446064],[139.9731675,35.2444967],[139.9743392,35.2442128],[139.9748561,35.2437992],[139.9755142,35.2435156],[139.9760386,35.2431767],[139.9761503,35.2428744],[139.9760497,35.2421675],[139.9757819,35.2418381],[139.9751117,35.2412403],[139.9744755,35.2409839],[139.9742175,35.2405158],[139.9735925,35.2403328],[139.9729983,35.2399733],[139.9728645,35.2398083],[139.9726078,35.2396986],[139.9725072,35.2394239],[139.9723178,35.2392864],[139.9721275,35.2392378],[139.9717597,35.2387081],[139.9713355,35.2383147],[139.9710453,35.2383419],[139.9708505,35.23827],[139.9706658,35.2382414],[139.9704942,35.2383433],[139.970235,35.2384461],[139.9701,35.2385794],[139.9699628,35.2388272],[139.9698625,35.239285],[139.9698625,35.2396789],[139.9696839,35.2398158],[139.9693047,35.2399075],[139.968842,35.2397442],[139.9686522,35.2398631],[139.9684964,35.2399947],[139.9683595,35.2399319],[139.9681389,35.2397442],[139.9679825,35.2398722],[139.967742,35.2398583],[139.9675,35.2396072],[139.9673689,35.23957],[139.9671011,35.2398081],[139.9668108,35.2395517],[139.9665433,35.2396525],[139.9662756,35.2400189],[139.9661192,35.2404033],[139.9658178,35.2408156],[139.9656925,35.2411844],[139.965168,35.2415964],[139.964253,35.2422742],[139.9637842,35.2425347],[139.9631325,35.24272],[139.9625764,35.2429269],[139.9619975,35.2433778],[139.9618297,35.2433683],[139.9614111,35.2436353],[139.9609028,35.2440806],[139.9605297,35.24398],[139.9600611,35.2437511],[139.9598053,35.2436664],[139.9596258,35.2433942],[139.9594619,35.2433672],[139.9592444,35.2434042],[139.9591386,35.2433817],[139.9590433,35.2431592],[139.9589664,35.2430956],[139.9588447,35.2430647],[139.9580636,35.2434122],[139.9579297,35.2428083],[139.9576619,35.2426342],[139.95736,35.2425508],[139.9570756,35.242515],[139.9563136,35.2424864],[139.9561772,35.2424469],[139.9561353,35.2423569],[139.9561494,35.2420022],[139.9559819,35.2418467],[139.9558369,35.2419197],[139.9556472,35.2420756],[139.9554686,35.2420664],[139.9552342,35.2418467],[139.9549555,35.2416358],[139.9546767,35.2416083],[139.9542433,35.2412553],[139.9538228,35.2409983],[139.9535289,35.2405592],[139.9534236,35.24045],[139.9532772,35.2403803],[139.9528106,35.2404522],[139.9521972,35.2406811],[139.9518178,35.2410981],[139.9517953,35.2412486],[139.9518236,35.2414553],[139.9519094,35.2416519],[139.9519069,35.2418072],[139.9518067,35.2421369],[139.9517953,35.2424847],[139.9516436,35.2428519],[139.9514922,35.2430178],[139.9513808,35.2431944],[139.9513139,35.2438081],[139.9514267,35.2448664],[139.9515286,35.2452331],[139.9515592,35.2454928],[139.9517275,35.24561],[139.951905,35.2461181],[139.951838,35.2462186],[139.9512942,35.2462833],[139.9503958,35.2460644],[139.9496367,35.2461569],[139.9491125,35.2460928],[139.9490567,35.2462392],[139.9490119,35.2474481],[139.9489203,35.2484778],[139.9488072,35.2489867],[139.9485908,35.2510753],[139.949167,35.2521472],[139.9497583,35.2525411],[139.9502853,35.2527622],[139.9507295,35.2528889],[139.9511892,35.2530469],[139.9516867,35.2531239],[139.9526061,35.2531936],[139.9533856,35.2532969],[139.9539408,35.2533364],[139.9543833,35.2533331],[139.9546505,35.2532969],[139.9551447,35.2531978],[139.9553289,35.253195],[139.9554339,35.2532236],[139.9554858,35.2532969],[139.9554481,35.2536683],[139.9554414,35.2542314],[139.9554522,35.2543111],[139.9555753,35.2546958],[139.9558322,35.2552819],[139.9561231,35.2558503],[139.9562458,35.2565211],[139.956203,35.2571822],[139.9561068,35.2571846],[139.9561889,35.2573311],[139.9563085,35.2578808],[139.9563661,35.2584849],[139.9561355,35.259124],[139.955996,35.2598115],[139.9559669,35.2602896],[139.956148,35.2608173],[139.9561483,35.261183],[139.956085,35.2618837],[139.9560974,35.2625629],[139.9562618,35.2628883],[139.956263,35.263374],[139.956313,35.2638385],[139.9564661,35.2644627],[139.9565223,35.2645882],[139.9567208,35.2647626],[139.9571525,35.2653076],[139.9572589,35.2655415],[139.9585811,35.2658819],[139.9594578,35.2661581],[139.9603573,35.2665296],[139.9606725,35.2666228],[139.9608413,35.2663807],[139.9611881,35.2659742],[139.9613212,35.2659361],[139.9618634,35.2658444],[139.9620667,35.2657788],[139.9622529,35.2656702],[139.9623877,35.2654892],[139.9624878,35.265279],[139.9626137,35.264952],[139.9626414,35.2646636],[139.9626276,35.2643344],[139.9625959,35.2640479],[139.9625195,35.2637006],[139.9623632,35.2633206],[139.9623031,35.2630737],[139.962384,35.2630207],[139.9626081,35.2629611],[139.9629882,35.2630042],[139.9631246,35.2629863],[139.9633034,35.2629232],[139.964315,35.2623838],[139.9646386,35.2621714],[139.9648572,35.2619859],[139.9650912,35.2610399],[139.965356,35.2604662],[139.96551,35.2604343],[139.9657227,35.2604575],[139.965942,35.2605209],[139.9660669,35.2605858],[139.9665759,35.2609625],[139.9677894,35.2617247],[139.9678942,35.2617264],[139.9679679,35.2616903],[139.9680494,35.26158],[139.9682862,35.2613233],[139.9686443,35.260834],[139.9688096,35.2601072],[139.9693455,35.2599466],[139.9696541,35.2598255],[139.9698368,35.2597253],[139.970318,35.2597784],[139.9707989,35.2598601],[139.9718103,35.2599614],[139.9724211,35.2599851],[139.9725884,35.2600048],[139.9726439,35.2600399],[139.9725699,35.2601046],[139.9724945,35.2602836],[139.9723932,35.2606082],[139.9723789,35.2609483],[139.972634,35.2618732],[139.9725871,35.2620126],[139.9724602,35.2621194],[139.9722671,35.2622165],[139.9718221,35.2623556],[139.9716358,35.2624643],[139.9715612,35.2625862],[139.9715703,35.2627036],[139.9716428,35.2627819],[139.9719028,35.2629432],[139.9722363,35.263097],[139.9724415,35.2631659],[139.9726008,35.2632885],[139.9736471,35.2643371],[139.9739212,35.2644929],[139.9743236,35.2650397],[139.9744497,35.2653248],[139.9744308,35.2654532],[139.9745711,35.2653982],[139.9747528,35.2653838],[139.9750765,35.2654774],[139.9754031,35.2656196],[139.9756808,35.2657669],[139.9759582,35.2659428],[139.9762976,35.2661939],[139.976858,35.2666716],[139.9771458,35.2668505],[139.9775175,35.2670249],[139.9780344,35.2673274],[139.9781832,35.267447],[139.9783383,35.2676352],[139.9785067,35.2678752],[139.9790861,35.2685305],[139.9793629,35.2687635],[139.9796262,35.2689449],[139.9798902,35.2690691],[139.9801728,35.2690934],[139.981288,35.2689759],[139.9816133,35.2689265],[139.9822283,35.2688844],[139.9822933,35.2690084],[139.9823325,35.2692492],[139.9824893,35.2696006],[139.9827815,35.2700198],[139.9834837,35.27094],[139.9838275,35.2714315],[139.9841889,35.2719089],[139.9843237,35.272034],[139.9846295,35.2721702],[139.9854422,35.2725773],[139.987056,35.2731681],[139.988632,35.2737096],[139.9889029,35.2738453],[139.9893379,35.2739806],[139.9892796,35.2742029],[139.9892803,35.2744435],[139.9893151,35.274278],[139.989478,35.2740506],[139.9897236,35.2738224],[139.9899978,35.2736841],[139.9903281,35.2736356],[139.9906037,35.2736328],[139.9909616,35.273584],[139.9916212,35.2733967],[139.9918954,35.2732585],[139.9921953,35.2729619],[139.9922758,35.2727579],[139.992492,35.2723719],[139.993174,35.2717328],[139.9933096,35.2715283],[139.9933895,35.2712792],[139.9933589,35.2710086],[139.9932474,35.2708968],[139.9929702,35.2707643],[139.9923913,35.2707702],[139.99217,35.2707047],[139.9920028,35.2705484],[139.9919178,35.270346],[139.9919153,35.2701203],[139.9920509,35.2699158],[139.9923251,35.2697775],[139.9926826,35.2697061],[139.9933425,35.2695414],[139.9937542,35.2693792],[139.9941388,35.2692624],[139.9946072,35.269235],[139.9954893,35.269226],[139.9956259,35.2691117],[139.9960677,35.2691749],[139.9962895,35.2692855],[139.9963464,35.2694429],[139.9965156,35.2697799],[139.9966299,35.2701398],[139.9968247,35.2702959],[139.9971282,35.2703154],[139.9976254,35.2704006],[139.9986178,35.2703904],[139.9990042,35.2704315],[139.9994177,35.2704273],[139.9998036,35.2704233],[140.0002717,35.2703734],[140.0012919,35.2703854],[140.0023668,35.2703518],[140.0031116,35.2703893],[140.0036345,35.2703161],[140.0040197,35.2702444],[140.0045978,35.2701708],[140.0049279,35.2700996],[140.0052571,35.2699608],[140.0059161,35.2697283],[140.0061905,35.2696125],[140.0069034,35.2692666],[140.0072875,35.2691045],[140.0076726,35.2690328],[140.0080568,35.2688709],[140.0085246,35.2687983],[140.0088819,35.2687043],[140.0092671,35.2686325],[140.0101766,35.2686006],[140.0106985,35.2684371],[140.0118813,35.2681991],[140.0122386,35.2681051],[140.0137218,35.2676156],[140.0143537,35.2674285],[140.0152304,35.2669452],[140.0163281,35.2665049],[140.0167668,35.2662972],[140.017205,35.2660443],[140.0174513,35.2658837],[140.0177527,35.2657225],[140.0181625,35.2654022],[140.0184078,35.2651513],[140.0187903,35.2648539],[140.0191445,35.264489],[140.0193627,35.2642835],[140.0196903,35.2640091],[140.0199083,35.2637811],[140.0202084,35.2635071],[140.0203711,35.2632796],[140.0208358,35.2629362],[140.0213572,35.2627275],[140.0218243,35.2625871],[140.0225402,35.262512],[140.0228147,35.2624188],[140.0236128,35.2622976],[140.0242176,35.2621558],[140.0245195,35.2620398],[140.0246703,35.2620072],[140.0247821,35.2618935]]]}},{"type":"Feature","properties":{"N03_001":"千葉県","N03_002":null,"N03_003":"君津郡","N03_004":"松丘村","N03_005":"1889-04-01","N03_006":"1954-10-01","N03_007":"12000","name":"松丘村","county":"君津郡","start":"1889-04-01","end":"1954-10-01","layer":"historical_admin"},"geometry":{"type":"Polygon","coordinates":[[[140.0289558,35.2859638],[140.0295362,35.285822],[140.0300261,35.2856327],[140.030585,35.2855061],[140.0315843,35.2851758],[140.0320701,35.2850813],[140.0323146,35.2851055],[140.0325484,35.2853542],[140.0328955,35.2855389],[140.0332269,35.2855428],[140.033802,35.2854879],[140.0345384,35.2853787],[140.0354305,35.2851476],[140.0361447,35.2851074],[140.0369541,35.2852202],[140.037912,35.2851211],[140.0386614,35.2848302],[140.0393538,35.2845198],[140.0399289,35.2844648],[140.0404947,35.2846365],[140.0410771,35.2846716],[140.0416542,35.2846051],[140.0420855,35.2844943],[140.0424498,35.2844916],[140.0427969,35.2844391],[140.0435975,35.2841],[140.0445551,35.2843401],[140.0453078,35.2844335],[140.0467438,35.2841038],[140.0475057,35.2839704],[140.0484069,35.2838518],[140.0492439,35.2836237],[140.0504511,35.2831938],[140.0510374,35.2829345],[140.0512571,35.2829222],[140.0518193,35.2830488],[140.0522806,35.2832942],[140.0524783,35.283351],[140.0525017,35.2833436],[140.0528,35.2832216],[140.052863,35.283113],[140.0529347,35.2828502],[140.0532353,35.2824714],[140.053349,35.2821709],[140.0534521,35.2813961],[140.0534398,35.2805599],[140.0536782,35.280094],[140.054061,35.2800498],[140.0543009,35.2799458],[140.0552208,35.2790344],[140.0551259,35.2785422],[140.0551572,35.2784273],[140.055141,35.2784095],[140.0551713,35.2783755],[140.0552324,35.2781516],[140.0554469,35.2777324],[140.05594,35.2770034],[140.0563486,35.2765958],[140.0568777,35.2766564],[140.0581867,35.2771481],[140.05893,35.2774681],[140.0596038,35.277611],[140.0604003,35.2775661],[140.0612116,35.277362],[140.0620688,35.2770422],[140.0626476,35.2766928],[140.0634662,35.2765788],[140.063922,35.2767567],[140.0643027,35.2770292],[140.0647744,35.2775487],[140.0652238,35.2777765],[140.065809,35.2778446],[140.0661025,35.2779707],[140.0664245,35.2780177],[140.0670872,35.2783648],[140.0676712,35.2787617],[140.0681801,35.2789138],[140.0691012,35.2790428],[140.0698684,35.2789768],[140.0704655,35.2788526],[140.0714379,35.2785941],[140.0726153,35.2788216],[140.0729925,35.2787098],[140.0732528,35.2781749],[140.0733793,35.2776927],[140.073462,35.2770094],[140.073673,35.2762058],[140.0742974,35.27608],[140.0746178,35.2762881],[140.0747659,35.2767548],[140.0750349,35.2773503],[140.0757123,35.2775382],[140.0768054,35.2777478],[140.0773309,35.2781026],[140.0783981,35.2790149],[140.0790554,35.2792944],[140.0799818,35.2798301],[140.0805366,35.2798666],[140.0807309,35.2795388],[140.08072,35.2790644],[140.0805481,35.2786445],[140.0806526,35.2782314],[140.0808395,35.2778136],[140.0811418,35.2774572],[140.0813891,35.277104],[140.0814863,35.2766008],[140.0818089,35.2758135],[140.0819521,35.274516],[140.0819194,35.2737714],[140.081546,35.2732497],[140.0799483,35.2708972],[140.0795622,35.2702178],[140.0790406,35.2695687],[140.0784934,35.2689437],[140.0779261,35.268071],[140.0777122,35.2674724],[140.0779522,35.267029],[140.0784101,35.2665507],[140.0788772,35.266185],[140.0790146,35.2658379],[140.0789013,35.2654598],[140.0788117,35.2650351],[140.0789988,35.2642781],[140.0794694,35.2639574],[140.0801653,35.2636918],[140.0808244,35.2636545],[140.0813755,35.2636459],[140.0818498,35.2633703],[140.0820806,35.2628143],[140.0826025,35.2627848],[140.0829741,35.2629446],[140.0835617,35.2630471],[140.084014,35.2628405],[140.0845012,35.2623832],[140.0851257,35.261918],[140.085924,35.2615561],[140.0864878,35.2617051],[140.086788,35.2620048],[140.0872731,35.2622035],[140.087945,35.2623238],[140.0881739,35.2620846],[140.0884908,35.261569],[140.0886118,35.2610192],[140.0888902,35.2607094],[140.0893809,35.260297],[140.0902397,35.2596602],[140.0910069,35.2592549],[140.0910578,35.2592197],[140.0911105,35.2591399],[140.0912298,35.2591007],[140.091895,35.258639],[140.0923033,35.2585706],[140.0926785,35.2587755],[140.0929146,35.259305],[140.0932716,35.259624],[140.0939525,35.2598569],[140.0947232,35.260175],[140.0957851,35.260341],[140.0961641,35.2602517],[140.0964204,35.2600109],[140.0973269,35.2589416],[140.0982021,35.2581681],[140.0986873,35.2576881],[140.0988722,35.2572478],[140.0999488,35.256576],[140.1001338,35.2561357],[140.1003548,35.2558322],[140.100389,35.2554293],[140.1007318,35.2548008],[140.1021516,35.2532799],[140.10302,35.2527847],[140.1020812,35.2521013],[140.1013884,35.2515134],[140.1009969,35.2511487],[140.1011428,35.2506741],[140.1014385,35.2502753],[140.1013811,35.2496685],[140.1007863,35.2491717],[140.1006267,35.2486669],[140.1009317,35.2482895],[140.1011003,35.2476642],[140.1007709,35.2469695],[140.1002474,35.2461639],[140.1001499,35.2459648],[140.0999806,35.245168],[140.0997626,35.2449591],[140.099496,35.2449029],[140.0993141,35.2449222],[140.0985474,35.2449366],[140.097997,35.2444748],[140.0973881,35.2437422],[140.0966068,35.2430844],[140.0949,35.2423149],[140.0940917,35.2420007],[140.0935381,35.2413959],[140.0932974,35.2407711],[140.0931228,35.2403666],[140.0928487,35.2397995],[140.0922324,35.2391172],[140.0915615,35.2387148],[140.0907954,35.2379565],[140.0899866,35.2372347],[140.0893812,35.2366451],[140.0885238,35.2360816],[140.0877734,35.2356305],[140.0867971,35.2351978],[140.0858682,35.2346296],[140.085685,35.2344934],[140.0854787,35.2343289],[140.0849111,35.2338093],[140.0844154,35.2330675],[140.0838668,35.232677],[140.082683,35.2323054],[140.0818462,35.2322634],[140.0812007,35.232597],[140.0808871,35.2333608],[140.0809464,35.2344467],[140.0810879,35.2353167],[140.0812737,35.2362215],[140.0817489,35.2369979],[140.0815211,35.2370514],[140.081032,35.2370841],[140.0805444,35.2366996],[140.0799611,35.2367031],[140.0793502,35.2366428],[140.0790214,35.2363602],[140.0788338,35.2360991],[140.0786645,35.2357374],[140.0781312,35.2350892],[140.0777881,35.2347374],[140.0776976,35.2346703],[140.0774752,35.2341954],[140.0768194,35.2338294],[140.076462,35.2333632],[140.0761839,35.2331647],[140.0759225,35.2330698],[140.0756733,35.2326622],[140.0758832,35.2319289],[140.076226,35.2313005],[140.0763613,35.2307331],[140.0760889,35.2302374],[140.0754597,35.2301345],[140.0743965,35.2297034],[140.0737474,35.2294864],[140.072949,35.229601],[140.071125,35.2301848],[140.0705988,35.2307951],[140.0697905,35.2316322],[140.0692184,35.232136],[140.0679062,35.2330252],[140.0674363,35.2334271],[140.0671832,35.2337893],[140.0669696,35.2339719],[140.066136,35.2340728],[140.0659391,35.2338825],[140.0659855,35.2337607],[140.0658229,35.2328415],[140.0658099,35.2322565],[140.0656739,35.2313429],[140.0657719,35.2304088],[140.0658095,35.2289495],[140.0657756,35.2284301],[140.065729,35.228333],[140.065727,35.2282448],[140.0656293,35.2281252],[140.065502,35.22786],[140.0647788,35.2269156],[140.0643442,35.2264047],[140.0640428,35.2259218],[140.0636557,35.2253511],[140.0632459,35.2248475],[140.0628587,35.2241705],[140.062163,35.2230317],[140.0620293,35.2223295],[140.0618889,35.2217876],[140.0619761,35.2213759],[140.0620664,35.2210455],[140.0622692,35.2206958],[140.0625868,35.2203979],[140.0627905,35.2201148],[140.0630023,35.2197171],[140.0629954,35.2195881],[140.0630085,35.2195695],[140.0629695,35.2191046],[140.0628719,35.2183388],[140.0625135,35.2170521],[140.0627275,35.2164685],[140.0629265,35.2160215],[140.0628083,35.2158568],[140.062477,35.2156471],[140.0619592,35.215398],[140.0617413,35.215189],[140.060834,35.2140193],[140.0605027,35.2138097],[140.0601753,35.2136361],[140.0597432,35.2132854],[140.0593073,35.2124781],[140.0587953,35.211765],[140.0577639,35.2111586],[140.0569066,35.2102789],[140.056691,35.209884],[140.0562948,35.2095209],[140.0555906,35.2092325],[140.054766,35.2089651],[140.0543739,35.2088823],[140.0544634,35.2089744],[140.054314,35.2091106],[140.0541585,35.2091456],[140.0535118,35.2098152],[140.0530619,35.2108245],[140.0524729,35.2115354],[140.0520442,35.2121478],[140.051423,35.2127818],[140.0508144,35.213253],[140.0503149,35.2137926],[140.0500382,35.2140171],[140.0491559,35.2143736],[140.0477639,35.2152064],[140.0467865,35.2156686],[140.04667,35.2157098],[140.0451879,35.2160011],[140.0440339,35.2161721],[140.043402,35.2163336],[140.0431449,35.2164347],[140.0423031,35.2164448],[140.0417861,35.2165185],[140.0414001,35.2166745],[140.0408206,35.2169649],[140.0400027,35.2174756],[140.0391952,35.2180495],[140.0389291,35.2183969],[140.038436,35.2189186],[140.0381312,35.2197036],[140.037813,35.2210681],[140.0373281,35.2219778],[140.0367357,35.2225558],[140.036481,35.2226587],[140.0358203,35.222813],[140.035348,35.2228012],[140.0348683,35.2229837],[140.0333471,35.2235081],[140.0327393,35.2238661],[140.0325417,35.223856],[140.0322785,35.2238046],[140.032032,35.2237353],[140.0317677,35.2237971],[140.0311558,35.2240104],[140.0307698,35.2241663],[140.0303459,35.2243867],[140.0302515,35.2244144],[140.0301368,35.2248498],[140.0302209,35.2252436],[140.0303975,35.225724],[140.0307344,35.2261058],[140.0309599,35.2266452],[140.0310477,35.2267772],[140.0311355,35.2270088],[140.0312885,35.2276353],[140.0313637,35.2282848],[140.0312452,35.2292309],[140.031015,35.22985],[140.0307712,35.2301475],[140.0304138,35.2302544],[140.0300817,35.2305011],[140.0297383,35.2307974],[140.0289557,35.231046],[140.0282679,35.2311549],[140.0279036,35.2313245],[140.0276087,35.2315116],[140.0269727,35.2317315],[140.0265866,35.2319888],[140.0263836,35.2322641],[140.0263977,35.2329074],[140.0266377,35.234866],[140.0267024,35.2359119],[140.0266563,35.2367645],[140.0265894,35.2372787],[140.0264566,35.2376091],[140.0263692,35.2380057],[140.0264065,35.2381329],[140.0263485,35.2382217],[140.0264617,35.2386201],[140.0265799,35.2396406],[140.0267438,35.2407676],[140.0269693,35.2427158],[140.0270738,35.2439082],[140.0272286,35.2450138],[140.0275497,35.2457589],[140.0281732,35.2463914],[140.0287568,35.2467957],[140.0288214,35.2468547],[140.0297153,35.2479113],[140.0300662,35.2485465],[140.0302946,35.2494142],[140.0300843,35.2501473],[140.0297593,35.2508182],[140.0293594,35.2512473],[140.0286356,35.2516034],[140.0281639,35.2519336],[140.028103,35.2523352],[140.0284805,35.2528719],[140.028664,35.2532977],[140.028713,35.2535471],[140.0284478,35.2545602],[140.0284221,35.2549754],[140.0285445,35.2553951],[140.0294261,35.2558799],[140.0294001,35.2560874],[140.029289,35.2562901],[140.0290337,35.2564272],[140.0288127,35.2564725],[140.0282216,35.2569526],[140.027764,35.2573656],[140.027442,35.2577529],[140.0271392,35.2580374],[140.0265362,35.2587418],[140.0264138,35.2589607],[140.0259609,35.2595098],[140.0254991,35.2601979],[140.0252553,35.2607396],[140.0248882,35.2617191],[140.0247821,35.2618935],[140.0246703,35.2620072],[140.0249595,35.2619449],[140.0253178,35.2619411],[140.0256218,35.2620056],[140.0259001,35.2622285],[140.0261253,35.2626324],[140.0262387,35.2629022],[140.0263789,35.2631039],[140.026826,35.2636184],[140.0271328,35.2639313],[140.0274668,35.2641986],[140.0283047,35.265138],[140.0289206,35.2659443],[140.0294811,35.2667285],[140.0295384,35.2669085],[140.0295137,35.2671571],[140.0292701,35.2675434],[140.0280826,35.2673753],[140.0276668,35.2671765],[140.0270834,35.2667988],[140.0268608,35.2666206],[140.0262751,35.2660398],[140.0260824,35.2660644],[140.0260301,35.2663133],[140.0261743,35.2668535],[140.0263166,35.2672358],[140.0265129,35.2675273],[140.0270139,35.2679283],[140.0273486,35.2682634],[140.0276279,35.2685766],[140.0278828,35.2691608],[140.0280275,35.2697463],[140.028059,35.2700846],[140.0280057,35.2702431],[140.0280637,35.2704908],[140.0282614,35.2708952],[140.0284586,35.2712543],[140.0289362,35.2720168],[140.0290217,35.2722643],[140.0291058,35.2723763],[140.0295219,35.2725976],[140.0297724,35.2727982],[140.0299659,35.2728413],[140.0302138,35.2728161],[140.030518,35.2729032],[140.0307407,35.2730815],[140.0307189,35.2735783],[140.030615,35.2741212],[140.0305916,35.2744827],[140.0305126,35.2747996],[140.0304614,35.2751387],[140.0304666,35.2755902],[140.030443,35.2759291],[140.0304502,35.2765385],[140.0305954,35.2771691],[140.0307096,35.2775065],[140.0308514,35.2778437],[140.0309097,35.278114],[140.0309698,35.2785422],[140.0308898,35.2787688],[140.0297066,35.2789845],[140.02891,35.2792412],[140.0284996,35.2795164],[140.0282544,35.2797673],[140.0279829,35.2801313],[140.0276857,35.2806537],[140.0274407,35.2809272],[140.0271174,35.2815852],[140.0268769,35.2822424],[140.0268809,35.282581],[140.0269434,35.2832125],[140.0268943,35.2837322],[140.026926,35.2840931],[140.0269846,35.284386],[140.0273546,35.2853754],[140.0273601,35.2858494],[140.0274459,35.2861194],[140.027531,35.2863217],[140.0275806,35.2863613],[140.0289558,35.2859638]]]}},{"type":"Feature","properties":{"N03_001":"千葉県","N03_002":null,"N03_003":"市原郡","N03_004":"白鳥村","N03_005":"1889-04-01","N03_006":"1954-01-15","N03_007":"12000","name":"白鳥村","county":"市原郡","start":"1889-04-01","end":"1954-01-15","layer":"historical_admin"},"geometry":{"type":"Polygon","coordinates":[[[140.1256306,35.2440975],[140.1254295,35.2439447],[140.1253225,35.2439097],[140.1251731,35.2439447],[140.1250767,35.2440325],[140.1248094,35.2442256],[140.1247881,35.2443308],[140.124895,35.2444533],[140.1249592,35.2445586],[140.1249592,35.2446289],[140.1247239,35.2447606],[140.1241464,35.2454647],[140.1240822,35.2456139],[140.1240714,35.2459297],[140.1239111,35.2461575],[140.1239111,35.2462275],[140.1240011,35.2464475],[140.1243344,35.2466225],[140.1243678,35.2467592],[140.1243611,35.2468631],[140.1242078,35.247],[140.1239478,35.2471258],[140.1231586,35.2472803],[140.1224053,35.2475264],[140.1222519,35.2476192],[140.122212,35.2476956],[140.122212,35.2477722],[140.1222861,35.2479658],[140.1226128,35.2487072],[140.1226528,35.2491119],[140.1226861,35.2492214],[140.1227397,35.2492672],[140.1229464,35.2493331],[140.1230328,35.2493822],[140.1230528,35.2494861],[140.1230594,35.2496064],[140.1229195,35.2503522],[140.1229261,35.2505986],[140.1229683,35.25077],[140.1232206,35.2513647],[140.1231053,35.2517906],[140.1229467,35.2520506],[140.1228745,35.2522161],[140.1229611,35.252535],[140.1229642,35.2527011],[140.1228569,35.2532992],[140.1228275,35.2536425],[140.1227283,35.2538253],[140.1224067,35.2541603],[140.1219731,35.2545561],[140.1217458,35.2546839],[140.1215892,35.2548281],[140.1214292,35.2550467],[140.1211169,35.25534],[140.1210406,35.2554022],[140.1206353,35.2554283],[140.1205986,35.2554861],[140.120515,35.2557392],[140.1205531,35.25602],[140.1205531,35.2562072],[140.1204545,35.2565283],[140.1204314,35.2568717],[140.1204086,35.2570028],[140.1201953,35.2574222],[140.12018,35.2575533],[140.1202258,35.2578092],[140.1203858,35.2582461],[140.1203858,35.2583647],[140.1203019,35.2586289],[140.1201725,35.2589472],[140.1201192,35.2592156],[140.1200536,35.2594419],[140.11995,35.2595703],[140.1198447,35.2599742],[140.1197764,35.2601492],[140.1197917,35.2603739],[140.1197383,35.260505],[140.1196392,35.2606672],[140.1193719,35.2609175],[140.119075,35.2611358],[140.1187086,35.2615497],[140.118678,35.2618867],[140.1185561,35.2621864],[140.1186475,35.2624611],[140.11864,35.2625419],[140.1185789,35.2627619],[140.1184189,35.263205],[140.1184495,35.2633922],[140.1187389,35.2638542],[140.1191278,35.2646875],[140.1192344,35.2648686],[140.119593,35.2652897],[140.1197225,35.2655458],[140.1197758,35.2657517],[140.1199967,35.2661197],[140.12005,35.2662569],[140.1200272,35.2663319],[140.119928,35.2663881],[140.1195775,35.2666522],[140.1193794,35.2668456],[140.1192958,35.2669892],[140.1191889,35.2673233],[140.119143,35.2676606],[140.1190289,35.2678536],[140.1188689,35.2679972],[140.1190975,35.2690333],[140.1190897,35.2692519],[140.118912,35.26962],[140.1187422,35.269785],[140.11861,35.2699603],[140.1184892,35.2702617],[140.1184008,35.2706175],[140.1180733,35.2713469],[140.1179158,35.2718575],[140.1176694,35.2722725],[140.1172855,35.2727675],[140.1172917,35.2728706],[140.1175058,35.27318],[140.1176256,35.2732678],[140.1178025,35.2733153],[140.1181047,35.2733464],[140.1182872,35.2733928],[140.118413,35.2734547],[140.1185139,35.2735631],[140.1186147,35.2738536],[140.1187345,35.2747097],[140.118723,35.2751128],[140.1186914,35.2752622],[140.1186222,35.2754142],[140.1183767,35.2756153],[140.1182822,35.275765],[140.1182633,35.2758939],[140.1182569,35.2761569],[140.11832,35.2763478],[140.1186417,35.2767878],[140.1187047,35.2769892],[140.1187047,35.2770922],[140.1187611,35.2773503],[140.118875,35.2775889],[140.118925,35.2777386],[140.1189564,35.2778675],[140.1189189,35.2788344],[140.1189253,35.27926],[140.118982,35.2795644],[140.1190639,35.2797964],[140.1195111,35.2804678],[140.1195364,35.2805867],[140.1195492,35.2813578],[140.1196939,35.2816361],[140.1201914,35.2822667],[140.120267,35.2824472],[140.1202922,35.2825764],[140.1202608,35.2827311],[140.1201603,35.2829028],[140.1198769,35.2831192],[140.119592,35.2834361],[140.1192961,35.2836322],[140.1191386,35.2838333],[140.1190192,35.2839933],[140.1189372,35.2842719],[140.1187289,35.2845786],[140.1184645,35.2848722],[140.118307,35.2851972],[140.1178981,35.2854139],[140.1174878,35.2857931],[140.1172928,35.2866956],[140.1172361,35.2867986],[140.11711,35.2869019],[140.1168705,35.2870275],[140.1160144,35.2876311],[140.1157045,35.2879164],[140.1154969,35.2881486],[140.1154339,35.2881847],[140.1148736,35.2882414],[140.1147478,35.2883239],[140.1143064,35.2891567],[140.1143192,35.2893889],[140.1143883,35.2896208],[140.1145644,35.2897964],[140.114955,35.2900131],[140.1152067,35.2901108],[140.1163917,35.2902144],[140.1164045,35.2902506],[140.1163605,35.2906964],[140.1162911,35.2910886],[140.1161269,35.2913017],[140.1158814,35.2915544],[140.1157053,35.2916628],[140.115422,35.2917553],[140.115277,35.2918636],[140.1152142,35.2920031],[140.1151575,35.2922353],[140.1151889,35.2931714],[140.11517,35.2933725],[140.1150567,35.2937208],[140.1149056,35.2940664],[140.1148803,35.2942006],[140.1149244,35.2942986],[140.1151005,35.2944069],[140.115258,35.2945308],[140.1153342,35.2946872],[140.1154978,35.2952336],[140.1155858,35.2953781],[140.1157433,35.2954864],[140.1158822,35.2956744],[140.1161278,35.2961592],[140.1162728,35.2966969],[140.1162414,35.2969342],[140.1159569,35.2972514],[140.1156611,35.2974989],[140.1155478,35.2976847],[140.11551,35.2978497],[140.1157114,35.2982675],[140.1158561,35.2984378],[140.1160136,35.2985875],[140.116077,35.2987953],[140.116077,35.2990017],[140.1161525,35.2991769],[140.1163795,35.2995964],[140.1164253,35.2997511],[140.1168228,35.2988314],[140.1169328,35.2986267],[140.1171397,35.2983375],[140.117442,35.2982837],[140.1174849,35.2983102],[140.1178641,35.2983978],[140.1180646,35.2983474],[140.1185024,35.2983051],[140.1190411,35.298333],[140.119588,35.2982778],[140.1197721,35.2981831],[140.1198333,35.2980846],[140.1200491,35.2979131],[140.1203002,35.2978197],[140.1205535,35.2976072],[140.1206525,35.2974038],[140.1210725,35.2975188],[140.1212985,35.2974739],[140.1216026,35.2973651],[140.1220546,35.2972754],[140.122277,35.2973405],[140.1223652,35.2974671],[140.1226027,35.2976218],[140.1228233,35.297742],[140.123102,35.2977457],[140.1233531,35.2976522],[140.1236007,35.2976687],[140.1237013,35.297803],[140.1239015,35.2979347],[140.1242124,35.2980625],[140.1246998,35.2980508],[140.125107,35.2978933],[140.1254636,35.2982257],[140.1256306,35.2982759],[140.1256306,35.2440975]]]}},{"type":"Feature","properties":{"N03_001":"千葉県","N03_002":null,"N03_003":"君津郡","N03_004":"久留里町","N03_005":"1889-04-01","N03_006":"1954-10-01","N03_007":"12000","name":"久留里町","county":"君津郡","start":"1889-04-01","end":"1954-10-01","layer":"historical_admin"},"geometry":{"type":"Polygon","coordinates":[[[140.1163829,35.2996081],[140.1161525,35.2991769],[140.116077,35.2990017],[140.116077,35.2987953],[140.1160136,35.2985875],[140.1158561,35.2984378],[140.1157114,35.2982675],[140.11551,35.2978497],[140.1155478,35.2976847],[140.1156611,35.2974989],[140.1159569,35.2972514],[140.1162414,35.2969342],[140.1162728,35.2966969],[140.1161278,35.2961592],[140.1158822,35.2956744],[140.1157433,35.2954864],[140.1155858,35.2953781],[140.1154978,35.2952336],[140.1153342,35.2946872],[140.115258,35.2945308],[140.1151005,35.2944069],[140.1149244,35.2942986],[140.1148803,35.2942006],[140.1149056,35.2940664],[140.1150567,35.2937208],[140.11517,35.2933725],[140.1151889,35.2931714],[140.1151575,35.2922353],[140.1152142,35.2920031],[140.115277,35.2918636],[140.115422,35.2917553],[140.1157053,35.2916628],[140.1158814,35.2915544],[140.1161269,35.2913017],[140.1162911,35.2910886],[140.1163605,35.2906964],[140.1164045,35.2902506],[140.1163917,35.2902144],[140.1152067,35.2901108],[140.114955,35.2900131],[140.1145644,35.2897964],[140.1143883,35.2896208],[140.1143192,35.2893889],[140.1143064,35.2891567],[140.1147478,35.2883239],[140.1148736,35.2882414],[140.1154339,35.2881847],[140.1154969,35.2881486],[140.1157045,35.2879164],[140.1160144,35.2876311],[140.1168705,35.2870275],[140.11711,35.2869019],[140.1172361,35.2867986],[140.1172928,35.2866956],[140.1174878,35.2857931],[140.1178981,35.2854139],[140.118307,35.2851972],[140.1184645,35.2848722],[140.1187289,35.2845786],[140.1189372,35.2842719],[140.1190192,35.2839933],[140.1192961,35.2836322],[140.119592,35.2834361],[140.1198769,35.2831192],[140.1201603,35.2829028],[140.1202608,35.2827311],[140.1202922,35.2825764],[140.120267,35.2824472],[140.1201914,35.2822667],[140.1196939,35.2816361],[140.1195492,35.2813578],[140.1195364,35.2805867],[140.1195111,35.2804678],[140.1190639,35.2797964],[140.118982,35.2795644],[140.1189253,35.27926],[140.1189189,35.2788344],[140.1189564,35.2778675],[140.118875,35.2775889],[140.1187611,35.2773503],[140.1187047,35.2770922],[140.1187047,35.2769892],[140.1186417,35.2767878],[140.11832,35.2763478],[140.1182569,35.2761569],[140.1182633,35.2758939],[140.1182822,35.275765],[140.1183767,35.2756153],[140.1186222,35.2754142],[140.1186914,35.2752622],[140.118723,35.2751128],[140.1187345,35.2747097],[140.1186147,35.2738536],[140.1185139,35.2735631],[140.118413,35.2734547],[140.1182872,35.2733928],[140.1181047,35.2733464],[140.1178025,35.2733153],[140.1176256,35.2732678],[140.1175058,35.27318],[140.1172917,35.2728706],[140.1172855,35.2727675],[140.1176694,35.2722725],[140.1179158,35.2718575],[140.1180733,35.2713469],[140.1184008,35.2706175],[140.1184892,35.2702617],[140.11861,35.2699603],[140.1187422,35.269785],[140.118912,35.26962],[140.1190897,35.2692519],[140.1190975,35.2690333],[140.1188689,35.2679972],[140.1190289,35.2678536],[140.119143,35.2676606],[140.1191889,35.2673233],[140.1192958,35.2669892],[140.1193794,35.2668456],[140.1195775,35.2666522],[140.119928,35.2663881],[140.1200272,35.2663319],[140.12005,35.2662569],[140.1199967,35.2661197],[140.1197758,35.2657517],[140.1197225,35.2655458],[140.119593,35.2652897],[140.1192344,35.2648686],[140.1191278,35.2646875],[140.1187389,35.2638542],[140.1184495,35.2633922],[140.1184189,35.263205],[140.1185789,35.2627619],[140.11864,35.2625419],[140.1186475,35.2624611],[140.1185561,35.2621864],[140.118678,35.2618867],[140.1187086,35.2615497],[140.119075,35.2611358],[140.1193719,35.2609175],[140.1196392,35.2606672],[140.1197383,35.260505],[140.1197917,35.2603739],[140.1197764,35.2601492],[140.1198447,35.2599742],[140.11995,35.2595703],[140.1200536,35.2594419],[140.1201192,35.2592156],[140.1201725,35.2589472],[140.1203019,35.2586289],[140.1203858,35.2583647],[140.1203858,35.2582461],[140.1202258,35.2578092],[140.12018,35.2575533],[140.1201953,35.2574222],[140.1204086,35.2570028],[140.1204314,35.2568717],[140.1204545,35.2565283],[140.1205531,35.2562072],[140.1205531,35.25602],[140.120515,35.2557392],[140.1205986,35.2554861],[140.1206353,35.2554283],[140.1210406,35.2554022],[140.1211169,35.25534],[140.1214292,35.2550467],[140.1215892,35.2548281],[140.1217458,35.2546839],[140.1219731,35.2545561],[140.1224067,35.2541603],[140.1227283,35.2538253],[140.1228275,35.2536425],[140.1228569,35.2532992],[140.1229642,35.2527011],[140.1229611,35.252535],[140.1228745,35.2522161],[140.1229467,35.2520506],[140.1231053,35.2517906],[140.1232206,35.2513647],[140.1229683,35.25077],[140.1229261,35.2505986],[140.1229195,35.2503522],[140.1230594,35.2496064],[140.1230328,35.2493822],[140.1229464,35.2493331],[140.1221945,35.2495881],[140.1213159,35.2499774],[140.1208327,35.2501406],[140.1201243,35.2502488],[140.119522,35.2503058],[140.1189527,35.2504286],[140.1184659,35.2508861],[140.1179955,35.2515462],[140.1176257,35.2517483],[140.1166255,35.252148],[140.1162981,35.2522605],[140.115462,35.2526178],[140.1149951,35.2527554],[140.1136977,35.2530169],[140.1130409,35.2532045],[140.1126853,35.2533392],[140.1125212,35.253479],[140.1123336,35.253497],[140.1119986,35.2537875],[140.1118082,35.2540278],[140.1113883,35.2540208],[140.1109143,35.2539908],[140.1103822,35.2537856],[140.1099094,35.2536627],[140.1093773,35.2534575],[140.1088581,35.2533016],[140.1082529,35.2530577],[140.1076004,35.2528737],[140.1064056,35.2527852],[140.1057638,35.2528362],[140.1049294,35.2527769],[140.1037741,35.2527432],[140.103241,35.2526309],[140.1023584,35.2523031],[140.10302,35.2527847],[140.1021516,35.2532799],[140.1007318,35.2548008],[140.100389,35.2554293],[140.1003548,35.2558322],[140.1001338,35.2561357],[140.0999488,35.256576],[140.0988722,35.2572478],[140.0986873,35.2576881],[140.0982021,35.2581681],[140.0973269,35.2589416],[140.0964204,35.2600109],[140.0961641,35.2602517],[140.0957851,35.260341],[140.0947232,35.260175],[140.0939525,35.2598569],[140.0932716,35.259624],[140.0929146,35.259305],[140.0926785,35.2587755],[140.0923033,35.2585706],[140.091895,35.258639],[140.0912298,35.2591007],[140.0911105,35.2591399],[140.0910578,35.2592197],[140.0910069,35.2592549],[140.0902397,35.2596602],[140.0893809,35.260297],[140.0888902,35.2607094],[140.0886118,35.2610192],[140.0884908,35.261569],[140.0881739,35.2620846],[140.087945,35.2623238],[140.0872731,35.2622035],[140.086788,35.2620048],[140.0864878,35.2617051],[140.085924,35.2615561],[140.0851257,35.261918],[140.0845012,35.2623832],[140.084014,35.2628405],[140.0835617,35.2630471],[140.0829741,35.2629446],[140.0826025,35.2627848],[140.0820806,35.2628143],[140.0818498,35.2633703],[140.0813755,35.2636459],[140.0808244,35.2636545],[140.0801653,35.2636918],[140.0794694,35.2639574],[140.0789988,35.2642781],[140.0788117,35.2650351],[140.0789013,35.2654598],[140.0790146,35.2658379],[140.0788772,35.266185],[140.0784101,35.2665507],[140.0779522,35.267029],[140.0777122,35.2674724],[140.0779261,35.268071],[140.0784934,35.2689437],[140.0790406,35.2695687],[140.0795622,35.2702178],[140.0799483,35.2708972],[140.081546,35.2732497],[140.0819194,35.2737714],[140.0819521,35.274516],[140.0818089,35.2758135],[140.0814863,35.2766008],[140.0813891,35.277104],[140.0811418,35.2774572],[140.0808395,35.2778136],[140.0806526,35.2782314],[140.0805481,35.2786445],[140.08072,35.2790644],[140.0807309,35.2795388],[140.0805366,35.2798666],[140.0799818,35.2798301],[140.0790554,35.2792944],[140.0783981,35.2790149],[140.0773309,35.2781026],[140.0768054,35.2777478],[140.0757123,35.2775382],[140.0750349,35.2773503],[140.0747659,35.2767548],[140.0746178,35.2762881],[140.0742974,35.27608],[140.073673,35.2762058],[140.073462,35.2770094],[140.0733793,35.2776927],[140.0732528,35.2781749],[140.0729925,35.2787098],[140.0726153,35.2788216],[140.0714379,35.2785941],[140.0704655,35.2788526],[140.0698684,35.2789768],[140.0691012,35.2790428],[140.0681801,35.2789138],[140.0676712,35.2787617],[140.0670872,35.2783648],[140.0664245,35.2780177],[140.0661025,35.2779707],[140.065809,35.2778446],[140.0652238,35.2777765],[140.0647744,35.2775487],[140.0643027,35.2770292],[140.063922,35.2767567],[140.0634662,35.2765788],[140.0626476,35.2766928],[140.0620688,35.2770422],[140.0612116,35.277362],[140.0604003,35.2775661],[140.0596038,35.277611],[140.05893,35.2774681],[140.0581867,35.2771481],[140.0568777,35.2766564],[140.0563486,35.2765958],[140.05594,35.2770034],[140.0554469,35.2777324],[140.0552324,35.2781516],[140.0551713,35.2783755],[140.055141,35.2784095],[140.0551572,35.2784273],[140.0551259,35.2785422],[140.0552208,35.2790344],[140.0543009,35.2799458],[140.054061,35.2800498],[140.0536782,35.280094],[140.0534398,35.2805599],[140.0534521,35.2813961],[140.053349,35.2821709],[140.0532353,35.2824714],[140.0529347,35.2828502],[140.052863,35.283113],[140.0528,35.2832216],[140.0525017,35.2833436],[140.0524783,35.283351],[140.0522806,35.2832942],[140.0518193,35.2830488],[140.0512571,35.2829222],[140.0510374,35.2829345],[140.0504511,35.2831938],[140.0492439,35.2836237],[140.0484069,35.2838518],[140.0475057,35.2839704],[140.0467438,35.2841038],[140.0453078,35.2844335],[140.0445551,35.2843401],[140.0435975,35.2841],[140.0427969,35.2844391],[140.0424498,35.2844916],[140.0420855,35.2844943],[140.0416542,35.2846051],[140.0410771,35.2846716],[140.0404947,35.2846365],[140.0399289,35.2844648],[140.0393538,35.2845198],[140.0386614,35.2848302],[140.037912,35.2851211],[140.0369541,35.2852202],[140.0361447,35.2851074],[140.0354305,35.2851476],[140.0345384,35.2853787],[140.033802,35.2854879],[140.0332269,35.2855428],[140.0328955,35.2855389],[140.0325484,35.2853542],[140.0323146,35.2851055],[140.0320701,35.2850813],[140.0315843,35.2851758],[140.030585,35.2855061],[140.0300261,35.2856327],[140.0295362,35.285822],[140.0289558,35.2859638],[140.0275806,35.2863613],[140.027698,35.2864553],[140.0279475,35.2865657],[140.0289726,35.2869838],[140.029277,35.2870709],[140.0295265,35.2871812],[140.0297489,35.2873369],[140.0299726,35.2876054],[140.0301696,35.287942],[140.0302828,35.2881891],[140.0304259,35.2886391],[140.0304575,35.2889774],[140.0304063,35.2893165],[140.0303272,35.2896334],[140.0300536,35.2898169],[140.0294772,35.2900487],[140.028956,35.2902799],[140.0289583,35.2904831],[140.0289888,35.2907311],[140.0289358,35.2909122],[140.0288064,35.2911295],[140.0289949,35.2910947],[140.0293286,35.2912723],[140.0296924,35.2916529],[140.0299458,35.2920346],[140.0301416,35.292236],[140.0304767,35.2925266],[140.0306546,35.2927633],[140.030903,35.2930246],[140.0312819,35.2932747],[140.031518,35.293465],[140.031595,35.293489],[140.0318417,35.2934401],[140.032033,35.2932802],[140.0322537,35.2932556],[140.0325595,35.2934109],[140.0327546,35.2935446],[140.0331686,35.2935182],[140.0338019,35.2933542],[140.0342689,35.2931466],[140.0344868,35.2928962],[140.0345318,35.2920826],[140.0346939,35.2917875],[140.0351187,35.2915663],[140.0359534,35.2914026],[140.0362838,35.2912972],[140.0364666,35.2913685],[140.036567,35.2913635],[140.0368734,35.2915639],[140.0372079,35.2918093],[140.0375154,35.2921001],[140.0378776,35.2923452],[140.0382111,35.2925002],[140.0387091,35.2925633],[140.0392344,35.2926036],[140.039565,35.2925327],[140.04014,35.2921208],[140.0423599,35.2907223],[140.0427121,35.2901769],[140.0430948,35.2898571],[140.04348,35.2897406],[140.0438121,35.2897827],[140.0441458,35.2899602],[140.0445658,35.2904081],[140.0449582,35.2908561],[140.0452669,35.2912372],[140.0456054,35.2917987],[140.0459708,35.2922922],[140.0466106,35.2926477],[140.0470529,35.2926661],[140.0474105,35.2925498],[140.0477687,35.2924787],[140.0480461,35.2925665],[140.0482707,35.292858],[140.0482477,35.2932196],[140.0481973,35.2936041],[140.0481757,35.2940786],[140.0482925,35.2945744],[140.0486582,35.2950905],[140.0490017,35.2955217],[140.0493649,35.2957408],[140.0495259,35.2960258],[140.0495192,35.2960623],[140.0496113,35.2961884],[140.0496424,35.2964592],[140.0495621,35.2966632],[140.0497042,35.2969781],[140.0500963,35.2974036],[140.0507357,35.2977138],[140.0512334,35.2977543],[140.0517568,35.2976364],[140.0520854,35.2974075],[140.0524428,35.2972686],[140.0528577,35.2973099],[140.0531071,35.2973753],[140.053386,35.2975759],[140.0536679,35.2980251],[140.053867,35.2984749],[140.0542042,35.2989235],[140.0545401,35.2992591],[140.0551518,35.2995696],[140.0556507,35.2997005],[140.0565625,35.2997144],[140.0572802,35.2996625],[140.0577472,35.2994548],[140.0581301,35.2991575],[140.0587364,35.2990388],[140.0593185,35.2991915],[140.0602626,35.2995665],[140.0610985,35.3001233],[140.0616843,35.3005695],[140.0621879,35.3010617],[140.0624403,35.3013529],[140.0626374,35.3016447],[140.0628316,35.3017106],[140.062938,35.3013934],[140.062961,35.3010317],[140.0631753,35.3005102],[140.0636976,35.300302],[140.0644707,35.300272],[140.0656326,35.3003965],[140.0669314,35.3004293],[140.0675098,35.3002883],[140.0680584,35.2999894],[140.0694314,35.2993438],[140.0705325,35.2990397],[140.0710124,35.2989757],[140.0726856,35.2995828],[140.0728983,35.29957],[140.07302,35.2996195],[140.0733038,35.2995628],[140.073708,35.2994209],[140.0740174,35.2991944],[140.0743251,35.2990688],[140.0746594,35.2990931],[140.0747661,35.2991925],[140.075081,35.2992875],[140.0752323,35.2994954],[140.0754058,35.2996894],[140.0753769,35.2998065],[140.0750542,35.3004872],[140.0751445,35.3010511],[140.0752911,35.3017047],[140.0754653,35.3023581],[140.075527,35.3028544],[140.0755056,35.3033289],[140.075567,35.3038027],[140.0756804,35.3040274],[140.075793,35.3041845],[140.0761268,35.304362],[140.0768744,35.3044903],[140.0796956,35.3047343],[140.0802775,35.3048642],[140.081714,35.3048503],[140.0822109,35.3048229],[140.0829027,35.3049066],[140.0834296,35.3050596],[140.0837073,35.3051699],[140.0837647,35.3053274],[140.0837633,35.3053671],[140.0838485,35.3054202],[140.0837516,35.305712],[140.0837447,35.3059149],[140.0833719,35.3069801],[140.0831527,35.3071178],[140.0829052,35.3072105],[140.0827787,35.3073587],[140.0829465,35.3075749],[140.0832669,35.307783],[140.0836626,35.3078963],[140.0840381,35.3081012],[140.084452,35.3084397],[140.0846275,35.3086621],[140.0847768,35.3087735],[140.0851407,35.3091314],[140.0857072,35.3101875],[140.0858539,35.3108411],[140.085864,35.3116091],[140.0857909,35.3123551],[140.0857716,35.3129878],[140.0856649,35.3132825],[140.0851873,35.313758],[140.0849191,35.314204],[140.084415,35.3151374],[140.0843656,35.315314],[140.0843405,35.3155315],[140.0843747,35.3160281],[140.0845208,35.3166366],[140.0847489,35.3171765],[140.0851138,35.3176021],[140.0852106,35.3176795],[140.0858101,35.3180442],[140.0862626,35.3181769],[140.086695,35.3184012],[140.0870137,35.3185868],[140.0876066,35.3188678],[140.0878396,35.3189535],[140.0878975,35.3191563],[140.0878755,35.3195857],[140.0879073,35.3199016],[140.0880749,35.3200354],[140.0884917,35.3202121],[140.0889094,35.3204565],[140.0891914,35.320883],[140.0893917,35.3214005],[140.0895373,35.3219638],[140.0898222,35.3226161],[140.0900906,35.3241042],[140.0903217,35.32487],[140.090692,35.3257021],[140.0911425,35.3263302],[140.091617,35.326687],[140.0918939,35.3267295],[140.0920573,35.3265472],[140.0920808,35.3262308],[140.0920216,35.3259377],[140.0918495,35.325465],[140.0915093,35.3248133],[140.0910859,35.3241398],[140.0908588,35.3236902],[140.0907703,35.3232619],[140.0903941,35.321978],[140.0903061,35.3215949],[140.0903581,35.321346],[140.0905783,35.321276],[140.0907999,35.321319],[140.091357,35.3216525],[140.0916894,35.3217169],[140.0923811,35.321778],[140.0926565,35.3217075],[140.0929034,35.3215696],[140.0929004,35.3213437],[140.092704,35.3211197],[140.0920388,35.3209682],[140.0914024,35.3209066],[140.0905423,35.3206439],[140.0902639,35.3204885],[140.089984,35.3202201],[140.0898426,35.3199731],[140.0899787,35.3198136],[140.0903928,35.319787],[140.0910844,35.3198481],[140.0919725,35.320133],[140.0925836,35.3203756],[140.0931171,35.3206131],[140.0935375,35.3207279],[140.0943913,35.3210414],[140.0952761,35.3213984],[140.0959411,35.3217679],[140.09663,35.3220907],[140.0967975,35.3222011],[140.0973081,35.3223848],[140.0978616,35.3224472],[140.0985232,35.3223278],[140.0989908,35.3221651],[140.099153,35.3218924],[140.099232,35.321598],[140.0995314,35.3212562],[140.099996,35.3208677],[140.1004894,35.3205692],[140.1010949,35.3203825],[140.1014033,35.3204424],[140.1013461,35.3197192],[140.1014386,35.3191417],[140.1014247,35.3188425],[140.1014042,35.3186364],[140.1013339,35.3183881],[140.1012817,35.3180197],[140.101458,35.3173658],[140.1015708,35.3173094],[140.1028092,35.3173622],[140.1039086,35.3173497],[140.1041983,35.3173244],[140.1043675,35.3172217],[140.1047247,35.3169289],[140.1050144,35.3165319],[140.1052589,35.31626],[140.1052842,35.3161317],[140.1052214,35.3159211],[140.1051022,35.3157081],[140.1049956,35.3155847],[140.1049519,35.3154511],[140.1050458,35.3149272],[140.1050497,35.3147486],[140.1049014,35.3144681],[140.1051397,35.3140778],[140.1053967,35.3138003],[140.105642,35.3136964],[140.1060697,35.3135781],[140.1063003,35.3135372],[140.1068786,35.3133564],[140.1069917,35.3132744],[140.1071858,35.3129506],[140.1074555,35.3126939],[140.1077,35.3125706],[140.1078942,35.3125553],[140.1081136,35.3126219],[140.1084583,35.3127761],[140.1087861,35.3129636],[140.1088683,35.3130769],[140.1089222,35.3132025],[140.1089536,35.3134694],[140.1090717,35.3136925],[140.1092,35.3138306],[140.1093394,35.3139017],[140.109482,35.3139489],[140.1097578,35.31418],[140.1099019,35.3142467],[140.110123,35.3142556],[140.1103497,35.3142317],[140.110717,35.3140928],[140.1110303,35.3140775],[140.1113561,35.3140775],[140.111725,35.3142108],[140.1118589,35.3142108],[140.1119792,35.3141664],[140.1124,35.3139594],[140.112607,35.3139236],[140.1128008,35.3138536],[140.1129758,35.3137678],[140.1131272,35.3137747],[140.1133592,35.3138158],[140.1138481,35.3139544],[140.1142697,35.3141303],[140.1143886,35.3142228],[140.1145517,35.3144025],[140.1147208,35.3145156],[140.1156381,35.3148111],[140.1158636,35.3149172],[140.1160392,35.3149736],[140.1161144,35.3150197],[140.1162522,35.3153589],[140.1164089,35.3154719],[140.1166972,35.3155181],[140.1169605,35.3155028],[140.1171297,35.3155439],[140.1176019,35.3160283],[140.1178842,35.3161308],[140.1181222,35.3161772],[140.1181725,35.3161669],[140.1183292,35.3160181],[140.1184545,35.3158228],[140.1185861,35.3152708],[140.1187303,35.3149111],[140.1188242,35.3148239],[140.1193025,35.3146228],[140.1196786,35.3144278],[140.1200108,35.3142017],[140.1203492,35.3140783],[140.12097,35.3138933],[140.1215925,35.3138217],[140.1217456,35.3138522],[140.1220697,35.3137967],[140.1221397,35.3137108],[140.1221047,35.3133958],[140.1220175,35.3131381],[140.1221572,35.3124789],[140.1222969,35.3121064],[140.1223319,35.3116956],[140.1222619,35.3114233],[140.1222969,35.3111797],[140.1224194,35.3105925],[140.1225767,35.3102772],[140.1225242,35.3101339],[140.1222619,35.3097761],[140.1222533,35.3096378],[140.1223058,35.3093942],[140.1223233,35.3091936],[140.1221833,35.3087353],[140.1222533,35.3081736],[140.1221486,35.3075722],[140.1221486,35.3073717],[140.1220436,35.3071686],[140.1218511,35.3069253],[140.1217456,35.3068522],[140.1214572,35.3065889],[140.1211739,35.3062175],[140.1205567,35.3056386],[140.1204183,35.3055972],[140.1202861,35.3055919],[140.1201917,35.3056075],[140.1200405,35.3056797],[140.1198517,35.3056797],[140.1194992,35.3055767],[140.1191592,35.3055558],[140.119027,35.3055197],[140.1188192,35.3053703],[140.1185403,35.3052356],[140.118408,35.30522],[140.1182758,35.3052253],[140.1178983,35.3053594],[140.117697,35.3053439],[140.1175522,35.3052872],[140.1174325,35.3051839],[140.1171494,35.304735],[140.1170283,35.3044581],[140.117003,35.3043447],[140.1171039,35.3038497],[140.1172739,35.3034575],[140.1172797,35.3033372],[140.1172483,35.3031775],[140.1171161,35.3030536],[140.1168014,35.3028111],[140.1166378,35.3025169],[140.1166378,35.3023158],[140.1170661,35.3016219],[140.1170911,35.3014722],[140.1170408,35.3011833],[140.1169461,35.3007844],[140.116877,35.3006194],[140.1166503,35.3004492],[140.1164611,35.3001692],[140.1164172,35.3000297],[140.1164422,35.2998081],[140.1163829,35.2996081]]]}},{"type":"Feature","properties":{"N03_001":"千葉県","N03_002":null,"N03_003":"君津郡","N03_004":"小糸村","N03_005":"1889-04-01","N03_006":"1955-03-31","N03_007":"12000","name":"小糸村","county":"君津郡","start":"1889-04-01","end":"1955-03-31","layer":"historical_admin"},"geometry":{"type":"Polygon","coordinates":[[[140.0155999,35.3134912],[140.0162535,35.312762],[140.0164427,35.3124214],[140.0166056,35.3121939],[140.0168778,35.311875],[140.0177224,35.3109633],[140.0180489,35.3105761],[140.0182672,35.3103706],[140.0186198,35.3098477],[140.018754,35.3095303],[140.0189981,35.3091665],[140.0192432,35.308893],[140.0194869,35.3085067],[140.0196478,35.3080987],[140.0197268,35.3077818],[140.0198603,35.3073967],[140.0198564,35.3070581],[140.0195343,35.305436],[140.0196123,35.3050288],[140.0198563,35.3046651],[140.0200723,35.3042565],[140.0203163,35.3038928],[140.0205614,35.3036193],[140.0206418,35.3034153],[140.020667,35.3032118],[140.020661,35.3026927],[140.0205751,35.3024227],[140.020516,35.3020847],[140.0204302,35.3018147],[140.0202887,35.3015001],[140.0201458,35.3010727],[140.0197514,35.3003543],[140.0196921,35.2999938],[140.0195774,35.2996112],[140.0195461,35.2992955],[140.019569,35.2988889],[140.0198929,35.298276],[140.0201098,35.2979577],[140.0203546,35.2976616],[140.0205172,35.2974117],[140.0207623,35.2971382],[140.020981,35.2969778],[140.0212815,35.2967264],[140.0216379,35.2965421],[140.0221581,35.2962206],[140.022732,35.2957631],[140.0230335,35.2956019],[140.0233358,35.2955084],[140.0236094,35.295325],[140.0238266,35.2950292],[140.0241828,35.2948223],[140.0245147,35.2949092],[140.0247093,35.2950425],[140.024849,35.2951992],[140.0250735,35.2955354],[140.0251849,35.2956245],[140.0253222,35.295578],[140.0254861,35.2954408],[140.0257317,35.2952125],[140.0259221,35.2949847],[140.0262475,35.2945072],[140.0263268,35.2942129],[140.0264618,35.2939632],[140.0266527,35.2937806],[140.026872,35.2936655],[140.0272013,35.2935266],[140.0272829,35.2934354],[140.0273069,35.2931191],[140.0273037,35.2928482],[140.0273286,35.2926222],[140.0273252,35.2923288],[140.0272945,35.2920582],[140.0273465,35.2917867],[140.0274823,35.2916047],[140.027784,35.2914661],[140.0280859,35.29135],[140.0285534,35.2912323],[140.0288005,35.2911394],[140.0289358,35.2909122],[140.0289888,35.2907311],[140.0289583,35.2904831],[140.028956,35.2902799],[140.0294772,35.2900487],[140.0300536,35.2898169],[140.0303272,35.2896334],[140.0304063,35.2893165],[140.0304575,35.2889774],[140.0304259,35.2886391],[140.0302828,35.2881891],[140.0301696,35.287942],[140.0299726,35.2876054],[140.0297489,35.2873369],[140.0295265,35.2871812],[140.029277,35.2870709],[140.0289726,35.2869838],[140.027698,35.2864553],[140.027531,35.2863217],[140.0274459,35.2861194],[140.0273601,35.2858494],[140.0273546,35.2853754],[140.0269846,35.284386],[140.026926,35.2840931],[140.0268943,35.2837322],[140.0269434,35.2832125],[140.0268809,35.282581],[140.0268769,35.2822424],[140.0271174,35.2815852],[140.0274407,35.2809272],[140.0276857,35.2806537],[140.0279829,35.2801313],[140.0282544,35.2797673],[140.0284996,35.2795164],[140.02891,35.2792412],[140.0297066,35.2789845],[140.0308898,35.2787688],[140.0309698,35.2785422],[140.0309097,35.278114],[140.0308514,35.2778437],[140.0307096,35.2775065],[140.0305954,35.2771691],[140.0304502,35.2765385],[140.030443,35.2759291],[140.0304666,35.2755902],[140.0304614,35.2751387],[140.0305126,35.2747996],[140.0305916,35.2744827],[140.030615,35.2741212],[140.0307189,35.2735783],[140.0307407,35.2730815],[140.030518,35.2729032],[140.0302138,35.2728161],[140.0299659,35.2728413],[140.0297724,35.2727982],[140.0295219,35.2725976],[140.0291058,35.2723763],[140.0290217,35.2722643],[140.0289362,35.2720168],[140.0284586,35.2712543],[140.0282614,35.2708952],[140.0280637,35.2704908],[140.0280057,35.2702431],[140.028059,35.2700846],[140.0280275,35.2697463],[140.0278828,35.2691608],[140.0276279,35.2685766],[140.0273486,35.2682634],[140.0270139,35.2679283],[140.0265129,35.2675273],[140.0263166,35.2672358],[140.0261743,35.2668535],[140.0260301,35.2663133],[140.0260824,35.2660644],[140.0262751,35.2660398],[140.0268608,35.2666206],[140.0270834,35.2667988],[140.0276668,35.2671765],[140.0280826,35.2673753],[140.0292701,35.2675434],[140.0295137,35.2671571],[140.0295384,35.2669085],[140.0294811,35.2667285],[140.0289206,35.2659443],[140.0283047,35.265138],[140.0274668,35.2641986],[140.0271328,35.2639313],[140.026826,35.2636184],[140.0263789,35.2631039],[140.0262387,35.2629022],[140.0261253,35.2626324],[140.0259001,35.2622285],[140.0256218,35.2620056],[140.0253178,35.2619411],[140.0249595,35.2619449],[140.0245195,35.2620398],[140.0242176,35.2621558],[140.0236128,35.2622976],[140.0228147,35.2624188],[140.0225402,35.262512],[140.0218243,35.2625871],[140.0213572,35.2627275],[140.0208358,35.2629362],[140.0203711,35.2632796],[140.0202084,35.2635071],[140.0199083,35.2637811],[140.0196903,35.2640091],[140.0193627,35.2642835],[140.0191445,35.264489],[140.0187903,35.2648539],[140.0184078,35.2651513],[140.0181625,35.2654022],[140.0177527,35.2657225],[140.0174513,35.2658837],[140.017205,35.2660443],[140.0167668,35.2662972],[140.0163281,35.2665049],[140.0152304,35.2669452],[140.0143537,35.2674285],[140.0137218,35.2676156],[140.0122386,35.2681051],[140.0118813,35.2681991],[140.0106985,35.2684371],[140.0101766,35.2686006],[140.0092671,35.2686325],[140.0088819,35.2687043],[140.0085246,35.2687983],[140.0080568,35.2688709],[140.0076726,35.2690328],[140.0072875,35.2691045],[140.0069034,35.2692666],[140.0061905,35.2696125],[140.0059161,35.2697283],[140.0052571,35.2699608],[140.0049279,35.2700996],[140.0045978,35.2701708],[140.0040197,35.2702444],[140.0036345,35.2703161],[140.0031116,35.2703893],[140.0023668,35.2703518],[140.0012919,35.2703854],[140.0002717,35.2703734],[139.9998036,35.2704233],[139.9994177,35.2704273],[139.9990042,35.2704315],[139.9986178,35.2703904],[139.9976254,35.2704006],[139.9971282,35.2703154],[139.9968247,35.2702959],[139.9966299,35.2701398],[139.9965156,35.2697799],[139.9963464,35.2694429],[139.9962895,35.2692855],[139.9960677,35.2691749],[139.9956259,35.2691117],[139.9954893,35.269226],[139.9946072,35.269235],[139.9941388,35.2692624],[139.9937542,35.2693792],[139.9933425,35.2695414],[139.9926826,35.2697061],[139.9923251,35.2697775],[139.9920509,35.2699158],[139.9919153,35.2701203],[139.9919178,35.270346],[139.9920028,35.2705484],[139.99217,35.2707047],[139.9923913,35.2707702],[139.9929702,35.2707643],[139.9932474,35.2708968],[139.9933589,35.2710086],[139.9933895,35.2712792],[139.9933096,35.2715283],[139.993174,35.2717328],[139.992492,35.2723719],[139.9922758,35.2727579],[139.9921953,35.2729619],[139.9918954,35.2732585],[139.9916212,35.2733967],[139.9909616,35.273584],[139.9906037,35.2736328],[139.9903281,35.2736356],[139.9899978,35.2736841],[139.9897236,35.2738224],[139.989478,35.2740506],[139.9893151,35.274278],[139.9892803,35.2744435],[139.9892796,35.2742029],[139.9893379,35.2739806],[139.9889029,35.2738453],[139.988632,35.2737096],[139.987056,35.2731681],[139.9854422,35.2725773],[139.9846295,35.2721702],[139.9843237,35.272034],[139.9841889,35.2719089],[139.9838275,35.2714315],[139.9834837,35.27094],[139.9827815,35.2700198],[139.9824893,35.2696006],[139.9823325,35.2692492],[139.9822933,35.2690084],[139.9822283,35.2688844],[139.9816133,35.2689265],[139.981288,35.2689759],[139.9801728,35.2690934],[139.9798902,35.2690691],[139.9796262,35.2689449],[139.9793629,35.2687635],[139.9790861,35.2685305],[139.9785067,35.2678752],[139.9783383,35.2676352],[139.9781832,35.267447],[139.9780344,35.2673274],[139.9775175,35.2670249],[139.9771458,35.2668505],[139.976858,35.2666716],[139.9762976,35.2661939],[139.9759582,35.2659428],[139.9756808,35.2657669],[139.9754031,35.2656196],[139.9750765,35.2654774],[139.9747528,35.2653838],[139.9745711,35.2653982],[139.9744308,35.2654532],[139.9744497,35.2653248],[139.9743236,35.2650397],[139.9739212,35.2644929],[139.9736471,35.2643371],[139.9726008,35.2632885],[139.9724415,35.2631659],[139.9722363,35.263097],[139.9719028,35.2629432],[139.9716428,35.2627819],[139.9715703,35.2627036],[139.9715612,35.2625862],[139.9716358,35.2624643],[139.9718221,35.2623556],[139.9722671,35.2622165],[139.9724602,35.2621194],[139.9725871,35.2620126],[139.972634,35.2618732],[139.9723789,35.2609483],[139.9723932,35.2606082],[139.9724945,35.2602836],[139.9725699,35.2601046],[139.9726439,35.2600399],[139.9725884,35.2600048],[139.9724211,35.2599851],[139.9718103,35.2599614],[139.9707989,35.2598601],[139.970318,35.2597784],[139.9698368,35.2597253],[139.9696541,35.2598255],[139.9693455,35.2599466],[139.9688096,35.2601072],[139.9686443,35.260834],[139.9682862,35.2613233],[139.9680494,35.26158],[139.9679679,35.2616903],[139.9678942,35.2617264],[139.9677894,35.2617247],[139.9665759,35.2609625],[139.9660669,35.2605858],[139.965942,35.2605209],[139.9657227,35.2604575],[139.96551,35.2604343],[139.965356,35.2604662],[139.9650912,35.2610399],[139.9648572,35.2619859],[139.9646386,35.2621714],[139.964315,35.2623838],[139.9633034,35.2629232],[139.9631246,35.2629863],[139.9629882,35.2630042],[139.9626081,35.2629611],[139.962384,35.2630207],[139.9623031,35.2630737],[139.9623632,35.2633206],[139.9625195,35.2637006],[139.9625959,35.2640479],[139.9626276,35.2643344],[139.9626414,35.2646636],[139.9626137,35.264952],[139.9624878,35.265279],[139.9623877,35.2654892],[139.9622529,35.2656702],[139.9620667,35.2657788],[139.9618634,35.2658444],[139.9613212,35.2659361],[139.9611881,35.2659742],[139.9608413,35.2663807],[139.960671,35.2666184],[139.9607996,35.2669808],[139.961001,35.2673929],[139.9612173,35.2677137],[139.9616475,35.2682781],[139.9618067,35.2684006],[139.9618857,35.2685191],[139.9618316,35.2689817],[139.9615126,35.2700179],[139.9614765,35.2704378],[139.961517,35.2705643],[139.961655,35.2707095],[139.9619409,35.2710599],[139.9622464,35.2715309],[139.9624105,35.2718366],[139.9624713,35.2720263],[139.9624563,35.2721176],[139.9622298,35.2723773],[139.9619349,35.2728275],[139.9619157,35.2729845],[139.9619631,35.2731226],[139.9621524,35.2733686],[139.9623185,35.2735027],[139.9624288,35.2736303],[139.9624764,35.2737397],[139.9625016,35.2739861],[139.9624573,35.2745089],[139.9624022,35.2747511],[139.9622815,35.2749266],[139.962041,35.2751918],[139.9620195,35.2752429],[139.9621876,35.2755116],[139.9625424,35.276255],[139.9625731,35.2766273],[139.9625168,35.276984],[139.9624036,35.2774199],[139.9622203,35.2778833],[139.9619201,35.2784851],[139.9617671,35.2787373],[139.961656,35.2793076],[139.9615203,35.2798805],[139.9614994,35.2801805],[139.9616486,35.2802715],[139.9620099,35.2804429],[139.9623601,35.2806686],[139.9627638,35.2811009],[139.9629019,35.2815521],[139.9629643,35.2819049],[139.9629751,35.2821853],[139.9629373,35.2824422],[139.9628616,35.2826498],[139.9627403,35.2828826],[139.9623899,35.2832977],[139.9619532,35.2836113],[139.9618087,35.283732],[139.9617624,35.2838143],[139.9617748,35.2839518],[139.961875,35.2840477],[139.9624201,35.2849514],[139.9625233,35.285096],[139.9625742,35.2852255],[139.9625048,35.2855019],[139.9625192,35.2860799],[139.9627517,35.2869715],[139.9628148,35.2870979],[139.962903,35.2872244],[139.9631776,35.2874827],[139.96352,35.2877568],[139.963893,35.2880203],[139.9642553,35.2882231],[139.9645202,35.2882844],[139.9653896,35.2884249],[139.9657497,35.2885922],[139.9658738,35.2887428],[139.9660004,35.2889707],[139.9663135,35.289396],[139.9664826,35.2895787],[139.9669645,35.2900194],[139.9671448,35.290239],[139.967319,35.2903753],[139.9675331,35.2905902],[139.9679493,35.290854],[139.9680884,35.2909134],[139.9681262,35.2909626],[139.9680327,35.2910099],[139.9680445,35.2910393],[139.9679292,35.2911184],[139.9677682,35.2911545],[139.9673699,35.2911942],[139.967259,35.2913995],[139.9670395,35.2916029],[139.9668938,35.2916926],[139.9666383,35.2922155],[139.9666334,35.2923384],[139.9666879,35.2924594],[139.9668838,35.2926383],[139.9669847,35.2927898],[139.9669981,35.2928957],[139.9671052,35.2932495],[139.9672322,35.2934488],[139.9679093,35.2939516],[139.9682118,35.2939328],[139.968519,35.2939547],[139.9689652,35.2940359],[139.9693797,35.2941366],[139.9700933,35.2943621],[139.9707324,35.2946808],[139.9709818,35.2948677],[139.9711792,35.2949897],[139.9710457,35.2950648],[139.9715303,35.2955864],[139.9718038,35.295825],[139.9719823,35.2959182],[139.9725763,35.296143],[139.9731489,35.2962878],[139.9737357,35.2964668],[139.9739669,35.2966312],[139.9743282,35.2969695],[139.9744752,35.2970429],[139.9747963,35.297115],[139.9749711,35.2971996],[139.9751966,35.2975189],[139.9752314,35.2979971],[139.9752001,35.2984844],[139.9752297,35.2987249],[139.9753466,35.298979],[139.9754177,35.299179],[139.9754539,35.2993506],[139.9754061,35.2994886],[139.9750319,35.299795],[139.9749564,35.2999503],[139.9751183,35.3001727],[139.9751884,35.3002294],[139.975367,35.3003512],[139.9755664,35.3004386],[139.9757302,35.3004402],[139.9762377,35.3002588],[139.9764537,35.3002458],[139.9766212,35.3002846],[139.9767439,35.3003839],[139.9768109,35.3004895],[139.976812,35.3006328],[139.9768481,35.3008044],[139.9769367,35.3010186],[139.9770249,35.3011469],[139.9771055,35.3012294],[139.9770576,35.3013386],[139.9769193,35.3014829],[139.9767606,35.301719],[139.9766507,35.3019319],[139.9765978,35.3023391],[139.9766679,35.3028457],[139.9767365,35.3031804],[139.9767139,35.3034356],[139.976851,35.3041852],[139.9772265,35.3042417],[139.9777554,35.3042941],[139.9778385,35.3043635],[139.9779436,35.3045235],[139.9780522,35.3046429],[139.9781861,35.3046947],[139.9787803,35.3047344],[139.9790566,35.3047369],[139.9793143,35.3047262],[139.9794694,35.304702],[139.9796405,35.3045446],[139.9797371,35.3043346],[139.9797904,35.30411],[139.9801969,35.3033804],[139.9805154,35.3028776],[139.980656,35.3027308],[139.9808925,35.3026784],[139.9811721,35.3026404],[139.981473,35.3026443],[139.9820943,35.3027138],[139.982341,35.3027756],[139.9828166,35.3030526],[139.983043,35.3032393],[139.9832457,35.3034734],[139.9833533,35.303544],[139.9834941,35.3037505],[139.9836264,35.3038225],[139.9840748,35.3039519],[139.9843368,35.3040674],[139.9847438,35.3043975],[139.9849404,35.3045258],[139.985099,35.3045789],[139.98531,35.3045941],[139.9855399,35.3045602],[139.9852157,35.304796],[139.9850798,35.304978],[139.9850272,35.3052043],[139.9849459,35.3053406],[139.9848655,35.3055446],[139.9848948,35.3057023],[139.9848411,35.3058383],[139.9844839,35.3059548],[139.9842362,35.3060025],[139.9841273,35.306139],[139.9842131,35.306409],[139.984519,35.3066317],[139.9848783,35.3066957],[139.9851551,35.3067833],[139.9854865,35.306825],[139.9857623,35.3068222],[139.9863695,35.3068612],[139.9868617,35.3069279],[139.9860198,35.3070671],[139.9857125,35.3070944],[139.9853696,35.3070966],[139.9851527,35.3071457],[139.9848762,35.3072709],[139.9848209,35.3071473],[139.9846483,35.3069491],[139.9843232,35.3067781],[139.9841262,35.3065542],[139.9838883,35.306369],[139.9837646,35.3062223],[139.9835834,35.3060518],[139.9831646,35.305823],[139.9828467,35.3057331],[139.9826816,35.3057429],[139.9824883,35.3058087],[139.9820456,35.3058078],[139.9816177,35.3057245],[139.9813495,35.3056951],[139.9809981,35.305725],[139.9807417,35.3057039],[139.9805396,35.3056706],[139.9799903,35.3054676],[139.97963,35.3053984],[139.9794091,35.3054024],[139.9790373,35.3054516],[139.9786048,35.305441],[139.978401,35.3053897],[139.978135,35.3052605],[139.9780209,35.305222],[139.9777858,35.3051906],[139.977542,35.3051869],[139.9773369,35.3052444],[139.9770539,35.3052974],[139.9771173,35.30566],[139.9771835,35.3058823],[139.9772021,35.3060714],[139.9771657,35.3061788],[139.9769984,35.3062884],[139.9767155,35.3063414],[139.9762875,35.3062382],[139.9761143,35.3061479],[139.9754234,35.3057294],[139.9742625,35.3052635],[139.9736186,35.3051665],[139.9730542,35.3051851],[139.9728707,35.3052616],[139.9725658,35.3053459],[139.972471,35.3055237],[139.9725345,35.3058643],[139.9725836,35.3060426],[139.9726039,35.3063948],[139.9727069,35.3068055],[139.9727445,35.3071023],[139.9738462,35.3075444],[139.973928,35.3075939],[139.9739951,35.3077259],[139.9739978,35.3078798],[139.9745142,35.3085832],[139.9759239,35.3085086],[139.976027,35.3085478],[139.9761712,35.3086752],[139.9764458,35.3087767],[139.9767228,35.3089053],[139.9769558,35.3090365],[139.9771623,35.3092417],[139.9775126,35.3098189],[139.9776978,35.3100345],[139.9782489,35.3103824],[139.9784899,35.3106037],[139.9785887,35.3108425],[139.9787943,35.3110387],[139.97927,35.3114092],[139.9796499,35.3118216],[139.9797422,35.3119883],[139.9796684,35.3120289],[139.9796291,35.3124571],[139.979802,35.3127821],[139.9798897,35.3130216],[139.9799764,35.3131252],[139.9801679,35.313286],[139.9805786,35.3134247],[139.9808723,35.3136157],[139.9815899,35.3142165],[139.9817633,35.3144237],[139.9818581,35.3146174],[139.9819923,35.3152528],[139.9820712,35.3153931],[139.9810483,35.3153011],[139.9809767,35.3154106],[139.9809614,35.3155656],[139.9809886,35.3156289],[139.9811094,35.3157181],[139.9811739,35.3158142],[139.9813133,35.3164244],[139.9813939,35.3165761],[139.9814636,35.31667],[139.9815586,35.3167561],[139.9817567,35.3168636],[139.9820208,35.316895],[139.9825297,35.316825],[139.9825858,35.3168447],[139.9828061,35.3169972],[139.9829225,35.317215],[139.9829481,35.3176367],[139.9830053,35.3178086],[139.9830686,35.3179014],[139.9832167,35.3180486],[139.9832522,35.3182464],[139.9832522,35.3184192],[139.9834314,35.3187322],[139.9836761,35.3193381],[139.9837647,35.3194692],[139.98387,35.3195781],[139.9841178,35.3197419],[139.9842981,35.3197689],[139.9846592,35.3197128],[139.98528,35.3196761],[139.9859936,35.3195275],[139.9860692,35.3194833],[139.986253,35.31917],[139.9863356,35.3190578],[139.9864381,35.3189897],[139.9866114,35.3189272],[139.9867842,35.3187739],[139.9869339,35.3183483],[139.986965,35.3182947],[139.9872119,35.3181714],[139.9873597,35.3180378],[139.9875075,35.317765],[139.9876172,35.3174919],[139.9877433,35.3174206],[139.9877914,35.3174261],[139.9880839,35.3177425],[139.9883975,35.3179681],[139.9886456,35.3182803],[139.9888644,35.3186486],[139.9890078,35.3187567],[139.9893325,35.319145],[139.9897839,35.3195025],[139.9899156,35.3196997],[139.9899089,35.3197667],[139.9897992,35.3199833],[139.98931,35.3206464],[139.9892269,35.3208611],[139.9891675,35.3210983],[139.9891903,35.3212267],[139.9891767,35.3217108],[139.9892178,35.3220536],[139.9891489,35.3222669],[139.9887978,35.3225508],[139.9891305,35.3229525],[139.9895239,35.3230886],[139.9895772,35.3230828],[139.9895914,35.3229256],[139.9898222,35.3219031],[139.9898733,35.3215503],[139.9899295,35.3213264],[139.9902161,35.3205544],[139.9906955,35.3196989],[139.9912083,35.3190597],[139.9916308,35.3187486],[139.9921103,35.3182961],[139.9923961,35.3177389],[139.992572,35.3176075],[139.9928705,35.3175447],[139.9933089,35.3175267],[139.9939797,35.3174506],[139.994287,35.3174361],[139.9945875,35.3173861],[139.9948945,35.3172936],[139.9953011,35.3170811],[139.9953653,35.3169944],[139.9953983,35.31684],[139.995513,35.3166958],[139.9967558,35.3155203],[139.9968222,35.3154208],[139.9967558,35.3151189],[139.9966395,35.3150058],[139.9966089,35.3148556],[139.9966395,35.3146736],[139.9967558,35.3144478],[139.9968697,35.3143125],[139.9969286,35.3137394],[139.9969617,35.3136675],[139.9970095,35.3136164],[139.9971158,35.3136283],[139.9971489,35.3137006],[139.9971711,35.3143561],[139.9973403,35.3146408],[139.9973697,35.3147372],[139.9972742,35.3152225],[139.9975603,35.3156225],[139.9976158,35.3175383],[139.9977358,35.3183917],[139.9978114,35.3187486],[139.9978203,35.3192328],[139.9978719,35.3196578],[139.9979742,35.3202742],[139.9980658,35.3205367],[139.9980981,35.3207394],[139.9980764,35.3211975],[139.9980172,35.3214969],[139.997745,35.3221094],[139.9977189,35.3223758],[139.9977386,35.3226794],[139.9978817,35.3233511],[139.99794,35.3239725],[139.9978555,35.3242656],[139.9978619,35.3250117],[139.9978944,35.3253186],[139.9979725,35.3256117],[139.9980764,35.3258778],[139.9983755,35.3261708],[139.9986897,35.3265206],[139.9988003,35.3267017],[139.9990214,35.3268614],[139.9994636,35.3270586],[139.9998145,35.3272986],[140.0000681,35.3274106],[140.0001461,35.3274264],[140.0002503,35.3273731],[140.0002697,35.3271333],[140.0003803,35.3270639],[140.0008681,35.3269842],[140.0012081,35.3269792],[140.0012992,35.3270433],[140.0014292,35.3273311],[140.0014617,35.3275228],[140.0014683,35.3277947],[140.0014164,35.3281514],[140.0014425,35.3285861],[140.001592,35.3294389],[140.0016375,35.3298811],[140.0015397,35.3302147],[140.0011755,35.3309342],[140.0010714,35.3313711],[140.001052,35.331515],[140.0012275,35.3320508],[140.0012275,35.3323067],[140.0011236,35.3326531],[140.0011233,35.3328183],[140.0011753,35.3330419],[140.001222,35.3330986],[140.0012986,35.3330936],[140.001387,35.3330358],[140.0014164,35.3327508],[140.0015111,35.3322647],[140.0015169,35.3319844],[140.0014933,35.3317722],[140.0014053,35.3315694],[140.0013875,35.3313617],[140.0015289,35.330985],[140.0019303,35.3302967],[140.0021189,35.3300647],[140.0026914,35.3294689],[140.003052,35.3290508],[140.0033703,35.3287561],[140.0037772,35.3283008],[140.0039895,35.3280933],[140.0041544,35.3278664],[140.0043025,35.3276194],[140.0045147,35.3273103],[140.0046797,35.3271508],[140.0049036,35.3268358],[140.0049331,35.32672],[140.0048505,35.3261869],[140.0050155,35.3257189],[140.0051158,35.3254819],[140.0053105,35.3252044],[140.0055758,35.3249003],[140.0060714,35.3240197],[140.0063903,35.3233375],[140.0065317,35.3231492],[140.0067089,35.3230083],[140.0069625,35.3227425],[140.0071336,35.3224117],[140.0073455,35.3221847],[140.0074692,35.3219917],[140.0075106,35.3217889],[140.0075164,35.3214458],[140.00744,35.3210914],[140.0074756,35.3210431],[140.0075108,35.3210431],[140.0077405,35.3211494],[140.0078525,35.3211592],[140.0081531,35.3210383],[140.0083372,35.3209364],[140.0085025,35.3207383],[140.008585,35.32055],[140.0086381,35.3202697],[140.0087794,35.3199947],[140.0089092,35.3198594],[140.0099422,35.3193592],[140.0100895,35.3192192],[140.0102367,35.3190161],[140.0102839,35.3188714],[140.0101661,35.3184247],[140.0101367,35.3181786],[140.0101781,35.3180481],[140.0104319,35.3177622],[140.0104672,35.3176561],[140.0104672,35.3173953],[140.0105086,35.3171053],[140.0107797,35.3161911],[140.0109333,35.3159286],[140.0111158,35.3156919],[140.01134,35.3155228],[140.0120186,35.3154156],[140.0122247,35.3152997],[140.0124017,35.3151356],[140.0125667,35.3149083],[140.0128436,35.3147731],[140.0128975,35.3146361],[140.0128975,35.3142886],[140.012927,35.3141681],[140.0132455,35.3137547],[140.0133575,35.3134747],[140.0136169,35.3132572],[140.0137467,35.3130642],[140.0138828,35.3127297],[140.0139358,35.3126864],[140.0140242,35.3126864],[140.015085,35.3132369],[140.0155578,35.3135003],[140.0155999,35.3134912]]]}},{"type":"Feature","properties":{"N03_001":"千葉県","N03_002":null,"N03_003":"君津郡","N03_004":"駒山村","N03_005":"1889-04-01","N03_006":"1937-04-01","N03_007":"12000","name":"駒山村","county":"君津郡","start":"1889-04-01","end":"1937-04-01","layer":"historical_admin"},"geometry":{"type":"Polygon","coordinates":[[[139.9386707,35.2049722],[139.9383505,35.203727],[139.9379009,35.202814],[139.9376756,35.2023954],[139.9374062,35.2018249],[139.9371338,35.2014816],[139.9371412,35.2009135],[139.9373351,35.2001956],[139.9377224,35.1997294],[139.9380151,35.1992779],[139.9381269,35.1985556],[139.9382567,35.1980354],[139.9385496,35.197567],[139.9394302,35.1960274],[139.9394343,35.1957079],[139.9391948,35.195218],[139.9386313,35.1944394],[139.9381043,35.1939975],[139.9377604,35.1936581],[139.9375599,35.19332],[139.9374017,35.1928813],[139.937205,35.1922572],[139.9371377,35.1911298],[139.9371463,35.1904739],[139.9374603,35.1899553],[139.9379962,35.1897077],[139.9386749,35.1895118],[139.9391502,35.1891964],[139.9395845,35.1888807],[139.9398554,35.1885299],[139.9398655,35.1877563],[139.9397273,35.1873514],[139.9396325,35.1867619],[139.9402179,35.1858588],[139.940761,35.1850563],[139.9409301,35.1846541],[139.9409356,35.1842337],[139.9410637,35.1838311],[139.9412533,35.1834291],[139.9412982,35.1831268],[139.9409994,35.1824682],[139.9406798,35.1818431],[139.9410411,35.1792562],[139.9414756,35.1773426],[139.9416406,35.1756789],[139.9427503,35.1738217],[139.9436418,35.1714076],[139.9438377,35.1705179],[139.9437854,35.169811],[139.9434546,35.1684626],[139.9435034,35.1678576],[139.9439864,35.1669367],[139.9439385,35.16629],[139.9087689,35.16629],[139.9088759,35.1663386],[139.909156,35.1663654],[139.909684,35.1663756],[139.9099758,35.1663236],[139.910287,35.1667229],[139.910409,35.16708],[139.9104267,35.1675964],[139.910168,35.1680511],[139.9098766,35.1683491],[139.9092436,35.169081],[139.9089067,35.1696496],[139.9088109,35.1700559],[139.908888,35.170706],[139.9091515,35.171195],[139.9095247,35.1716817],[139.9101089,35.1727259],[139.9100185,35.1732895],[139.9098132,35.1736981],[139.9095796,35.1740848],[139.9092646,35.1744957],[139.9089809,35.1750183],[139.9088373,35.1756279],[139.908804,35.1762577],[139.9088225,35.1767965],[139.9084962,35.1776795],[139.9085672,35.1781499],[139.9088878,35.1787051],[139.9093463,35.17928],[139.9097407,35.1795865],[139.9098169,35.1796121],[139.9101853,35.1799929],[139.9105229,35.1803117],[139.9108559,35.1805852],[139.91129,35.1807609],[139.9119352,35.1808315],[139.9123347,35.1806684],[139.9128558,35.1806108],[139.9131819,35.1805434],[139.9138088,35.1807063],[139.9140339,35.1810098],[139.9143165,35.1813322],[139.9146427,35.1818109],[139.9149739,35.1823478],[139.9152948,35.1832033],[139.9155608,35.1837596],[139.9159668,35.1844029],[139.9164556,35.1845381],[139.9170208,35.1849963],[139.9176018,35.1852532],[139.9181347,35.1855816],[139.9184264,35.1857213],[139.9186493,35.1860021],[139.9189434,35.1864375],[139.9189897,35.1871624],[139.9190751,35.1879986],[139.9188894,35.1886253],[139.9188184,35.1890168],[139.9187774,35.189702],[139.9188006,35.190201],[139.9188973,35.1906041],[139.9191546,35.1909509],[139.919536,35.1911529],[139.9197818,35.1913867],[139.9200353,35.1915697],[139.9205072,35.1920171],[139.9211685,35.1929023],[139.9216021,35.1935451],[139.9217812,35.1939683],[139.9218804,35.1944607],[139.9220353,35.1949743],[139.9221665,35.1956007],[139.921511,35.1956816],[139.9213948,35.1957473],[139.9214659,35.1995816],[139.9209262,35.2002892],[139.9213952,35.2012827],[139.921674,35.2020767],[139.9216661,35.2026703],[139.9222269,35.2040208],[139.9222159,35.2048518],[139.9221578,35.2056032],[139.9225828,35.2062798],[139.923263,35.2058901],[139.9232724,35.2051778],[139.9236628,35.2048251],[139.9241496,35.2044732],[139.9251123,35.2046005],[139.9267903,35.2053278],[139.927754,35.2053759],[139.9315643,35.2052908],[139.9340215,35.2054312],[139.9350745,35.2060341],[139.9365364,35.2053579],[139.9368039,35.2061964],[139.9386707,35.2049722]]]}},{"type":"Feature","properties":{"N03_001":"千葉県","N03_002":null,"N03_003":"君津郡","N03_004":"竹岡村","N03_005":"1889-04-01","N03_006":"1955-03-31","N03_007":"12000","name":"竹岡村","county":"君津郡","start":"1889-04-01","end":"1955-03-31","layer":"historical_admin"},"geometry":{"type":"Polygon","coordinates":[[[139.874906,35.1877853],[139.8756038,35.1870401],[139.8760347,35.1868067],[139.8762798,35.1867569],[139.8762898,35.1854309],[139.8764178,35.1835409],[139.8766485,35.1822555],[139.8766326,35.1809751],[139.8765405,35.1798759],[139.8765079,35.1789104],[139.8770156,35.1777093],[139.877391,35.1766457],[139.8776049,35.1756752],[139.8773674,35.1751407],[139.8771277,35.1745388],[139.8768697,35.1725892],[139.876617,35.1716056],[139.8762494,35.1704671],[139.8760211,35.1693931],[139.8756741,35.1688608],[139.8757905,35.1682518],[139.8758027,35.1678022],[139.8757396,35.1667474],[139.8757031,35.1664785],[139.8760157,35.16629],[139.874906,35.16629],[139.874906,35.1877853]]]}},{"type":"Feature","properties":{"N03_001":"千葉県","N03_002":null,"N03_003":"君津郡","N03_004":"天神山村","N03_005":"1889-04-01","N03_006":"1955-03-31","N03_007":"12000","name":"天神山村","county":"君津郡","start":"1889-04-01","end":"1955-03-31","layer":"historical_admin"},"geometry":{"type":"Polygon","coordinates":[[[139.9099533,35.2218025],[139.909934,35.2212412],[139.9099444,35.2207467],[139.9100325,35.2201158],[139.910011,35.2194871],[139.9100145,35.2187905],[139.9099335,35.2180282],[139.9097923,35.2171098],[139.9097159,35.2164822],[139.9097605,35.2153803],[139.9099016,35.2138944],[139.9097437,35.213291],[139.9096925,35.2125954],[139.9097265,35.2119881],[139.9097019,35.2112695],[139.9102894,35.2099993],[139.910503,35.2090287],[139.9104684,35.2080183],[139.9104225,35.2074799],[139.9102913,35.2068534],[139.9099902,35.2060731],[139.9098134,35.2057172],[139.9096556,35.2051138],[139.909943,35.2038945],[139.9102214,35.2032148],[139.9104002,35.2028292],[139.9106933,35.202576],[139.9109269,35.2021893],[139.9110721,35.2016246],[139.911132,35.2009718],[139.9113054,35.200429],[139.9115352,35.1999299],[139.911953,35.1993147],[139.9122955,35.1989033],[139.9128345,35.1986227],[139.9135669,35.198383],[139.914463,35.1981176],[139.9153911,35.1979863],[139.9165119,35.1978735],[139.9178465,35.1975991],[139.9186657,35.1974924],[139.9192039,35.1971893],[139.9197398,35.1968188],[139.9205154,35.1962412],[139.921511,35.1956816],[139.9221665,35.1956007],[139.9220353,35.1949743],[139.9218804,35.1944607],[139.9217812,35.1939683],[139.9216021,35.1935451],[139.9211685,35.1929023],[139.9205072,35.1920171],[139.9200353,35.1915697],[139.9197818,35.1913867],[139.919536,35.1911529],[139.9191546,35.1909509],[139.9188973,35.1906041],[139.9188006,35.190201],[139.9187774,35.189702],[139.9188184,35.1890168],[139.9188894,35.1886253],[139.9190751,35.1879986],[139.9189897,35.1871624],[139.9189434,35.1864375],[139.9186493,35.1860021],[139.9184264,35.1857213],[139.9181347,35.1855816],[139.9176018,35.1852532],[139.9170208,35.1849963],[139.9164556,35.1845381],[139.9159668,35.1844029],[139.9155608,35.1837596],[139.9152948,35.1832033],[139.9149739,35.1823478],[139.9146427,35.1818109],[139.9143165,35.1813322],[139.9140339,35.1810098],[139.9138088,35.1807063],[139.9131819,35.1805434],[139.9128558,35.1806108],[139.9123347,35.1806684],[139.9119352,35.1808315],[139.91129,35.1807609],[139.9108559,35.1805852],[139.9105229,35.1803117],[139.9101853,35.1799929],[139.9098169,35.1796121],[139.9097407,35.1795865],[139.9093463,35.17928],[139.9088878,35.1787051],[139.9085672,35.1781499],[139.9084962,35.1776795],[139.9088225,35.1767965],[139.908804,35.1762577],[139.9088373,35.1756279],[139.9089809,35.1750183],[139.9092646,35.1744957],[139.9095796,35.1740848],[139.9098132,35.1736981],[139.9100185,35.1732895],[139.9101089,35.1727259],[139.9095247,35.1716817],[139.9091515,35.171195],[139.908888,35.170706],[139.9088109,35.1700559],[139.9089067,35.1696496],[139.9092436,35.169081],[139.9098766,35.1683491],[139.910168,35.1680511],[139.9104267,35.1675964],[139.910409,35.16708],[139.910287,35.1667229],[139.9099758,35.1663236],[139.909684,35.1663756],[139.909156,35.1663654],[139.9088759,35.1663386],[139.9087689,35.16629],[139.8760157,35.16629],[139.8757031,35.1664785],[139.8757396,35.1667474],[139.8758027,35.1678022],[139.8757905,35.1682518],[139.8756741,35.1688608],[139.8760211,35.1693931],[139.8762494,35.1704671],[139.876617,35.1716056],[139.8768697,35.1725892],[139.8771277,35.1745388],[139.8773674,35.1751407],[139.8776049,35.1756752],[139.877391,35.1766457],[139.8770156,35.1777093],[139.8765079,35.1789104],[139.8765405,35.1798759],[139.8766326,35.1809751],[139.8766485,35.1822555],[139.8764178,35.1835409],[139.8762898,35.1854309],[139.8762798,35.1867569],[139.8760347,35.1868067],[139.8756038,35.1870401],[139.874906,35.1877853],[139.874906,35.2137702],[139.8755939,35.214357],[139.8762275,35.2149639],[139.8766041,35.2154425],[139.8769167,35.2157046],[139.8770588,35.2159206],[139.8772725,35.2161081],[139.877856,35.2164818],[139.8784241,35.2166806],[139.8787282,35.2166592],[139.8789947,35.2165972],[139.8792372,35.216478],[139.8798178,35.2162682],[139.8800365,35.2160916],[139.880211,35.2158465],[139.8803537,35.215525],[139.8805779,35.2148478],[139.880818,35.2142089],[139.8809786,35.2139804],[139.881259,35.2135008],[139.8815767,35.2127975],[139.8817263,35.2125678],[139.8819102,35.2121323],[139.8820459,35.2119193],[139.882208,35.2118824],[139.882534,35.2118634],[139.8828869,35.2118838],[139.883198,35.2119543],[139.8837367,35.2121955],[139.8839201,35.2122976],[139.8841233,35.2127481],[139.8842346,35.2132159],[139.8841153,35.2137314],[139.8840636,35.2141084],[139.8840775,35.2144926],[139.8840486,35.2147993],[139.8840759,35.215103],[139.8841415,35.2153107],[139.8842648,35.2155064],[139.8843781,35.2156281],[139.8844859,35.2158495],[139.8846206,35.2163107],[139.8848179,35.216797],[139.8849019,35.2169612],[139.8850678,35.2172345],[139.8851503,35.2174075],[139.8853884,35.2177161],[139.8855937,35.2178206],[139.8859441,35.2179226],[139.8863283,35.2179556],[139.8866812,35.2179759],[139.8883855,35.217971],[139.8896256,35.2180793],[139.8904661,35.2179798],[139.8906918,35.2178952],[139.8909288,35.2176751],[139.8910944,35.2174836],[139.8912295,35.2172068],[139.8912733,35.217011],[139.891318,35.2167425],[139.8913121,35.2163774],[139.8912738,35.2160725],[139.8912007,35.2159097],[139.8911739,35.2156698],[139.8911823,35.2156189],[139.8910995,35.2152418],[139.8911687,35.2148584],[139.8913203,35.2144734],[139.8915319,35.2142444],[139.8918255,35.2141535],[139.8918578,35.2141044],[139.8920923,35.2139659],[139.8923319,35.2138645],[139.892642,35.2138073],[139.8931932,35.2138403],[139.8934656,35.213943],[139.8941694,35.2143297],[139.8949676,35.2146174],[139.8951261,35.214735],[139.8953846,35.2148544],[139.8962107,35.2151087],[139.8964592,35.2151541],[139.8967136,35.2151637],[139.8968851,35.2151369],[139.8971272,35.2151542],[139.8977474,35.2152402],[139.8980586,35.2153107],[139.8983593,35.2154438],[139.8986212,35.2156091],[139.8991113,35.216009],[139.8994752,35.2164315],[139.8997158,35.2166582],[139.8999425,35.2169017],[139.9004073,35.2174537],[139.9005738,35.2175903],[139.9007528,35.2179197],[139.900883,35.2182073],[139.9016167,35.2188159],[139.9017261,35.2190284],[139.901933,35.2197253],[139.9019708,35.2199664],[139.9021662,35.2203977],[139.9023034,35.2207772],[139.9023487,35.221174],[139.9024233,35.221328],[139.9026028,35.2215207],[139.9028469,35.2215929],[139.9030919,35.2215923],[139.9033454,35.2214742],[139.903559,35.2210602],[139.9036987,35.220957],[139.9039954,35.2209803],[139.9042211,35.2210961],[139.9044946,35.2213264],[139.9046716,35.2216008],[139.9047864,35.2219141],[139.9047785,35.2220955],[139.9047204,35.222244],[139.9046011,35.2223586],[139.9043591,35.2225417],[139.9035897,35.2229497],[139.9034719,35.2230553],[139.9030102,35.2232873],[139.9028208,35.2234216],[139.9023367,35.2235873],[139.901867,35.2235998],[139.9015687,35.2235855],[139.9012481,35.2235049],[139.901005,35.2233598],[139.9008166,35.2232208],[139.9005596,35.2230925],[139.9002718,35.2230154],[139.9000501,35.2230094],[139.8999164,35.2230768],[139.8997514,35.2233322],[139.8996272,35.2238106],[139.8996059,35.224273],[139.8996223,35.2243751],[139.899764,35.2245272],[139.899858,35.2245649],[139.8999788,35.2246418],[139.9003198,35.2247337],[139.9009719,35.2246957],[139.9011852,35.2246187],[139.9020699,35.2243874],[139.9027807,35.2242646],[139.9031635,35.2243064],[139.9034826,35.2243959],[139.9037545,35.2244347],[139.9044027,35.2244873],[139.9047243,35.2244951],[139.905209,35.2243931],[139.9059426,35.2241999],[139.9060555,35.2242577],[139.9061051,35.224366],[139.9061367,35.2243216],[139.9063223,35.2242406],[139.9065812,35.2240639],[139.9068951,35.2238833],[139.9069456,35.2238344],[139.9076191,35.2236514],[139.9078642,35.2236116],[139.9083865,35.2235751],[139.9087096,35.2232126],[139.9088311,35.2230454],[139.9090121,35.2229194],[139.9093558,35.2227594],[139.9098437,35.2226573],[139.9099579,35.2226924],[139.9099533,35.2218025]]]}},{"type":"Feature","properties":{"N03_001":"千葉県","N03_002":null,"N03_003":"君津郡","N03_004":"関村","N03_005":"1889-04-01","N03_006":"1926-04-24","N03_007":"12000","name":"関村","county":"君津郡","start":"1889-04-01","end":"1926-04-24","layer":"historical_admin"},"geometry":{"type":"Polygon","coordinates":[[[139.936889,35.2064631],[139.9370688,35.2074067],[139.9372789,35.2089169],[139.9373205,35.2093236],[139.9371417,35.2097452],[139.9376405,35.2102806],[139.9384059,35.21098],[139.9386541,35.2112364],[139.9391048,35.2118433],[139.9389975,35.2126923],[139.9388255,35.2131816],[139.9386421,35.2135579],[139.9380475,35.2139846],[139.9375448,35.2144961],[139.9374507,35.2146616],[139.9371614,35.2148175],[139.9364633,35.2150463],[139.9358133,35.2152036],[139.9352599,35.215491],[139.9346859,35.215848],[139.9337894,35.2166207],[139.9343518,35.2167479],[139.9347915,35.216717],[139.9351672,35.2166],[139.9356276,35.2164997],[139.9365942,35.2162053],[139.9368644,35.216141],[139.93705,35.21606],[139.9372813,35.2161571],[139.9373156,35.2162227],[139.9374622,35.2163031],[139.9376134,35.2164284],[139.9377416,35.2166008],[139.9375286,35.2172277],[139.9373201,35.2176277],[139.9365596,35.2188597],[139.936658,35.2190114],[139.936997,35.2190783],[139.9375674,35.2189704],[139.9376682,35.2188726],[139.9380117,35.2187125],[139.9382935,35.2184887],[139.9387539,35.2183885],[139.9390265,35.2183467],[139.9393746,35.2182316],[139.9396724,35.2181653],[139.9398762,35.2179924],[139.9403504,35.2174831],[139.9405817,35.2173082],[139.9409963,35.2170298],[139.9411544,35.2169507],[139.9423019,35.2168022],[139.942666,35.2173886],[139.9427164,35.2176117],[139.9428561,35.2178966],[139.9430966,35.2180837],[139.9432638,35.2180947],[139.943502,35.2179873],[139.9440265,35.2177011],[139.9441548,35.2176014],[139.9446335,35.2174092],[139.9457215,35.2172195],[139.9466148,35.2172927],[139.9471118,35.2172805],[139.9479157,35.2175641],[139.9482158,35.2177923],[139.948912,35.2184189],[139.950042,35.2186404],[139.9503153,35.2185993],[139.9507172,35.2184586],[139.9508939,35.2182875],[139.9511577,35.217883],[139.9513939,35.2174803],[139.9517152,35.2170947],[139.9522203,35.2168787],[139.9527278,35.2166854],[139.9531343,35.2165899],[139.9534718,35.2163624],[139.953506,35.2161553],[139.9536526,35.2156905],[139.9538267,35.2152237],[139.9544373,35.2146822],[139.9549674,35.2141688],[139.9552839,35.2137379],[139.9555866,35.2131716],[139.9559124,35.2128312],[139.9562957,35.2125096],[139.956585,35.2123537],[139.9567869,35.2121581],[139.955968,35.210939],[139.9555976,35.210304],[139.9552275,35.2099421],[139.9549746,35.2096406],[139.9550915,35.2094279],[139.9554586,35.2089482],[139.9556808,35.20841],[139.9557653,35.207881],[139.9558153,35.2072861],[139.9558078,35.2066723],[139.9557661,35.2062655],[139.9558784,35.2060077],[139.9563075,35.2055921],[139.9565552,35.2053024],[139.9568924,35.2048019],[139.9573351,35.2042488],[139.9580557,35.2036998],[139.9587145,35.2033597],[139.9598184,35.2024893],[139.9599881,35.2022503],[139.9601712,35.201601],[139.960157,35.2011924],[139.9598052,35.2007383],[139.9593751,35.2000619],[139.9590575,35.1994007],[139.9600725,35.199287],[139.9610218,35.1990832],[139.9602928,35.1987835],[139.9579967,35.1979353],[139.9565213,35.1977451],[139.9549658,35.1981755],[139.9539851,35.1987588],[139.9530753,35.1994314],[139.9521386,35.1993937],[139.9513893,35.1987955],[139.9503376,35.1992894],[139.9482676,35.2004845],[139.9456485,35.2023257],[139.9447781,35.2027324],[139.9440488,35.2033769],[139.9431032,35.2040196],[139.9407255,35.2039101],[139.9400763,35.203934],[139.9393826,35.2046084],[139.9386932,35.2049574],[139.9368039,35.2061964],[139.936889,35.2064631]]]}},{"type":"Feature","properties":{"N03_001":"千葉県","N03_002":null,"N03_003":"君津郡","N03_004":"環村","N03_005":"1889-04-01","N03_006":"1955-04-25","N03_007":"12000","name":"環村","county":"君津郡","start":"1889-04-01","end":"1955-04-25","layer":"historical_admin"},"geometry":{"type":"Polygon","coordinates":[[[139.9534236,35.24045],[139.9535289,35.2405592],[139.9538228,35.2409983],[139.9542433,35.2412553],[139.9546767,35.2416083],[139.9549555,35.2416358],[139.9552342,35.2418467],[139.9554686,35.2420664],[139.9556472,35.2420756],[139.9558369,35.2419197],[139.9559819,35.2418467],[139.9561494,35.2420022],[139.9561353,35.2423569],[139.9561772,35.2424469],[139.9563136,35.2424864],[139.9570756,35.242515],[139.95736,35.2425508],[139.9576619,35.2426342],[139.9579297,35.2428083],[139.9580636,35.2434122],[139.9588447,35.2430647],[139.9589664,35.2430956],[139.9590433,35.2431592],[139.9591386,35.2433817],[139.9592444,35.2434042],[139.9594619,35.2433672],[139.9596258,35.2433942],[139.9598053,35.2436664],[139.9600611,35.2437511],[139.9605297,35.24398],[139.9609028,35.2440806],[139.9614111,35.2436353],[139.9618297,35.2433683],[139.9619975,35.2433778],[139.9625764,35.2429269],[139.9631325,35.24272],[139.9637842,35.2425347],[139.964253,35.2422742],[139.965168,35.2415964],[139.9656925,35.2411844],[139.9658178,35.2408156],[139.9661192,35.2404033],[139.9662756,35.2400189],[139.9665433,35.2396525],[139.9668108,35.2395517],[139.9671011,35.2398081],[139.9673689,35.23957],[139.9675,35.2396072],[139.967742,35.2398583],[139.9679825,35.2398722],[139.9681389,35.2397442],[139.9683595,35.2399319],[139.9684964,35.2399947],[139.9686522,35.2398631],[139.968842,35.2397442],[139.9693047,35.2399075],[139.9696839,35.2398158],[139.9698625,35.2396789],[139.9698625,35.239285],[139.9699628,35.2388272],[139.9701,35.2385794],[139.970235,35.2384461],[139.9704942,35.2383433],[139.9706658,35.2382414],[139.9708505,35.23827],[139.9710453,35.2383419],[139.9713355,35.2383147],[139.9717597,35.2387081],[139.9721275,35.2392378],[139.9723178,35.2392864],[139.9725072,35.2394239],[139.9726078,35.2396986],[139.9728645,35.2398083],[139.9729983,35.2399733],[139.9735925,35.2403328],[139.9742175,35.2405158],[139.9744755,35.2409839],[139.9751117,35.2412403],[139.9757819,35.2418381],[139.9760497,35.2421675],[139.9761503,35.2428744],[139.9760386,35.2431767],[139.9755142,35.2435156],[139.9748561,35.2437992],[139.9743392,35.2442128],[139.9731675,35.2444967],[139.9728103,35.2446064],[139.9730336,35.2450917],[139.9734911,35.2454761],[139.9738956,35.24567],[139.9747325,35.2454592],[139.9753125,35.2454317],[139.9756472,35.245505],[139.9763095,35.2459089],[139.9765439,35.2459181],[139.9767336,35.2458081],[139.9769133,35.2453436],[139.9774178,35.2444608],[139.9775964,35.2442431],[139.9779975,35.2440344],[139.9780845,35.2439111],[139.9780506,35.2436528],[139.9775308,35.2426989],[139.9774955,35.2424631],[139.9775306,35.2418131],[139.977438,35.2413625],[139.9772725,35.2410708],[139.9769119,35.2407172],[139.9768583,35.2405208],[139.9768017,35.2391347],[139.976763,35.2386019],[139.9768328,35.2383797],[139.9772355,35.2378925],[139.9775261,35.2374244],[139.9775828,35.2372872],[139.9776072,35.2371633],[139.9775728,35.2367872],[139.9772658,35.2359911],[139.9771622,35.2356414],[139.9771753,35.2353822],[139.9774303,35.2351222],[139.9778064,35.2349353],[139.9779236,35.2348581],[139.9779883,35.2347456],[139.9778239,35.2344989],[139.9776725,35.2340825],[139.977625,35.2337894],[139.9776294,35.2335692],[139.977695,35.2333306],[139.9779369,35.2330631],[139.9781414,35.2326428],[139.978785,35.2320194],[139.979157,35.2315228],[139.9791567,35.2313533],[139.9791264,35.2310503],[139.9791905,35.2308089],[139.9791047,35.2301806],[139.9791783,35.2296625],[139.9790183,35.22913],[139.97904,35.2289531],[139.9792603,35.2287283],[139.9796475,35.2284497],[139.9798261,35.2282906],[139.9800161,35.2279886],[139.979977,35.2272531],[139.9798733,35.2271408],[139.9796305,35.2270581],[139.9793328,35.2268939],[139.9790225,35.2265786],[139.9784464,35.2263658],[139.9783255,35.2261889],[139.978347,35.2258522],[139.97817,35.2256578],[139.977717,35.2254342],[139.9776053,35.2252878],[139.9776772,35.2246869],[139.9776514,35.2242897],[139.9775605,35.2239444],[139.9772817,35.2234875],[139.977583,35.2232956],[139.9777636,35.2231567],[139.9778867,35.2229808],[139.9780986,35.2222575],[139.9782311,35.2218625],[139.9783792,35.2215939],[139.9787722,35.2213739],[139.9788156,35.2211367],[139.9789369,35.2209317],[139.9792703,35.22082],[139.97946,35.2205544],[139.9795286,35.2201847],[139.979308,35.2198072],[139.9792261,35.2195181],[139.9793605,35.2184394],[139.9793556,35.2182506],[139.97926,35.2179817],[139.9793125,35.2175278],[139.9795278,35.2170294],[139.9796728,35.2169103],[139.9802644,35.2168189],[139.9804319,35.2167536],[139.9805433,35.2166814],[139.9807108,35.2163608],[139.9808742,35.2162436],[139.9810714,35.2162125],[139.9814617,35.2162478],[139.9816853,35.2162308],[139.9822317,35.2157731],[139.9827675,35.2155078],[139.9831933,35.2152283],[139.9835245,35.2151472],[139.9837686,35.2150486],[139.9840305,35.2145964],[139.9841589,35.2142506],[139.9842361,35.2139894],[139.9842617,35.2136772],[139.9841586,35.2134667],[139.983863,35.2132225],[139.9836186,35.2127325],[139.9833958,35.2124028],[139.9832714,35.2119633],[139.9829478,35.2114047],[139.9828689,35.2111389],[139.9828583,35.2108647],[139.9826017,35.2104067],[139.9826133,35.21021],[139.9831936,35.2096147],[139.9835619,35.2091481],[139.9838042,35.2088997],[139.9842539,35.2085803],[139.9843683,35.2083561],[139.9846533,35.2076436],[139.9849153,35.2074219],[139.985285,35.207185],[139.9856739,35.2068636],[139.9858545,35.2068019],[139.9862461,35.2067297],[139.9863753,35.2066069],[139.9863708,35.2062875],[139.9865425,35.2061033],[139.9866058,35.2059797],[139.9864997,35.2056039],[139.9865192,35.2052669],[139.9865967,35.2049208],[139.9865839,35.2047106],[139.9864156,35.2044286],[139.9863219,35.2041628],[139.9863356,35.2039344],[139.9864,35.2037875],[139.9864872,35.2036736],[139.9867236,35.2034919],[139.9871578,35.203205],[139.9878361,35.2025597],[139.9881053,35.2020844],[139.9882578,35.2019189],[139.9887128,35.2016822],[139.9891853,35.201135],[139.9895372,35.2009528],[139.9906814,35.2008189],[139.9908167,35.2007047],[139.9909975,35.2002461],[139.9912883,35.1999844],[139.9915325,35.1997306],[139.9914442,35.1995414],[139.9914147,35.1992678],[139.9914989,35.1990658],[139.9919114,35.1986456],[139.9923228,35.1983653],[139.9925636,35.1980992],[139.9927306,35.1974833],[139.9928789,35.1968247],[139.9931292,35.1965642],[139.9925423,35.1963719],[139.9918899,35.1962339],[139.990707,35.1960635],[139.9900845,35.1959462],[139.9892528,35.1956837],[139.9884122,35.195604],[139.9860168,35.1955152],[139.9852837,35.1951324],[139.9848355,35.1948213],[139.9843714,35.194625],[139.9837718,35.1944607],[139.9834893,35.1944115],[139.9829312,35.1943809],[139.9819372,35.1946982],[139.9815173,35.1949312],[139.9810791,35.1952566],[139.9805306,35.1955893],[139.9797342,35.1959388],[139.9784785,35.1964102],[139.9774503,35.1969345],[139.9770991,35.1970264],[139.9764998,35.1971351],[139.9760841,35.1971403],[139.9756064,35.1970814],[139.9746921,35.1968245],[139.9739524,35.1966468],[139.973224,35.196309],[139.9727509,35.1962954],[139.9723926,35.1963195],[139.971396,35.1963412],[139.9713479,35.1964126],[139.9706224,35.1966434],[139.9699819,35.1968914],[139.9695732,35.1969644],[139.9690775,35.1972708],[139.9687747,35.1975641],[139.9682149,35.1980569],[139.9676959,35.1981373],[139.9671584,35.1980369],[139.966598,35.1979836],[139.9658171,35.1979451],[139.9650569,35.197837],[139.9648089,35.1978537],[139.9645748,35.1980059],[139.9640332,35.1984064],[139.9635537,35.1988709],[139.9628302,35.1988513],[139.9624146,35.1988565],[139.9616798,35.1989969],[139.9609679,35.1990903],[139.9600725,35.199287],[139.9590575,35.1994007],[139.9593751,35.2000619],[139.9598052,35.2007383],[139.960157,35.2011924],[139.9601712,35.201601],[139.9599881,35.2022503],[139.9598184,35.2024893],[139.9587145,35.2033597],[139.9580557,35.2036998],[139.9573351,35.2042488],[139.9568924,35.2048019],[139.9565552,35.2053024],[139.9563075,35.2055921],[139.9558784,35.2060077],[139.9557661,35.2062655],[139.9558078,35.2066723],[139.9558153,35.2072861],[139.9557653,35.207881],[139.9556808,35.20841],[139.9554586,35.2089482],[139.9550915,35.2094279],[139.9549746,35.2096406],[139.9552275,35.2099421],[139.9555976,35.210304],[139.955968,35.210939],[139.9567869,35.2121581],[139.956585,35.2123537],[139.9562957,35.2125096],[139.9559124,35.2128312],[139.9555866,35.2131716],[139.9552839,35.2137379],[139.9549674,35.2141688],[139.9544373,35.2146822],[139.9538267,35.2152237],[139.9536526,35.2156905],[139.953506,35.2161553],[139.9534718,35.2163624],[139.9531343,35.2165899],[139.9527278,35.2166854],[139.9522203,35.2168787],[139.9517152,35.2170947],[139.9513939,35.2174803],[139.9511577,35.217883],[139.9508939,35.2182875],[139.9507172,35.2184586],[139.9503153,35.2185993],[139.950042,35.2186404],[139.948912,35.2184189],[139.9482158,35.2177923],[139.9479157,35.2175641],[139.9471118,35.2172805],[139.9466148,35.2172927],[139.9457215,35.2172195],[139.9446335,35.2174092],[139.9441548,35.2176014],[139.9440265,35.2177011],[139.943502,35.2179873],[139.9432638,35.2180947],[139.9430966,35.2180837],[139.9428561,35.2178966],[139.9427164,35.2176117],[139.942666,35.2173886],[139.9423019,35.2168022],[139.9411544,35.2169507],[139.9409963,35.2170298],[139.9405817,35.2173082],[139.9403504,35.2174831],[139.9398762,35.2179924],[139.9396724,35.2181653],[139.9393746,35.2182316],[139.9390265,35.2183467],[139.9387539,35.2183885],[139.9382935,35.2184887],[139.9380117,35.2187125],[139.9376682,35.2188726],[139.9375674,35.2189704],[139.936997,35.2190783],[139.936658,35.2190114],[139.9365596,35.2188597],[139.9373201,35.2176277],[139.9375286,35.2172277],[139.9377416,35.2166008],[139.9376134,35.2164284],[139.9374622,35.2163031],[139.9373156,35.2162227],[139.9372813,35.2161571],[139.93705,35.21606],[139.9368644,35.216141],[139.9365942,35.2162053],[139.9356276,35.2164997],[139.9351672,35.2166],[139.9347915,35.216717],[139.9343518,35.2167479],[139.9337894,35.2166207],[139.9346859,35.215848],[139.9352599,35.215491],[139.9358133,35.2152036],[139.9364633,35.2150463],[139.9371614,35.2148175],[139.9374507,35.2146616],[139.9375448,35.2144961],[139.9380475,35.2139846],[139.9386421,35.2135579],[139.9388255,35.2131816],[139.9389975,35.2126923],[139.9391048,35.2118433],[139.9386541,35.2112364],[139.9384059,35.21098],[139.9376405,35.2102806],[139.9371417,35.2097452],[139.9373205,35.2093236],[139.9372789,35.2089169],[139.9370688,35.2074067],[139.936889,35.2064631],[139.9365364,35.2053579],[139.9350745,35.2060341],[139.9340215,35.2054312],[139.9315643,35.2052908],[139.927754,35.2053759],[139.9267903,35.2053278],[139.9251123,35.2046005],[139.9241496,35.2044732],[139.9236628,35.2048251],[139.9232724,35.2051778],[139.923263,35.2058901],[139.9225828,35.2062798],[139.9221578,35.2056032],[139.9222159,35.2048518],[139.9222269,35.2040208],[139.9216661,35.2026703],[139.921674,35.2020767],[139.9213952,35.2012827],[139.9209262,35.2002892],[139.9214659,35.1995816],[139.9213948,35.1957473],[139.9205154,35.1962412],[139.9197398,35.1968188],[139.9192039,35.1971893],[139.9186657,35.1974924],[139.9178465,35.1975991],[139.9165119,35.1978735],[139.9153911,35.1979863],[139.914463,35.1981176],[139.9135669,35.198383],[139.9128345,35.1986227],[139.9122955,35.1989033],[139.911953,35.1993147],[139.9115352,35.1999299],[139.9113054,35.200429],[139.911132,35.2009718],[139.9110721,35.2016246],[139.9109269,35.2021893],[139.9106933,35.202576],[139.9104002,35.2028292],[139.9102214,35.2032148],[139.909943,35.2038945],[139.9096556,35.2051138],[139.9098134,35.2057172],[139.9099902,35.2060731],[139.9102913,35.2068534],[139.9104225,35.2074799],[139.9104684,35.2080183],[139.910503,35.2090287],[139.9102894,35.2099993],[139.9097019,35.2112695],[139.9097265,35.2119881],[139.9096925,35.2125954],[139.9097437,35.213291],[139.9099016,35.2138944],[139.9097605,35.2153803],[139.9097159,35.2164822],[139.9097923,35.2171098],[139.9099335,35.2180282],[139.9100145,35.2187905],[139.910011,35.2194871],[139.9100325,35.2201158],[139.9099444,35.2207467],[139.909934,35.2212412],[139.9099533,35.2218025],[139.9099579,35.2226924],[139.9104438,35.222842],[139.9110505,35.2236382],[139.911323,35.2238684],[139.9115268,35.2239675],[139.9119093,35.2241901],[139.9131737,35.2243736],[139.9135678,35.2241647],[139.9144633,35.2245327],[139.9148137,35.2247122],[139.9151435,35.2249611],[139.9152831,35.225246],[139.9154136,35.2254408],[139.9156816,35.225626],[139.9159312,35.2259032],[139.9159769,35.2260814],[139.9162334,35.226426],[139.9164968,35.2265662],[139.916767,35.226774],[139.9172663,35.2270564],[139.9177313,35.2272732],[139.9181023,35.2276552],[139.9182076,35.2278745],[139.9185556,35.2283034],[139.9187526,35.2286069],[139.9190801,35.2288334],[139.9199184,35.2291827],[139.9208552,35.2296837],[139.9212423,35.2299513],[139.9218791,35.2302241],[139.9225845,35.2306279],[139.9230357,35.2309817],[139.9234984,35.231176],[139.9247469,35.2314739],[139.9253036,35.2315029],[139.9257662,35.2319691],[139.9258578,35.2323253],[139.9259035,35.2327755],[139.9258233,35.2330757],[139.9251999,35.234026],[139.9250623,35.2345796],[139.9250141,35.235195],[139.9250827,35.2358701],[139.9254102,35.2363685],[139.925866,35.2367672],[139.926331,35.237256],[139.9264065,35.2377267],[139.9266262,35.2385273],[139.9268781,35.2390989],[139.9271048,35.239695],[139.9273178,35.2404281],[139.9272511,35.2414073],[139.9275512,35.2416357],[139.9280071,35.2420344],[139.9284583,35.24266],[139.9291433,35.2434054],[139.9299313,35.2440755],[139.9306736,35.2445675],[139.9316679,35.2450871],[139.9327263,35.245693],[139.9333243,35.246127],[139.9338512,35.2466794],[139.9344629,35.2472485],[139.9351319,35.2478363],[139.9357895,35.2480396],[139.9368022,35.2481953],[139.9365595,35.2471696],[139.9366053,35.2470757],[139.9373935,35.2472018],[139.93831,35.2475002],[139.9392907,35.2476127],[139.9400628,35.2478533],[139.9407708,35.2480076],[139.941598,35.2482442],[139.9423633,35.2486892],[139.9429567,35.2490783],[139.9434585,35.2493831],[139.9438893,35.2495342],[139.9445561,35.2495554],[139.9450419,35.2494306],[139.9455757,35.2492345],[139.946128,35.2492184],[139.9467375,35.249493],[139.9472966,35.2498164],[139.9476243,35.2500427],[139.9486618,35.2504052],[139.9488072,35.2489867],[139.9489203,35.2484778],[139.9490119,35.2474481],[139.9490567,35.2462392],[139.9491125,35.2460928],[139.9496367,35.2461569],[139.9503958,35.2460644],[139.9512942,35.2462833],[139.951838,35.2462186],[139.951905,35.2461181],[139.9517275,35.24561],[139.9515592,35.2454928],[139.9515286,35.2452331],[139.9514267,35.2448664],[139.9513139,35.2438081],[139.9513808,35.2431944],[139.9514922,35.2430178],[139.9516436,35.2428519],[139.9517953,35.2424847],[139.9518067,35.2421369],[139.9519069,35.2418072],[139.9519094,35.2416519],[139.9518236,35.2414553],[139.9517953,35.2412486],[139.9518178,35.2410981],[139.9521972,35.2406811],[139.9528106,35.2404522],[139.9532772,35.2403803],[139.9534236,35.24045]]]}},{"type":"Feature","properties":{"N03_001":"千葉県","N03_002":null,"N03_003":"君津郡","N03_004":"湊町","N03_005":"1889-04-01","N03_006":"1955-03-31","N03_007":"12000","name":"湊町","county":"君津郡","start":"1889-04-01","end":"1955-03-31","layer":"historical_admin"},"geometry":{"type":"Polygon","coordinates":[[[139.9554386,35.2572281],[139.956203,35.2571822],[139.9562183,35.2570933],[139.9562458,35.2565211],[139.9561231,35.2558503],[139.9558322,35.2552819],[139.9555753,35.2546958],[139.9554522,35.2543111],[139.9554414,35.2542314],[139.9554481,35.2536683],[139.9554858,35.2532969],[139.9554339,35.2532236],[139.9553289,35.253195],[139.9551447,35.2531978],[139.9546505,35.2532969],[139.9543833,35.2533331],[139.9539408,35.2533364],[139.9533856,35.2532969],[139.9526061,35.2531936],[139.9516867,35.2531239],[139.9511892,35.2530469],[139.9507295,35.2528889],[139.9502853,35.2527622],[139.9497583,35.2525411],[139.949167,35.2521472],[139.9485908,35.2510753],[139.9486618,35.2504052],[139.9476243,35.2500427],[139.9472966,35.2498164],[139.9467375,35.249493],[139.946128,35.2492184],[139.9455757,35.2492345],[139.9450419,35.2494306],[139.9445561,35.2495554],[139.9438893,35.2495342],[139.9434585,35.2493831],[139.9429567,35.2490783],[139.9423633,35.2486892],[139.941598,35.2482442],[139.9407708,35.2480076],[139.9400628,35.2478533],[139.9392907,35.2476127],[139.93831,35.2475002],[139.9373935,35.2472018],[139.9366053,35.2470757],[139.9365595,35.2471696],[139.9368022,35.2481953],[139.9357895,35.2480396],[139.9351319,35.2478363],[139.9344629,35.2472485],[139.9338512,35.2466794],[139.9333243,35.246127],[139.9327263,35.245693],[139.9316679,35.2450871],[139.9306736,35.2445675],[139.9299313,35.2440755],[139.9291433,35.2434054],[139.9284583,35.24266],[139.9280071,35.2420344],[139.9275512,35.2416357],[139.9272511,35.2414073],[139.9273178,35.2404281],[139.9271048,35.239695],[139.9268781,35.2390989],[139.9266262,35.2385273],[139.9264065,35.2377267],[139.926331,35.237256],[139.925866,35.2367672],[139.9254102,35.2363685],[139.9250827,35.2358701],[139.9250141,35.235195],[139.9250623,35.2345796],[139.9251999,35.234026],[139.9258233,35.2330757],[139.9259035,35.2327755],[139.9258578,35.2323253],[139.9257662,35.2319691],[139.9253036,35.2315029],[139.9247469,35.2314739],[139.9234984,35.231176],[139.9230357,35.2309817],[139.9225845,35.2306279],[139.9218791,35.2302241],[139.9212423,35.2299513],[139.9208552,35.2296837],[139.9199184,35.2291827],[139.9190801,35.2288334],[139.9187526,35.2286069],[139.9185556,35.2283034],[139.9182076,35.2278745],[139.9181023,35.2276552],[139.9177313,35.2272732],[139.9172663,35.2270564],[139.916767,35.226774],[139.9164968,35.2265662],[139.9162334,35.226426],[139.9159769,35.2260814],[139.9159312,35.2259032],[139.9156816,35.225626],[139.9154136,35.2254408],[139.9152831,35.225246],[139.9151435,35.2249611],[139.9148137,35.2247122],[139.9144633,35.2245327],[139.9135678,35.2241647],[139.9131737,35.2243736],[139.9119093,35.2241901],[139.9115268,35.2239675],[139.911323,35.2238684],[139.9110505,35.2236382],[139.9104438,35.222842],[139.9098437,35.2226573],[139.9093558,35.2227594],[139.9090121,35.2229194],[139.9088311,35.2230454],[139.9087096,35.2232126],[139.9083865,35.2235751],[139.9078642,35.2236116],[139.9076191,35.2236514],[139.9069456,35.2238344],[139.9068951,35.2238833],[139.9065812,35.2240639],[139.9063223,35.2242406],[139.9061367,35.2243216],[139.9061051,35.224366],[139.9060555,35.2242577],[139.9059426,35.2241999],[139.905209,35.2243931],[139.9047243,35.2244951],[139.9044027,35.2244873],[139.9037545,35.2244347],[139.9034826,35.2243959],[139.9031635,35.2243064],[139.9027807,35.2242646],[139.9020699,35.2243874],[139.9011852,35.2246187],[139.9009719,35.2246957],[139.9003198,35.2247337],[139.8999788,35.2246418],[139.899858,35.2245649],[139.899764,35.2245272],[139.8996223,35.2243751],[139.8996094,35.224319],[139.8996272,35.2238106],[139.8997514,35.2233322],[139.8999164,35.2230768],[139.9000501,35.2230094],[139.9002718,35.2230154],[139.9005596,35.2230925],[139.9008166,35.2232208],[139.901005,35.2233598],[139.9012481,35.2235049],[139.9015687,35.2235855],[139.901867,35.2235998],[139.9023367,35.2235873],[139.9028208,35.2234216],[139.9030102,35.2232873],[139.9034719,35.2230553],[139.9035897,35.2229497],[139.9043591,35.2225417],[139.9046011,35.2223586],[139.9047204,35.222244],[139.9047785,35.2220955],[139.9047864,35.2219141],[139.9046716,35.2216008],[139.9044946,35.2213264],[139.9042211,35.2210961],[139.9039954,35.2209803],[139.9036987,35.220957],[139.903559,35.2210602],[139.9033454,35.2214742],[139.9030919,35.2215923],[139.9028469,35.2215929],[139.9026028,35.2215207],[139.9024233,35.221328],[139.9023487,35.221174],[139.9023034,35.2207772],[139.9021662,35.2203977],[139.9019708,35.2199664],[139.901933,35.2197253],[139.9017261,35.2190284],[139.9016167,35.2188159],[139.900883,35.2182073],[139.9007528,35.2179197],[139.9005738,35.2175903],[139.9004073,35.2174537],[139.8999425,35.2169017],[139.8997158,35.2166582],[139.8994752,35.2164315],[139.8991113,35.216009],[139.8986212,35.2156091],[139.8983593,35.2154438],[139.8980586,35.2153107],[139.8977474,35.2152402],[139.8971272,35.2151542],[139.8968851,35.2151369],[139.8967136,35.2151637],[139.8964592,35.2151541],[139.8962107,35.2151087],[139.8953846,35.2148544],[139.8951261,35.214735],[139.8949676,35.2146174],[139.8941694,35.2143297],[139.8934656,35.213943],[139.8931932,35.2138403],[139.892642,35.2138073],[139.8923319,35.2138645],[139.8920923,35.2139659],[139.8918578,35.2141044],[139.8918255,35.2141535],[139.8915319,35.2142444],[139.8913203,35.2144734],[139.8911687,35.2148584],[139.8910995,35.2152418],[139.8911823,35.2156189],[139.8911739,35.2156698],[139.8912007,35.2159097],[139.8912738,35.2160725],[139.8913121,35.2163774],[139.891318,35.2167425],[139.8912733,35.217011],[139.8912295,35.2172068],[139.8910944,35.2174836],[139.8909288,35.2176751],[139.8906918,35.2178952],[139.8904661,35.2179798],[139.8896256,35.2180793],[139.8883855,35.217971],[139.8866812,35.2179759],[139.8863283,35.2179556],[139.8859441,35.2179226],[139.8855937,35.2178206],[139.8853884,35.2177161],[139.8851503,35.2174075],[139.8850678,35.2172345],[139.8849019,35.2169612],[139.8848179,35.216797],[139.8846206,35.2163107],[139.8844859,35.2158495],[139.8843781,35.2156281],[139.8842648,35.2155064],[139.8841415,35.2153107],[139.8840759,35.215103],[139.8840486,35.2147993],[139.8840775,35.2144926],[139.8840636,35.2141084],[139.8841153,35.2137314],[139.8842346,35.2132159],[139.8841233,35.2127481],[139.8839201,35.2122976],[139.8837367,35.2121955],[139.883198,35.2119543],[139.8828869,35.2118838],[139.882534,35.2118634],[139.882208,35.2118824],[139.8820459,35.2119193],[139.8819102,35.2121323],[139.8817263,35.2125678],[139.8815767,35.2127975],[139.881259,35.2135008],[139.8809786,35.2139804],[139.880818,35.2142089],[139.8805779,35.2148478],[139.8803537,35.215525],[139.880211,35.2158465],[139.8800365,35.2160916],[139.8798178,35.2162682],[139.8792372,35.216478],[139.8789947,35.2165972],[139.8787282,35.2166592],[139.8784241,35.2166806],[139.877856,35.2164818],[139.8772725,35.2161081],[139.8770588,35.2159206],[139.8769167,35.2157046],[139.8766041,35.2154425],[139.8762275,35.2149639],[139.8755939,35.214357],[139.874906,35.2137702],[139.874906,35.2341534],[139.875273,35.2341687],[139.8757117,35.2340177],[139.8759135,35.2340065],[139.8762506,35.2341474],[139.8765601,35.234185],[139.8767311,35.2342469],[139.8769483,35.2344067],[139.8771781,35.2346042],[139.877238,35.2346133],[139.8773296,35.234658],[139.8776045,35.234679],[139.8779351,35.2346332],[139.878125,35.2345629],[139.8782866,35.2344621],[139.8785044,35.2343584],[139.878749,35.234294],[139.8790503,35.2342905],[139.8793192,35.2343473],[139.87944,35.2344242],[139.8797075,35.23449],[139.8798825,35.2345091],[139.8800112,35.2346052],[139.8801404,35.2347652],[139.8804447,35.2349442],[139.8807171,35.2350469],[139.8810045,35.2350601],[139.8812108,35.2350918],[139.8813768,35.2351647],[139.8815274,35.2352632],[139.8817859,35.2353826],[139.882298,35.2355844],[139.8824829,35.2356775],[139.8827076,35.2358661],[139.8828552,35.236183],[139.882985,35.2364067],[139.8835964,35.2365465],[139.8837918,35.236577],[139.8840678,35.2363247],[139.884202,35.2363211],[139.8843586,35.2363839],[139.8844973,35.236554],[139.884635,35.2367968],[139.8847692,35.2369938],[139.884982,35.2372539],[139.8851689,35.2374019],[139.8855656,35.2376276],[139.8857943,35.2377254],[139.8859962,35.237784],[139.8863829,35.2381361],[139.8865162,35.2382054],[139.8866738,35.2381952],[139.8867603,35.2380771],[139.8868403,35.237931],[139.8868846,35.2377992],[139.8870387,35.2377431],[139.887262,35.2377402],[139.887426,35.2379586],[139.887424,35.2381041],[139.8875587,35.2383649],[139.8876358,35.2384371],[139.8878725,35.2385541],[139.8884293,35.2390888],[139.8886276,35.2393019],[139.8887186,35.2393574],[139.8889891,35.2394052],[139.8891014,35.2393993],[139.8892103,35.2393474],[139.8893078,35.2392304],[139.889452,35.2391004],[139.8897105,35.2390193],[139.8899297,35.2389066],[139.8901246,35.2388732],[139.890416,35.2387957],[139.8909072,35.2385214],[139.891286,35.2384535],[139.8912587,35.2381498],[139.8913432,35.2379768],[139.8914496,35.2378062],[139.8916291,35.237598],[139.891812,35.2374357],[139.8920482,35.2372884],[139.8922142,35.2371607],[139.892341,35.2370015],[139.8924807,35.2368983],[139.8925757,35.2368631],[139.8927308,35.2367343],[139.893037,35.2367677],[139.8933408,35.236883],[139.8935427,35.2369414],[139.8938459,35.2369928],[139.8940995,35.2370752],[139.894094,35.2373753],[139.894187,35.2376862],[139.8943317,35.2380209],[139.8944973,35.2382303],[139.8946166,35.2383163],[139.895337,35.2386046],[139.8955816,35.2387407],[139.8958407,35.2389239],[139.8965208,35.2394538],[139.8966789,35.2395075],[139.8968664,35.2395189],[139.8971204,35.2394647],[139.8973889,35.2394575],[139.8981725,35.2396343],[139.8986369,35.2397214],[139.89906,35.2399225],[139.8992181,35.2399762],[139.8995602,35.2399954],[139.8997909,35.2399477],[139.8999559,35.2398929],[139.9001653,35.2399066],[139.900391,35.2400224],[139.9006993,35.2401107],[139.9013402,35.240208],[139.9016047,35.2402916],[139.9015888,35.2401214],[139.9019071,35.2400884],[139.9016379,35.2405783],[139.9011075,35.2411395],[139.9005708,35.2414314],[139.9003685,35.2416433],[139.9000144,35.242626],[139.8999821,35.2429614],[139.8999045,35.2433511],[139.8998723,35.2436864],[139.899875,35.2439644],[139.899909,35.244251],[139.8998,35.2446895],[139.8996498,35.2449157],[139.8994577,35.2451592],[139.8991886,35.2455917],[139.899069,35.2460559],[139.8987753,35.2465773],[139.8987226,35.2467635],[139.8987361,35.2469011],[139.8987183,35.2470587],[139.8986268,35.2474542],[139.8985325,35.2475716],[139.8981492,35.2477719],[139.8978392,35.2478776],[139.8976196,35.2479892],[139.897487,35.2481438],[139.8974688,35.2484161],[139.8975794,35.2487143],[139.8973465,35.2486309],[139.8968975,35.2486505],[139.8965253,35.2486243],[139.8963201,35.2485869],[139.8961567,35.2485322],[139.8960073,35.2484433],[139.8959206,35.2483141],[139.8958689,35.2481564],[139.8957788,35.2480073],[139.8955669,35.2478724],[139.8953549,35.2477948],[139.8950451,35.2478145],[139.8948473,35.2476166],[139.8944616,35.2474241],[139.8940965,35.2473234],[139.8938912,35.2473433],[139.8935766,35.2478302],[139.8935203,35.2480823],[139.893516,35.2483775],[139.8935641,35.2485725],[139.8937307,35.2487332],[139.8939388,35.2489914],[139.8940808,35.2492122],[139.89415,35.2493556],[139.8941426,35.2495161],[139.8939266,35.2496191],[139.8936131,35.2497334],[139.8934771,35.2498106],[139.8932329,35.2500683],[139.8932115,35.2502345],[139.8933391,35.2506617],[139.89362,35.2509974],[139.8935188,35.2511033],[139.8931352,35.2513895],[139.8928701,35.2516128],[139.8927025,35.2517961],[139.8927087,35.2518932],[139.8927999,35.25207],[139.8928768,35.2521383],[139.8930159,35.2521091],[139.8933112,35.2519791],[139.8936206,35.2519006],[139.8938017,35.2519112],[139.8938567,35.2517738],[139.8938804,35.2515993],[139.8938926,35.251222],[139.8939477,35.2510845],[139.8940448,35.2509869],[139.8942288,35.2508746],[139.8943744,35.2507425],[139.8945092,35.2505218],[139.8947071,35.2504323],[139.8947386,35.2504693],[139.8947181,35.2505494],[139.8944382,35.2510166],[139.8943589,35.2511856],[139.8943351,35.2513315],[139.8944126,35.2515427],[139.8945597,35.2517536],[139.8946335,35.2519161],[139.8946061,35.2520135],[139.8942582,35.2520436],[139.8941713,35.2520869],[139.893995,35.2523534],[139.8939226,35.2525052],[139.8939163,35.2526654],[139.894157,35.2527872],[139.8943064,35.2527322],[139.894689,35.2526733],[139.8949015,35.252721],[139.895055,35.2528004],[139.8951216,35.2528944],[139.8951743,35.2530228],[139.8953356,35.253285],[139.8954906,35.2537074],[139.8955858,35.25399],[139.8957131,35.2544525],[139.8957381,35.254621],[139.8957179,35.2547583],[139.8956108,35.2549389],[139.8955627,35.2549779],[139.895539,35.2549731],[139.8953467,35.2550487],[139.895082,35.2550156],[139.8945594,35.2549035],[139.8942774,35.2548847],[139.8940824,35.2548545],[139.8941334,35.254965],[139.8943035,35.2550456],[139.8945795,35.2551144],[139.8949141,35.2551364],[139.8951595,35.2553305],[139.8952332,35.2553608],[139.8952928,35.2554719],[139.8953294,35.255872],[139.895335,35.2563779],[139.8949952,35.2566767],[139.8947619,35.256652],[139.8946404,35.256724],[139.8949719,35.2569083],[139.8951953,35.2570731],[139.8953698,35.2571581],[139.8955131,35.2572918],[139.8956562,35.2573969],[139.895716,35.2575368],[139.895964,35.2577271],[139.8961487,35.2577863],[139.8962179,35.2577003],[139.8962069,35.2575545],[139.8961334,35.2574777],[139.895945,35.2573699],[139.8957947,35.2572248],[139.8955737,35.2568228],[139.8955263,35.2563342],[139.8955521,35.2558652],[139.8955857,35.2555792],[139.8956373,35.2554504],[139.8958127,35.2551515],[139.8958423,35.2550037],[139.8959454,35.2549285],[139.8960556,35.2547825],[139.8960091,35.254494],[139.8959477,35.2542517],[139.8958955,35.2541613],[139.8958853,35.2540609],[139.8955295,35.2530613],[139.8954171,35.2528216],[139.8953878,35.2524901],[139.8953521,35.2522902],[139.8954037,35.2521328],[139.8955004,35.251978],[139.8956114,35.2518746],[139.8957136,35.2518169],[139.8957851,35.2518167],[139.8959488,35.2518417],[139.8961443,35.2519609],[139.8964483,35.2522425],[139.8965235,35.252292],[139.8967353,35.2523348],[139.8967709,35.2524735],[139.8968254,35.2525152],[139.896878,35.252615],[139.8969136,35.2527864],[139.8970786,35.2531258],[139.8971286,35.2534057],[139.897257,35.2538663],[139.8974448,35.2539576],[139.8974956,35.2537614],[139.8975154,35.2535097],[139.897445,35.2533385],[139.8973751,35.2532531],[139.8972593,35.2530507],[139.8972626,35.2530135],[139.8973008,35.2529761],[139.8975724,35.2530207],[139.897656,35.2530146],[139.8976626,35.2529402],[139.8975508,35.2528435],[139.8972304,35.252805],[139.8971153,35.2527455],[139.8970555,35.2526056],[139.897062,35.2525028],[139.8970897,35.2524626],[139.897295,35.2524416],[139.8975702,35.2525062],[139.8976223,35.2524917],[139.897702,35.2524084],[139.897705,35.2522855],[139.8976803,35.2522027],[139.8975755,35.2521174],[139.8974151,35.2520552],[139.8971992,35.2520448],[139.8969316,35.2521346],[139.8966672,35.2521586],[139.8965174,35.2521279],[139.8964127,35.2520711],[139.896499,35.251885],[139.8967272,35.2518531],[139.8967334,35.2517684],[139.8968434,35.2517607],[139.8969511,35.2517305],[139.8973131,35.2517506],[139.8975538,35.2516658],[139.8976776,35.2515212],[139.8978312,35.2513971],[139.8978553,35.2513614],[139.8980712,35.2508804],[139.898168,35.2507255],[139.8982857,35.2505764],[139.8986243,35.2508007],[139.8988409,35.2509827],[139.8989007,35.2511224],[139.8989542,35.2514223],[139.8989269,35.2515483],[139.8988682,35.2516657],[139.8987397,35.2517263],[139.8985034,35.251796],[139.8983019,35.251894],[139.8982014,35.2520003],[139.8982195,35.2521574],[139.8983278,35.2522341],[139.8984876,35.252182],[139.898668,35.2520497],[139.8988556,35.2519573],[139.8990051,35.251931],[139.8991654,35.2519645],[139.8992562,35.252027],[139.8993541,35.2521295],[139.8993792,35.252298],[139.899366,35.2523326],[139.8993205,35.2524155],[139.8991818,35.2525304],[139.8990463,35.2525796],[139.8986287,35.2526101],[139.8986012,35.2526788],[139.8986711,35.2527357],[139.8988103,35.252735],[139.8991616,35.2526963],[139.8993882,35.2527667],[139.8994443,35.252858],[139.899396,35.2529497],[139.8992606,35.2530274],[139.8990832,35.2530654],[139.8987446,35.2530333],[139.8987509,35.2530204],[139.8986588,35.2531131],[139.8988332,35.253198],[139.8990563,35.2532771],[139.8994357,35.2532839],[139.8994574,35.253461],[139.8993991,35.2536642],[139.899404,35.2539987],[139.8993563,35.2542333],[139.8993443,35.2546678],[139.8993987,35.2551678],[139.8994919,35.2557734],[139.8995343,35.2559275],[139.8996776,35.2560613],[139.8998695,35.2561604],[139.8998371,35.2559233],[139.8996941,35.2555735],[139.8996887,35.2555206],[139.8995376,35.2550814],[139.8995868,35.2544095],[139.8995816,35.2540179],[139.8996292,35.2537547],[139.8997558,35.2532653],[139.8997655,35.2530966],[139.8996952,35.2529254],[139.899758,35.2521619],[139.8996492,35.251971],[139.8994952,35.2517772],[139.8993726,35.251592],[139.8993086,35.2512893],[139.8990951,35.251013],[139.8988224,35.2507398],[139.8986793,35.2506347],[139.8985362,35.2505582],[139.8984832,35.2503726],[139.8986149,35.2502462],[139.8989439,35.2498589],[139.8990679,35.2495782],[139.8992272,35.2493831],[139.8995738,35.2490671],[139.8996406,35.2492183],[139.8996552,35.2493554],[139.8996591,35.2494612],[139.8996114,35.2496958],[139.8996433,35.2498186],[139.8997798,35.249998],[139.8999022,35.2501261],[139.9000731,35.2502197],[139.9002513,35.2503818],[139.9004581,35.2507039],[139.9009501,35.2509789],[139.9011143,35.2511183],[139.9012028,35.2514752],[139.9012936,35.2515377],[139.9014636,35.2514026],[139.9015536,35.2512935],[139.901696,35.2512272],[139.9018561,35.2512321],[139.9023158,35.2512987],[139.9024939,35.2514322],[139.9025884,35.2515432],[139.9026312,35.2517831],[139.9027367,35.2520114],[139.902894,35.2521679],[139.9033612,35.2523602],[139.9035917,35.2525364],[139.903669,35.2526903],[139.9036978,35.2529074],[139.903536,35.2533112],[139.9032968,35.2535324],[139.9030713,35.2536906],[139.9029774,35.2537225],[139.9027303,35.2537322],[139.9022182,35.253623],[139.9019852,35.2536555],[139.9018811,35.2537417],[139.9017671,35.2539395],[139.9016849,35.2542314],[139.9016717,35.2544087],[139.9017042,35.2547356],[139.9018324,35.2550843],[139.9021483,35.2557422],[139.9022811,35.2559596],[139.9023798,35.2560676],[139.9024519,35.2561031],[139.9028167,35.2559443],[139.9029137,35.2558466],[139.9024457,35.2554829],[139.9023614,35.2553174],[139.9023571,35.255126],[139.9023876,35.2549342],[139.9024564,35.2547625],[139.9025602,35.2546191],[139.9026643,35.2545328],[139.9030882,35.2543709],[139.9033808,35.254421],[139.9038312,35.254742],[139.9040964,35.2548894],[139.9044206,35.2550051],[139.9046575,35.2550498],[139.9050443,35.2551538],[139.9052878,35.2551241],[139.9055556,35.2550629],[139.9057779,35.2549704],[139.9060036,35.2548408],[139.9061774,35.2547828],[139.9062959,35.2548338],[139.9061748,35.2549915],[139.9059289,35.2552584],[139.9058251,35.2554019],[139.9058118,35.2555505],[139.9058994,35.2556788],[139.9057976,35.2562509],[139.905816,35.2564938],[139.9063463,35.2567601],[139.9066596,35.2567587],[139.9071174,35.2568106],[139.9073705,35.2567148],[139.9075057,35.2566826],[139.9075987,35.2566291],[139.9079622,35.2561668],[139.9081668,35.2560029],[139.9087537,35.2556944],[139.9088721,35.2557167],[139.9089351,35.2557765],[139.9091331,35.2557983],[139.9092132,35.256042],[139.9092397,35.2561866],[139.9096302,35.2563393],[139.9098089,35.2564537],[139.9098407,35.2566213],[139.9099036,35.2567554],[139.90977,35.2572333],[139.9097053,35.2575394],[139.9096315,35.2581572],[139.9096745,35.2584257],[139.9097556,35.2586569],[139.9099167,35.2588905],[139.9102944,35.2592776],[139.9107518,35.2595813],[139.9107354,35.2597958],[139.9104918,35.2598255],[139.9101847,35.2596383],[139.9099052,35.2594108],[139.9095911,35.2592408],[139.9093025,35.2592964],[139.9090561,35.2594776],[139.9089455,35.2596382],[139.9088139,35.2597931],[139.9087499,35.2602707],[139.908796,35.2604449],[139.9089428,35.2605986],[139.9091035,35.2607179],[139.9093405,35.2607912],[139.9095604,35.2609074],[139.9095609,35.2610217],[139.9094849,35.2611536],[139.9092555,35.2612346],[139.909085,35.2612554],[139.9087691,35.2614369],[139.9085713,35.2615836],[139.9082269,35.2616337],[139.9080986,35.261723],[139.9080784,35.2618888],[139.9079998,35.2622008],[139.9076333,35.2627684],[139.9074878,35.2629291],[139.9073387,35.2630413],[139.9069774,35.2632202],[139.906832,35.2632288],[139.9069238,35.263441],[139.9075207,35.2640324],[139.9079691,35.2631156],[139.9085403,35.2624127],[139.9087412,35.2622002],[139.9088378,35.2620169],[139.9090629,35.2617443],[139.9092953,35.2615689],[139.9097402,35.2614125],[139.9098784,35.2614861],[139.9099579,35.2614751],[139.9102168,35.2615703],[139.910517,35.2617987],[139.9107827,35.2619614],[139.9116534,35.2623539],[139.9118737,35.2623697],[139.911898,35.2620972],[139.9118231,35.2617059],[139.9118886,35.2615713],[139.9121344,35.2612757],[139.9123072,35.2609891],[139.9123966,35.2607658],[139.9125973,35.2604961],[139.9127511,35.2598809],[139.9128173,35.2598892],[139.9130538,35.2598481],[139.9134363,35.2597606],[139.9137288,35.259782],[139.9142262,35.2596968],[139.914936,35.2596307],[139.915371,35.2596144],[139.9156458,35.2595646],[139.9159372,35.2593574],[139.9160755,35.2591567],[139.9161962,35.2589131],[139.9163818,35.2583921],[139.9165795,35.2582454],[139.9166632,35.2582679],[139.9167817,35.2583188],[139.9167375,35.2585448],[139.9167386,35.2587735],[139.9167014,35.2590109],[139.9166259,35.2592571],[139.9161374,35.2597538],[139.9159846,35.2598174],[139.9156055,35.2598776],[139.9143677,35.2601696],[139.9141202,35.2601868],[139.9136412,35.260379],[139.9131184,35.2609595],[139.9127585,35.261234],[139.9126141,35.2614481],[139.9124581,35.2618216],[139.9123983,35.2623245],[139.9124852,35.2626357],[139.9124003,35.262891],[139.9121848,35.2632234],[139.9118454,35.2637004],[139.9117353,35.2639801],[139.9117717,35.2646122],[139.9118861,35.2649215],[139.9122481,35.2652542],[139.9130877,35.2657478],[139.9140666,35.266658],[139.9143846,35.2669338],[139.9146463,35.2670612],[139.9153469,35.2672495],[139.9158031,35.267296],[139.915907,35.2671811],[139.9163183,35.2665303],[139.9166181,35.2658687],[139.916728,35.2655366],[139.9169491,35.2651869],[139.9171914,35.2648713],[139.9174442,35.2645872],[139.9177524,35.2642513],[139.9180893,35.2640753],[139.9184509,35.2639822],[139.918833,35.2638089],[139.9190064,35.2636652],[139.9194115,35.2632031],[139.9195286,35.2629396],[139.9196529,35.262716],[139.9198362,35.2624608],[139.9204747,35.2620233],[139.920579,35.2619943],[139.9206322,35.2622084],[139.9205472,35.2626518],[139.9204199,35.2629698],[139.9201953,35.2633281],[139.9200673,35.263503],[139.9198386,35.2637271],[139.9195992,35.2638911],[139.9189807,35.2641341],[139.9187898,35.2642636],[139.9184842,35.2644194],[139.9182413,35.264592],[139.91803,35.2648017],[139.9178547,35.265297],[139.9177237,35.2655663],[139.9175303,35.2659045],[139.9173166,35.2663514],[139.9171228,35.2666039],[139.9170227,35.2667958],[139.9168358,35.2670311],[139.9166572,35.2673075],[139.9172292,35.267491],[139.9172986,35.2674897],[139.9175294,35.2675502],[139.9175966,35.2674449],[139.9176514,35.2672502],[139.9177588,35.2671269],[139.9182169,35.2668217],[139.918477,35.2666061],[139.9186192,35.2665112],[139.9189041,35.2663783],[139.9191476,35.2663487],[139.9193569,35.2664334],[139.9198413,35.2665541],[139.9201821,35.2664839],[139.9208357,35.2662979],[139.9211203,35.266108],[139.9212797,35.2659414],[139.9215051,35.2657546],[139.9218083,35.265836],[139.9224156,35.2661705],[139.9228756,35.2662941],[139.9231479,35.2664529],[139.923305,35.2665522],[139.923431,35.2667003],[139.923547,35.2669313],[139.9236869,35.2670736],[139.9239057,35.2669611],[139.9244096,35.2667729],[139.9246603,35.2667832],[139.9249532,35.2668904],[139.9251488,35.2670381],[139.9253859,35.2671113],[139.9256368,35.2671788],[139.9257797,35.2671981],[139.925999,35.2671999],[139.926445,35.2673008],[139.9265291,35.267409],[139.9265889,35.2675488],[139.926478,35.2676522],[139.9261233,35.2677282],[139.9256916,35.2677074],[139.9253078,35.2675377],[139.9250115,35.267439],[139.924792,35.2674086],[139.9244856,35.2673929],[139.9243012,35.2674194],[139.9241525,35.2676174],[139.9241046,35.2677948],[139.924144,35.2680433],[139.9241934,35.2681803],[139.9242777,35.2683457],[139.9242086,35.2684603],[139.9240906,35.2685238],[139.9239686,35.2684815],[139.9238673,35.2684162],[139.9236204,35.2684831],[139.9232839,35.2687162],[139.9232323,35.2688451],[139.9233369,35.2689018],[139.9234104,35.2689786],[139.9233901,35.2693755],[139.923096,35.2694746],[139.9229537,35.2695695],[139.9228882,35.2697042],[139.9228154,35.2697703],[139.9226758,35.2697138],[139.9226329,35.2697149],[139.9224434,35.2698724],[139.9224171,35.2699885],[139.9233101,35.2699929],[139.923538,35.2698203],[139.923985,35.2695819],[139.9240989,35.2694528],[139.9241936,35.2692997],[139.924245,35.2690108],[139.9243092,35.2688672],[139.9243605,35.2687936],[139.9244692,35.2687561],[139.9246889,35.2687406],[139.9248653,35.2686544],[139.9251058,35.2684931],[139.9253039,35.2684825],[139.9266147,35.2687267],[139.9269594,35.2687544],[139.9271303,35.2687128],[139.9280692,35.2681875],[139.9285275,35.2677658],[139.9287622,35.2676194],[139.9289936,35.2675158],[139.9291983,35.2673903],[139.9298242,35.2668131],[139.9299142,35.2667708],[139.9300864,35.2667764],[139.9306539,35.2668556],[139.9308675,35.2668194],[139.9309497,35.2667414],[139.9312833,35.2662592],[139.9314372,35.2661233],[139.931842,35.2658617],[139.9319853,35.2657308],[139.9320633,35.265625],[139.9322106,35.2652917],[139.9322495,35.2652514],[139.9323161,35.2652167],[139.9324211,35.2651889],[139.9325889,35.2652192],[139.9332258,35.2655708],[139.9336011,35.2656514],[139.9339603,35.2657864],[139.9341647,35.26605],[139.9343433,35.2660958],[139.9350344,35.2661533],[139.9354603,35.2662981],[139.9356892,35.2663061],[139.9359203,35.2662967],[139.9361922,35.2661319],[139.9365164,35.2658203],[139.9365986,35.2657142],[139.93665,35.2656044],[139.9366395,35.2652339],[139.9364047,35.2645286],[139.9363878,35.2641975],[139.9364322,35.2640181],[139.9367103,35.2637508],[139.9367972,35.2636178],[139.9368978,35.2633703],[139.9369089,35.2630406],[139.937005,35.2625056],[139.9369983,35.2623219],[139.9368753,35.2620194],[139.9365953,35.2614736],[139.9365689,35.2613403],[139.936573,35.2613069],[139.9366092,35.2612736],[139.9367972,35.2612772],[139.9380897,35.2617558],[139.9381494,35.2617697],[139.9386483,35.2617225],[139.9388986,35.2617631],[139.9400872,35.2621294],[139.9404114,35.2621844],[139.9406461,35.2621569],[139.940892,35.2620653],[139.9412555,35.2620272],[139.9415486,35.2620661],[139.9418308,35.2621661],[139.9421103,35.2623494],[139.9426969,35.2624597],[139.9430828,35.2625783],[139.9441139,35.2632925],[139.9443055,35.2633675],[139.9444861,35.2633744],[139.9446961,35.2633042],[139.9450761,35.263075],[139.945333,35.2628519],[139.9454403,35.2627253],[139.9456336,35.2623497],[139.94592,35.2618519],[139.9460814,35.2614058],[139.9460755,35.2611383],[139.9459639,35.2607078],[139.9459592,35.2605981],[139.94598,35.2605256],[139.94604,35.2604544],[139.946165,35.2603597],[139.9464178,35.2602044],[139.9468072,35.2600333],[139.9470714,35.2600236],[139.9479167,35.2602433],[139.9481933,35.260285],[139.9484228,35.2602864],[139.9486106,35.2601958],[139.9489289,35.2598778],[139.9492042,35.259665],[139.9493058,35.259615],[139.9497589,35.2595036],[139.9500494,35.2595036],[139.9501747,35.2595192],[139.9503125,35.2595706],[139.9507422,35.2600533],[139.9508242,35.2600975],[139.9519497,35.26009],[139.9520725,35.2600656],[139.9521395,35.2600153],[139.9521964,35.2599214],[139.9523647,35.2595028],[139.952665,35.2593022],[139.9528122,35.2592317],[139.9529764,35.2591633],[139.9533694,35.2590536],[139.9540308,35.2587767],[139.9541767,35.2586994],[139.9543264,35.2585367],[139.9543683,35.2584106],[139.95436,35.2582031],[139.9541689,35.2576189],[139.954152,35.2574761],[139.9542005,35.257275],[139.9544103,35.2571914],[139.9550361,35.2571731],[139.9554386,35.2572281]]]}},{"type":"Feature","properties":{"N03_001":"千葉県","N03_002":null,"N03_003":"君津郡","N03_004":"佐貫町","N03_005":"1889-04-01","N03_006":"1955-03-30","N03_007":"12000","name":"佐貫町","county":"君津郡","start":"1889-04-01","end":"1955-03-30","layer":"historical_admin"},"geometry":{"type":"Polygon","coordinates":[[[139.9110153,35.2812233],[139.9115078,35.2810939],[139.9117614,35.2809825],[139.9118444,35.2809111],[139.9119003,35.2808322],[139.9119592,35.2806989],[139.9120672,35.2805694],[139.9121942,35.2804544],[139.9124136,35.280185],[139.9124567,35.2801006],[139.9124853,35.2799867],[139.9124878,35.2798889],[139.912345,35.2794281],[139.9122469,35.2788894],[139.9122847,35.2788317],[139.912735,35.2785153],[139.9128183,35.2784183],[139.9130533,35.2779969],[139.9133097,35.2777444],[139.9133661,35.2776581],[139.9133928,35.2776067],[139.9134222,35.2772825],[139.913545,35.2770625],[139.9138133,35.2767142],[139.9140211,35.2762342],[139.9141394,35.2759069],[139.9142025,35.2757897],[139.9145581,35.275345],[139.9147745,35.2750103],[139.9148925,35.2749033],[139.9150644,35.2748739],[139.9155992,35.2748922],[139.9157083,35.2748811],[139.9159525,35.2747575],[139.9161861,35.27452],[139.916432,35.2740531],[139.9165111,35.2738653],[139.9165661,35.2736042],[139.9165617,35.2731261],[139.9164478,35.2728439],[139.9164208,35.2726694],[139.9164208,35.2724036],[139.9165772,35.2721289],[139.916745,35.2720464],[139.9171153,35.2719881],[139.91727,35.2719356],[139.9174508,35.2718414],[139.9176294,35.2715758],[139.9177572,35.2715414],[139.9179472,35.2715414],[139.9180767,35.2715117],[139.9181731,35.2714756],[139.918278,35.2714108],[139.9183664,35.2713397],[139.9185647,35.2708869],[139.9186372,35.2708203],[139.9187544,35.2707594],[139.9189722,35.2707408],[139.9201222,35.2710536],[139.9203783,35.2710958],[139.9205575,35.2710986],[139.9209414,35.2709597],[139.9210475,35.2709469],[139.9215003,35.2710233],[139.9217508,35.2710261],[139.9219811,35.2709689],[139.9226294,35.2708497],[139.9228753,35.2707764],[139.9229758,35.2706667],[139.9230767,35.2702725],[139.9231261,35.2701783],[139.9233101,35.2699929],[139.9224171,35.2699885],[139.9224434,35.2698724],[139.9226329,35.2697149],[139.9226758,35.2697138],[139.9228154,35.2697703],[139.9228882,35.2697042],[139.9229537,35.2695695],[139.923096,35.2694746],[139.9233901,35.2693755],[139.9234104,35.2689786],[139.9233369,35.2689018],[139.9232323,35.2688451],[139.9232839,35.2687162],[139.9236204,35.2684831],[139.9238673,35.2684162],[139.9239686,35.2684815],[139.9240906,35.2685238],[139.9242086,35.2684603],[139.9242777,35.2683457],[139.9241934,35.2681803],[139.924144,35.2680433],[139.9241046,35.2677948],[139.9241525,35.2676174],[139.9243012,35.2674194],[139.9244856,35.2673929],[139.924792,35.2674086],[139.9250115,35.267439],[139.9253078,35.2675377],[139.9256916,35.2677074],[139.9261233,35.2677282],[139.926478,35.2676522],[139.9265889,35.2675488],[139.9265291,35.267409],[139.926445,35.2673008],[139.925999,35.2671999],[139.9257797,35.2671981],[139.9256368,35.2671788],[139.9251488,35.2670381],[139.9249532,35.2668904],[139.9246603,35.2667832],[139.9244096,35.2667729],[139.9239057,35.2669611],[139.9236869,35.2670736],[139.923547,35.2669313],[139.923431,35.2667003],[139.923305,35.2665522],[139.9231479,35.2664529],[139.9228756,35.2662941],[139.9224156,35.2661705],[139.9218083,35.265836],[139.9215051,35.2657546],[139.9212797,35.2659414],[139.9211203,35.266108],[139.9208357,35.2662979],[139.9201821,35.2664839],[139.9198413,35.2665541],[139.9193569,35.2664334],[139.9191476,35.2663487],[139.9189041,35.2663783],[139.9186192,35.2665112],[139.918477,35.2666061],[139.9182169,35.2668217],[139.9177588,35.2671269],[139.9176514,35.2672502],[139.9175966,35.2674449],[139.9175294,35.2675502],[139.9172986,35.2674897],[139.9172292,35.267491],[139.9166572,35.2673075],[139.9168358,35.2670311],[139.9170227,35.2667958],[139.9171228,35.2666039],[139.9173166,35.2663514],[139.9175303,35.2659045],[139.9177237,35.2655663],[139.9178547,35.265297],[139.91803,35.2648017],[139.9182413,35.264592],[139.9184842,35.2644194],[139.9187898,35.2642636],[139.9189807,35.2641341],[139.9195992,35.2638911],[139.9198386,35.2637271],[139.9200673,35.263503],[139.9201953,35.2633281],[139.9204199,35.2629698],[139.9205472,35.2626518],[139.9206322,35.2622084],[139.920579,35.2619943],[139.9204747,35.2620233],[139.9198362,35.2624608],[139.9196529,35.262716],[139.9195286,35.2629396],[139.9194115,35.2632031],[139.9190064,35.2636652],[139.918833,35.2638089],[139.9184509,35.2639822],[139.9180893,35.2640753],[139.9177524,35.2642513],[139.9174442,35.2645872],[139.9171914,35.2648713],[139.9169491,35.2651869],[139.916728,35.2655366],[139.9166181,35.2658687],[139.9163183,35.2665303],[139.915907,35.2671811],[139.9158031,35.267296],[139.9153469,35.2672495],[139.9146463,35.2670612],[139.9143846,35.2669338],[139.9140666,35.266658],[139.9130877,35.2657478],[139.9122481,35.2652542],[139.9118861,35.2649215],[139.9117717,35.2646122],[139.9117353,35.2639801],[139.9118454,35.2637004],[139.9121848,35.2632234],[139.9124003,35.262891],[139.9124852,35.2626357],[139.9123983,35.2623245],[139.9124581,35.2618216],[139.9126141,35.2614481],[139.9127585,35.261234],[139.9131184,35.2609595],[139.9136412,35.260379],[139.9141202,35.2601868],[139.9143677,35.2601696],[139.9156055,35.2598776],[139.9159846,35.2598174],[139.9161374,35.2597538],[139.9166259,35.2592571],[139.9167014,35.2590109],[139.9167386,35.2587735],[139.9167375,35.2585448],[139.9167817,35.2583188],[139.9165795,35.2582454],[139.9163818,35.2583921],[139.9161962,35.2589131],[139.9160755,35.2591567],[139.9159372,35.2593574],[139.9156458,35.2595646],[139.915371,35.2596144],[139.914936,35.2596307],[139.9142262,35.2596968],[139.9137288,35.259782],[139.9134363,35.2597606],[139.9130538,35.2598481],[139.9128173,35.2598892],[139.9127511,35.2598809],[139.9125973,35.2604961],[139.9123966,35.2607658],[139.9123072,35.2609891],[139.9121344,35.2612757],[139.9118886,35.2615713],[139.9118231,35.2617059],[139.911898,35.2620972],[139.9118737,35.2623697],[139.9116534,35.2623539],[139.9107827,35.2619614],[139.910517,35.2617987],[139.9102168,35.2615703],[139.9099579,35.2614751],[139.9098784,35.2614861],[139.9097402,35.2614125],[139.9092953,35.2615689],[139.9090629,35.2617443],[139.9088378,35.2620169],[139.9087412,35.2622002],[139.9085403,35.2624127],[139.9079691,35.2631156],[139.9075207,35.2640324],[139.9069238,35.263441],[139.906832,35.2632288],[139.9069774,35.2632202],[139.9073387,35.2630413],[139.9074878,35.2629291],[139.9076333,35.2627684],[139.9079998,35.2622008],[139.9080784,35.2618888],[139.9080986,35.261723],[139.9082269,35.2616337],[139.9085713,35.2615836],[139.9087691,35.2614369],[139.909085,35.2612554],[139.9092555,35.2612346],[139.9094849,35.2611536],[139.9095609,35.2610217],[139.9095604,35.2609074],[139.9093405,35.2607912],[139.9091035,35.2607179],[139.9089428,35.2605986],[139.908796,35.2604449],[139.9087499,35.2602707],[139.9088139,35.2597931],[139.9089455,35.2596382],[139.9090561,35.2594776],[139.9093025,35.2592964],[139.9095911,35.2592408],[139.9099052,35.2594108],[139.9101847,35.2596383],[139.9104918,35.2598255],[139.9107354,35.2597958],[139.9107518,35.2595813],[139.9102944,35.2592776],[139.9099167,35.2588905],[139.9097556,35.2586569],[139.9096745,35.2584257],[139.9096315,35.2581572],[139.9097053,35.2575394],[139.90977,35.2572333],[139.9099036,35.2567554],[139.9098407,35.2566213],[139.9098089,35.2564537],[139.9096302,35.2563393],[139.9092397,35.2561866],[139.9092132,35.256042],[139.9091331,35.2557983],[139.9089351,35.2557765],[139.9088721,35.2557167],[139.9087537,35.2556944],[139.9081668,35.2560029],[139.9079622,35.2561668],[139.9075987,35.2566291],[139.9075057,35.2566826],[139.9073705,35.2567148],[139.9071174,35.2568106],[139.9066596,35.2567587],[139.9063463,35.2567601],[139.905816,35.2564938],[139.9057976,35.2562509],[139.9058994,35.2556788],[139.9058118,35.2555505],[139.9058251,35.2554019],[139.9059289,35.2552584],[139.9061748,35.2549915],[139.9062959,35.2548338],[139.9061774,35.2547828],[139.9060036,35.2548408],[139.9057779,35.2549704],[139.9055556,35.2550629],[139.9052878,35.2551241],[139.9050443,35.2551538],[139.9046575,35.2550498],[139.9044206,35.2550051],[139.9040964,35.2548894],[139.9038312,35.254742],[139.9033808,35.254421],[139.9030882,35.2543709],[139.9026643,35.2545328],[139.9025602,35.2546191],[139.9024564,35.2547625],[139.9023876,35.2549342],[139.9023571,35.255126],[139.9023614,35.2553174],[139.9024457,35.2554829],[139.9029137,35.2558466],[139.9028167,35.2559443],[139.9024519,35.2561031],[139.9023798,35.2560676],[139.9022811,35.2559596],[139.9021483,35.2557422],[139.9018324,35.2550843],[139.9017042,35.2547356],[139.9016717,35.2544087],[139.9016849,35.2542314],[139.9017671,35.2539395],[139.9018811,35.2537417],[139.9019852,35.2536555],[139.9022182,35.253623],[139.9027303,35.2537322],[139.9029774,35.2537225],[139.9030713,35.2536906],[139.9032968,35.2535324],[139.903536,35.2533112],[139.9036978,35.2529074],[139.903669,35.2526903],[139.9035917,35.2525364],[139.9033612,35.2523602],[139.902894,35.2521679],[139.9027367,35.2520114],[139.9026312,35.2517831],[139.9025884,35.2515432],[139.9024939,35.2514322],[139.9023158,35.2512987],[139.9018561,35.2512321],[139.901696,35.2512272],[139.9015536,35.2512935],[139.9014636,35.2514026],[139.9012936,35.2515377],[139.9012028,35.2514752],[139.9011143,35.2511183],[139.9009501,35.2509789],[139.9004581,35.2507039],[139.9002513,35.2503818],[139.9000731,35.2502197],[139.8999022,35.2501261],[139.8997798,35.249998],[139.8996433,35.2498186],[139.8996114,35.2496958],[139.8996591,35.2494612],[139.8996552,35.2493554],[139.8996406,35.2492183],[139.8995738,35.2490671],[139.8992272,35.2493831],[139.8990679,35.2495782],[139.8989439,35.2498589],[139.8986149,35.2502462],[139.8984832,35.2503726],[139.8985362,35.2505582],[139.8986793,35.2506347],[139.8988224,35.2507398],[139.8990951,35.251013],[139.8993086,35.2512893],[139.8993726,35.251592],[139.8994952,35.2517772],[139.8996492,35.251971],[139.899758,35.2521619],[139.8996952,35.2529254],[139.8997655,35.2530966],[139.8997558,35.2532653],[139.8996292,35.2537547],[139.8995816,35.2540179],[139.8995868,35.2544095],[139.8995376,35.2550814],[139.8996887,35.2555206],[139.8996941,35.2555735],[139.8998371,35.2559233],[139.8998695,35.2561604],[139.8996776,35.2560613],[139.8995343,35.2559275],[139.8994919,35.2557734],[139.8993987,35.2551678],[139.8993443,35.2546678],[139.8993563,35.2542333],[139.899404,35.2539987],[139.8993991,35.2536642],[139.8994574,35.253461],[139.8994357,35.2532839],[139.8990563,35.2532771],[139.8988332,35.253198],[139.8986588,35.2531131],[139.8987509,35.2530204],[139.8987446,35.2530333],[139.8990832,35.2530654],[139.8992606,35.2530274],[139.899396,35.2529497],[139.8994443,35.252858],[139.8993882,35.2527667],[139.8991616,35.2526963],[139.8988103,35.252735],[139.8986711,35.2527357],[139.8986012,35.2526788],[139.8986287,35.2526101],[139.8990463,35.2525796],[139.8991818,35.2525304],[139.8993205,35.2524155],[139.899366,35.2523326],[139.8993792,35.252298],[139.8993541,35.2521295],[139.8992562,35.252027],[139.8991654,35.2519645],[139.8990051,35.251931],[139.8988556,35.2519573],[139.898668,35.2520497],[139.8984876,35.252182],[139.8983278,35.2522341],[139.8982195,35.2521574],[139.8982014,35.2520003],[139.8983019,35.251894],[139.8985034,35.251796],[139.8987397,35.2517263],[139.8988682,35.2516657],[139.8989269,35.2515483],[139.8989542,35.2514223],[139.8989007,35.2511224],[139.8988409,35.2509827],[139.8986243,35.2508007],[139.8982857,35.2505764],[139.898168,35.2507255],[139.8980712,35.2508804],[139.8978553,35.2513614],[139.8978312,35.2513971],[139.8976776,35.2515212],[139.8975538,35.2516658],[139.8973131,35.2517506],[139.8969511,35.2517305],[139.8968434,35.2517607],[139.8967334,35.2517684],[139.8967272,35.2518531],[139.896499,35.251885],[139.8964127,35.2520711],[139.8965174,35.2521279],[139.8966672,35.2521586],[139.8969316,35.2521346],[139.8971992,35.2520448],[139.8974151,35.2520552],[139.8975755,35.2521174],[139.8976803,35.2522027],[139.897705,35.2522855],[139.897702,35.2524084],[139.8976223,35.2524917],[139.8975702,35.2525062],[139.897295,35.2524416],[139.8970897,35.2524626],[139.897062,35.2525028],[139.8970555,35.2526056],[139.8971153,35.2527455],[139.8972304,35.252805],[139.8975508,35.2528435],[139.8976626,35.2529402],[139.897656,35.2530146],[139.8975724,35.2530207],[139.8973008,35.2529761],[139.8972626,35.2530135],[139.8972593,35.2530507],[139.8973751,35.2532531],[139.897445,35.2533385],[139.8975154,35.2535097],[139.8974956,35.2537614],[139.8974448,35.2539576],[139.897257,35.2538663],[139.8971286,35.2534057],[139.8970786,35.2531258],[139.8969136,35.2527864],[139.896878,35.252615],[139.8968254,35.2525152],[139.8967709,35.2524735],[139.8967353,35.2523348],[139.8965235,35.252292],[139.8964483,35.2522425],[139.8961443,35.2519609],[139.8959488,35.2518417],[139.8957851,35.2518167],[139.8957136,35.2518169],[139.8956114,35.2518746],[139.8955004,35.251978],[139.8954037,35.2521328],[139.8953521,35.2522902],[139.8953878,35.2524901],[139.8954171,35.2528216],[139.8955295,35.2530613],[139.8958853,35.2540609],[139.8958955,35.2541613],[139.8959477,35.2542517],[139.8960091,35.254494],[139.8960556,35.2547825],[139.8959454,35.2549285],[139.8958423,35.2550037],[139.8958127,35.2551515],[139.8956373,35.2554504],[139.8955857,35.2555792],[139.8955521,35.2558652],[139.8955263,35.2563342],[139.8955737,35.2568228],[139.8957947,35.2572248],[139.895945,35.2573699],[139.8961334,35.2574777],[139.8962069,35.2575545],[139.8962179,35.2577003],[139.8961487,35.2577863],[139.895964,35.2577271],[139.895716,35.2575368],[139.8956562,35.2573969],[139.8955131,35.2572918],[139.8953698,35.2571581],[139.8951953,35.2570731],[139.8949719,35.2569083],[139.8946404,35.256724],[139.8947619,35.256652],[139.8949952,35.2566767],[139.895335,35.2563779],[139.8953294,35.255872],[139.8952928,35.2554719],[139.8952332,35.2553608],[139.8951595,35.2553305],[139.8949141,35.2551364],[139.8945795,35.2551144],[139.8943035,35.2550456],[139.8941334,35.254965],[139.8940824,35.2548545],[139.8942774,35.2548847],[139.8945594,35.2549035],[139.895082,35.2550156],[139.8953467,35.2550487],[139.895539,35.2549731],[139.8955627,35.2549779],[139.8956108,35.2549389],[139.8957179,35.2547583],[139.8957381,35.254621],[139.8957131,35.2544525],[139.8955858,35.25399],[139.8953356,35.253285],[139.8951743,35.2530228],[139.8951216,35.2528944],[139.895055,35.2528004],[139.8949015,35.252721],[139.894689,35.2526733],[139.8943064,35.2527322],[139.894157,35.2527872],[139.8939163,35.2526654],[139.8939226,35.2525052],[139.893995,35.2523534],[139.8941713,35.2520869],[139.8942582,35.2520436],[139.8946061,35.2520135],[139.8946335,35.2519161],[139.8945597,35.2517536],[139.8944126,35.2515427],[139.8943351,35.2513315],[139.8943589,35.2511856],[139.8944382,35.2510166],[139.8947181,35.2505494],[139.8947386,35.2504693],[139.8947071,35.2504323],[139.8945092,35.2505218],[139.8943744,35.2507425],[139.8942288,35.2508746],[139.8940448,35.2509869],[139.8939477,35.2510845],[139.8938926,35.251222],[139.8938804,35.2515993],[139.8938567,35.2517738],[139.8938017,35.2519112],[139.8936206,35.2519006],[139.8933112,35.2519791],[139.8930159,35.2521091],[139.8928768,35.2521383],[139.8927999,35.25207],[139.8927087,35.2518932],[139.8927025,35.2517961],[139.8928701,35.2516128],[139.8931352,35.2513895],[139.8935188,35.2511033],[139.89362,35.2509974],[139.8933391,35.2506617],[139.8932115,35.2502345],[139.8932329,35.2500683],[139.8934771,35.2498106],[139.8936131,35.2497334],[139.8939266,35.2496191],[139.8941426,35.2495161],[139.89415,35.2493556],[139.8940808,35.2492122],[139.8939388,35.2489914],[139.8937307,35.2487332],[139.8935641,35.2485725],[139.893516,35.2483775],[139.8935203,35.2480823],[139.8935766,35.2478302],[139.8938912,35.2473433],[139.8940965,35.2473234],[139.8944616,35.2474241],[139.8948473,35.2476166],[139.8950451,35.2478145],[139.8953549,35.2477948],[139.8955669,35.2478724],[139.8957788,35.2480073],[139.8958689,35.2481564],[139.8959206,35.2483141],[139.8960073,35.2484433],[139.8961567,35.2485322],[139.8963201,35.2485869],[139.8965253,35.2486243],[139.8968975,35.2486505],[139.8973465,35.2486309],[139.8975794,35.2487143],[139.8974688,35.2484161],[139.897487,35.2481438],[139.8976196,35.2479892],[139.8978392,35.2478776],[139.8981492,35.2477719],[139.8985325,35.2475716],[139.8986268,35.2474542],[139.8987183,35.2470587],[139.8987361,35.2469011],[139.8987226,35.2467635],[139.8987753,35.2465773],[139.899069,35.2460559],[139.8991886,35.2455917],[139.8994577,35.2451592],[139.8996498,35.2449157],[139.8998,35.2446895],[139.899909,35.244251],[139.899875,35.2439644],[139.8998723,35.2436864],[139.8999045,35.2433511],[139.8999821,35.2429614],[139.9000144,35.242626],[139.9003685,35.2416433],[139.9005708,35.2414314],[139.9011075,35.2411395],[139.9016379,35.2405783],[139.9019071,35.2400884],[139.9015888,35.2401214],[139.9016047,35.2402916],[139.9013402,35.240208],[139.9006993,35.2401107],[139.900391,35.2400224],[139.9001653,35.2399066],[139.8999559,35.2398929],[139.8997909,35.2399477],[139.8995602,35.2399954],[139.8992181,35.2399762],[139.89906,35.2399225],[139.8986369,35.2397214],[139.8981725,35.2396343],[139.8973889,35.2394575],[139.8971204,35.2394647],[139.8968664,35.2395189],[139.8966789,35.2395075],[139.8965208,35.2394538],[139.8958407,35.2389239],[139.8955816,35.2387407],[139.895337,35.2386046],[139.8946166,35.2383163],[139.8944973,35.2382303],[139.8943317,35.2380209],[139.894187,35.2376862],[139.894094,35.2373753],[139.8940995,35.2370752],[139.8938459,35.2369928],[139.8935427,35.2369414],[139.8933408,35.236883],[139.893037,35.2367677],[139.8927308,35.2367343],[139.8925757,35.2368631],[139.8924807,35.2368983],[139.892341,35.2370015],[139.8922142,35.2371607],[139.8920482,35.2372884],[139.891812,35.2374357],[139.8916291,35.237598],[139.8914496,35.2378062],[139.8913432,35.2379768],[139.8912587,35.2381498],[139.891286,35.2384535],[139.8909072,35.2385214],[139.890416,35.2387957],[139.8901246,35.2388732],[139.8899297,35.2389066],[139.8897105,35.2390193],[139.889452,35.2391004],[139.8893078,35.2392304],[139.8892103,35.2393474],[139.8891014,35.2393993],[139.8889891,35.2394052],[139.8887186,35.2393574],[139.8886276,35.2393019],[139.8884293,35.2390888],[139.8878725,35.2385541],[139.8876358,35.2384371],[139.8875587,35.2383649],[139.887424,35.2381041],[139.887426,35.2379586],[139.887262,35.2377402],[139.8870387,35.2377431],[139.8868846,35.2377992],[139.8868403,35.237931],[139.8867603,35.2380771],[139.8866738,35.2381952],[139.8865162,35.2382054],[139.8863829,35.2381361],[139.8859962,35.237784],[139.8857943,35.2377254],[139.8855656,35.2376276],[139.8851689,35.2374019],[139.884982,35.2372539],[139.8847692,35.2369938],[139.884635,35.2367968],[139.8844973,35.236554],[139.8843586,35.2363839],[139.884202,35.2363211],[139.8840678,35.2363247],[139.8837918,35.236577],[139.8835964,35.2365465],[139.882985,35.2364067],[139.8828552,35.236183],[139.8827076,35.2358661],[139.8824829,35.2356775],[139.882298,35.2355844],[139.8817859,35.2353826],[139.8815274,35.2352632],[139.8813768,35.2351647],[139.8812108,35.2350918],[139.8810045,35.2350601],[139.8807171,35.2350469],[139.8804447,35.2349442],[139.8801404,35.2347652],[139.8800112,35.2346052],[139.8798825,35.2345091],[139.8797075,35.23449],[139.87944,35.2344242],[139.8793192,35.2343473],[139.8790503,35.2342905],[139.878749,35.234294],[139.8785044,35.2343584],[139.8782866,35.2344621],[139.878125,35.2345629],[139.8779351,35.2346332],[139.8776045,35.234679],[139.8773296,35.234658],[139.877238,35.2346133],[139.8771781,35.2346042],[139.8769483,35.2344067],[139.8767311,35.2342469],[139.8765601,35.234185],[139.8762506,35.2341474],[139.8759135,35.2340065],[139.8757117,35.2340177],[139.875273,35.2341687],[139.874906,35.2341534],[139.874906,35.2636789],[139.8749923,35.2636382],[139.875003,35.2636114],[139.8750833,35.2635818],[139.8752225,35.2635819],[139.875438,35.2636797],[139.8753398,35.2639203],[139.8753076,35.264227],[139.8752583,35.2644046],[139.8752333,35.264608],[139.8752957,35.2646827],[139.8754695,35.2647689],[139.8759535,35.2646921],[139.8763225,35.2646696],[139.8767885,35.2647791],[139.8769277,35.2647793],[139.877095,35.2647107],[139.8772168,35.2646965],[139.87737,35.2646909],[139.8775404,35.2647284],[139.8778115,35.2648606],[139.8779192,35.2649381],[139.8779883,35.2650659],[139.8779888,35.2651775],[139.8780627,35.2653688],[139.8780946,35.2655201],[139.8782446,35.2655795],[139.8784151,35.2655588],[139.8786307,35.2655838],[139.8787384,35.2656614],[139.8790165,35.2657763],[139.8791699,35.2656848],[139.8793997,35.2656335],[139.8795635,35.2655735],[139.8797693,35.2654104],[139.8804713,35.2657666],[139.8804396,35.2659013],[139.8804415,35.2664086],[139.880542,35.2665607],[139.880803,35.2665753],[139.8809981,35.2665239],[139.8815551,35.2664672],[139.8818929,35.2664074],[139.8821783,35.2663906],[139.8825683,35.2663165],[139.8832301,35.2663726],[139.8833338,35.2664065],[139.883421,35.266449],[139.8837816,35.2668138],[139.8840317,35.2669689],[139.8842053,35.2671124],[139.8843057,35.267293],[139.8842626,35.2677402],[139.8841989,35.2681241],[139.8841808,35.2683391],[139.8843203,35.2685598],[139.8843213,35.2686232],[139.8845661,35.2687035],[139.8846425,35.2687725],[139.884632,35.2687696],[139.8847989,35.2688443],[139.8852166,35.2688447],[139.885554,35.2688996],[139.885811,35.2691234],[139.8859882,35.2692297],[139.8861099,35.2692442],[139.8862528,35.2692071],[139.8864202,35.2690811],[139.8865947,35.2689094],[139.8867481,35.2688178],[139.8870163,35.2687579],[139.8869509,35.2685199],[139.8869514,35.268348],[139.8869107,35.2679638],[139.886925,35.2678435],[139.887002,35.2676831],[139.8870718,35.2676258],[139.8871519,35.2676001],[139.8872388,35.2676432],[139.887864,35.2680738],[139.8880065,35.2681514],[139.8885986,35.2680374],[139.8886084,35.2680225],[139.8886945,35.268001],[139.8887439,35.268138],[139.8890654,35.2684339],[139.8892853,35.2685787],[139.8895609,35.2687004],[139.8897491,35.268751],[139.8896942,35.2689457],[139.8895415,35.2690664],[139.8893018,35.2691732],[139.8890306,35.269243],[139.888923,35.2693378],[139.8889773,35.2698092],[139.8888852,35.2702698],[139.8895026,35.27055],[139.8902173,35.2707899],[139.8906947,35.2708993],[139.8909837,35.2709009],[139.8911999,35.2709971],[139.8913049,35.271111],[139.8913543,35.2712765],[139.8913446,35.2714453],[139.8912862,35.2716199],[139.8913074,35.2717113],[139.8915309,35.271876],[139.8917441,35.2720666],[139.8919522,35.2718656],[139.8920946,35.2717993],[139.8924492,35.2716948],[139.8927092,35.271422],[139.8928862,35.2712984],[139.8929835,35.271258],[139.8934403,35.2714189],[139.8938763,35.2716313],[139.8940092,35.2717622],[139.8943454,35.2722238],[139.894478,35.2722975],[139.8949306,35.2722956],[139.8951953,35.2723286],[139.895773,35.2730836],[139.895962,35.2733057],[139.8963658,35.27409],[139.8963775,35.2743787],[139.8964236,35.2745814],[139.896574,35.2747265],[139.8971048,35.2751072],[139.8975168,35.2753797],[139.8980098,35.2758549],[139.8983271,35.2759593],[139.8985741,35.275921],[139.8989288,35.2758165],[139.8993457,35.2756145],[139.8995594,35.2759195],[139.89999,35.2764635],[139.9001646,35.276577],[139.9005129,35.2766041],[139.9011082,35.2765928],[139.9016445,35.2766133],[139.9020981,35.2768399],[139.9025057,35.2768924],[139.9028716,35.2769622],[139.9036204,35.2770303],[139.9039375,35.2770775],[139.9042444,35.2772075],[139.9045273,35.2773978],[139.9048278,35.2776309],[139.9049536,35.2777503],[139.9051629,35.2778352],[139.9054596,35.277991],[139.9059347,35.2783661],[139.9055867,35.2783963],[139.9054125,35.2783685],[139.9053116,35.278389],[139.9051277,35.2785299],[139.9049961,35.2786848],[139.904743,35.2789118],[139.9041747,35.27874],[139.9040618,35.2784146],[139.903856,35.2783212],[139.9036011,35.2781766],[139.9032526,35.2780924],[139.9030374,35.2782535],[139.9025817,35.2787131],[139.902711,35.2787245],[139.9030073,35.2786853],[139.9034269,35.278667],[139.9038164,35.2787175],[139.9040971,35.2788242],[139.9044756,35.2790937],[139.9052622,35.2787404],[139.9057368,35.2785925],[139.9061717,35.278489],[139.9074307,35.278373],[139.9081117,35.2783721],[139.9084518,35.2784426],[139.9085796,35.2785365],[139.909193,35.2791275],[139.9094967,35.2795386],[139.9096971,35.2798762],[139.9099215,35.2803356],[139.9100046,35.2806116],[139.9103551,35.2811245],[139.9106275,35.2813663],[139.9110153,35.2812233]]]}},{"type":"Feature","properties":{"N03_001":"千葉県","N03_002":null,"N03_003":"君津郡","N03_004":"大貫村","N03_005":"1889-04-01","N03_006":"1920-10-01","N03_007":"12000","name":"大貫村","county":"君津郡","start":"1889-04-01","end":"1920-10-01","layer":"historical_admin"},"geometry":{"type":"Polygon","coordinates":[[[139.875178,35.2722471],[139.8759258,35.2724276],[139.8764068,35.2724321],[139.8772155,35.2723765],[139.8783654,35.2727027],[139.8796477,35.2731879],[139.8798357,35.2735052],[139.8800362,35.2743117],[139.8801672,35.2745812],[139.8807363,35.2751702],[139.8808897,35.2752032],[139.8829727,35.274828],[139.8837046,35.2747716],[139.8847244,35.2747653],[139.8858068,35.2743966],[139.8864507,35.275144],[139.8866397,35.2753982],[139.8873664,35.2757204],[139.8884703,35.2765984],[139.8887761,35.2767432],[139.8889492,35.2767447],[139.8896076,35.2764352],[139.8898006,35.2763897],[139.8902671,35.2760469],[139.8907153,35.2759935],[139.8909329,35.2771971],[139.8917749,35.2768514],[139.8924406,35.2767969],[139.8928065,35.2770527],[139.8933214,35.277219],[139.8937557,35.2769706],[139.8939689,35.2766898],[139.8946704,35.2767164],[139.8949763,35.2768605],[139.8954014,35.2772885],[139.8959668,35.2773644],[139.8965824,35.27737],[139.8971824,35.2776178],[139.8980525,35.2779286],[139.8984184,35.2781844],[139.8986117,35.2784588],[139.8992371,35.2786563],[139.8995955,35.2785586],[139.9007975,35.277994],[139.9013451,35.2784837],[139.9021436,35.2786222],[139.9028147,35.2784775],[139.9030374,35.2782535],[139.9032526,35.2780924],[139.9036011,35.2781766],[139.903856,35.2783212],[139.9040618,35.2784146],[139.9041747,35.27874],[139.904743,35.2789118],[139.9049961,35.2786848],[139.9051277,35.2785299],[139.9053116,35.278389],[139.9054125,35.2783685],[139.9055867,35.2783963],[139.9059347,35.2783661],[139.9054596,35.277991],[139.9051629,35.2778352],[139.9049536,35.2777503],[139.9048278,35.2776309],[139.9045273,35.2773978],[139.9042444,35.2772075],[139.9039375,35.2770775],[139.9036204,35.2770303],[139.9028716,35.2769622],[139.9025057,35.2768924],[139.9020981,35.2768399],[139.9016445,35.2766133],[139.9011082,35.2765928],[139.9005129,35.2766041],[139.9001646,35.276577],[139.89999,35.2764635],[139.8995594,35.2759195],[139.8993457,35.2756145],[139.8989288,35.2758165],[139.8985741,35.275921],[139.8983271,35.2759593],[139.8980098,35.2758549],[139.8975168,35.2753797],[139.8971048,35.2751072],[139.896574,35.2747265],[139.8964236,35.2745814],[139.8963775,35.2743787],[139.8963658,35.27409],[139.895962,35.2733057],[139.895773,35.2730836],[139.8951953,35.2723286],[139.8949306,35.2722956],[139.894478,35.2722975],[139.8943454,35.2722238],[139.8940092,35.2717622],[139.8938763,35.2716313],[139.8934403,35.2714189],[139.8929835,35.271258],[139.8928862,35.2712984],[139.8927092,35.271422],[139.8924492,35.2716948],[139.8920946,35.2717993],[139.8919522,35.2718656],[139.8917441,35.2720666],[139.8915309,35.271876],[139.8913074,35.2717113],[139.8912862,35.2716199],[139.8913446,35.2714453],[139.8913543,35.2712765],[139.8913049,35.271111],[139.8911999,35.2709971],[139.8909837,35.2709009],[139.8906947,35.2708993],[139.8902173,35.2707899],[139.8895026,35.27055],[139.8888852,35.2702698],[139.8889773,35.2698092],[139.888923,35.2693378],[139.8890306,35.269243],[139.8893018,35.2691732],[139.8895415,35.2690664],[139.8896942,35.2689457],[139.8897491,35.268751],[139.8895609,35.2687004],[139.8892853,35.2685787],[139.8890654,35.2684339],[139.8887439,35.268138],[139.8886945,35.268001],[139.8886084,35.2680225],[139.8885986,35.2680374],[139.8880065,35.2681514],[139.887864,35.2680738],[139.8874681,35.2677925],[139.8871519,35.2676001],[139.8870718,35.2676258],[139.887002,35.2676831],[139.886925,35.2678435],[139.8869107,35.2679638],[139.8869514,35.268348],[139.8869509,35.2685199],[139.8870163,35.2687579],[139.8867481,35.2688178],[139.8865947,35.2689094],[139.8864202,35.2690811],[139.8862528,35.2692071],[139.8861099,35.2692442],[139.8859882,35.2692297],[139.885811,35.2691234],[139.885554,35.2688996],[139.8852166,35.2688447],[139.8847989,35.2688443],[139.884632,35.2687696],[139.8846425,35.2687725],[139.8845661,35.2687035],[139.8843213,35.2686232],[139.8843203,35.2685598],[139.8841808,35.2683391],[139.8841989,35.2681241],[139.8842626,35.2677402],[139.8843057,35.267293],[139.8842053,35.2671124],[139.8840317,35.2669689],[139.8837816,35.2668138],[139.883421,35.266449],[139.8832301,35.2663726],[139.8825683,35.2663165],[139.8821783,35.2663906],[139.8818929,35.2664074],[139.8815551,35.2664672],[139.8809981,35.2665239],[139.880803,35.2665753],[139.880542,35.2665607],[139.8804415,35.2664086],[139.8804396,35.2659013],[139.8804713,35.2657666],[139.8797693,35.2654104],[139.8795635,35.2655735],[139.8793997,35.2656335],[139.8791699,35.2656848],[139.8790165,35.2657763],[139.8787384,35.2656614],[139.8786307,35.2655838],[139.8784151,35.2655588],[139.8782446,35.2655795],[139.8780946,35.2655201],[139.8780627,35.2653688],[139.8779888,35.2651775],[139.8779883,35.2650659],[139.8779192,35.2649381],[139.8778115,35.2648606],[139.8775404,35.2647284],[139.87737,35.2646909],[139.8772168,35.2646965],[139.877095,35.2647107],[139.8769277,35.2647793],[139.8767885,35.2647791],[139.8763225,35.2646696],[139.8759535,35.2646921],[139.8754695,35.2647689],[139.8753791,35.2647343],[139.8752957,35.2646827],[139.8752333,35.264608],[139.8752583,35.2644046],[139.8753076,35.264227],[139.8753398,35.2639203],[139.875438,35.2636797],[139.8752225,35.2635819],[139.8750833,35.2635818],[139.875003,35.2636114],[139.8749923,35.2636382],[139.874906,35.2636789],[139.874906,35.2721369],[139.875178,35.2722471]]]}},{"type":"Feature","properties":{"N03_001":"千葉県","N03_002":null,"N03_003":"君津郡","N03_004":"周南村","N03_005":"1889-04-01","N03_006":"1954-03-31","N03_007":"12000","name":"周南村","county":"君津郡","start":"1889-04-01","end":"1954-03-31","layer":"historical_admin"},"geometry":{"type":"Polygon","coordinates":[[[139.9378995,35.3113153],[139.9379954,35.3112598],[139.9381965,35.3109855],[139.9383003,35.3108669],[139.9384251,35.3107591],[139.9386291,35.3106398],[139.9387285,35.3105571],[139.9388697,35.3104962],[139.9390659,35.3104399],[139.9393084,35.3104602],[139.9394559,35.3105271],[139.9397147,35.3106853],[139.9400613,35.3110327],[139.9402607,35.3110403],[139.9404338,35.3109912],[139.9407384,35.3107802],[139.9408674,35.3107273],[139.941197,35.3106731],[139.941336,35.3106302],[139.9415388,35.3106108],[139.9421585,35.3104626],[139.9427584,35.3102471],[139.943336,35.3102156],[139.9436566,35.3102334],[139.9437824,35.3102055],[139.9441394,35.3102011],[139.9442046,35.3101247],[139.9442213,35.3099897],[139.9441467,35.3097833],[139.9441194,35.3096446],[139.9441978,35.3095511],[139.9442794,35.3095215],[139.9443126,35.3094334],[139.9441839,35.3093044],[139.9440892,35.30926],[139.9440287,35.3092094],[139.9440057,35.3091257],[139.9440047,35.3090438],[139.9440986,35.3089227],[139.9441417,35.3088369],[139.9440353,35.3085278],[139.944095,35.3084055],[139.9441921,35.3083408],[139.9442474,35.3082545],[139.9442045,35.3081509],[139.9441172,35.3081375],[139.9439798,35.3079996],[139.9439908,35.3079271],[139.9440986,35.3078608],[139.9441996,35.3078321],[139.9443021,35.3078134],[139.9444112,35.3078317],[139.9444607,35.3078452],[139.9445164,35.3079024],[139.9445822,35.307979],[139.9445762,35.3080274],[139.9446257,35.3080771],[139.9447149,35.3080754],[139.944866,35.3080244],[139.944919,35.3079561],[139.9448906,35.3078264],[139.9447729,35.3076983],[139.9446267,35.3074404],[139.9445585,35.3073619],[139.9440863,35.3070404],[139.9440347,35.3069178],[139.944026,35.306808],[139.9440869,35.3066766],[139.9441509,35.3066092],[139.9444066,35.3066124],[139.9445653,35.3065894],[139.94468,35.3065626],[139.9447672,35.3064881],[139.9447535,35.3060594],[139.9448265,35.30592],[139.9452988,35.3059265],[139.9455146,35.3056683],[139.9455171,35.3054685],[139.9454625,35.305191],[139.9453403,35.3050989],[139.945245,35.3050849],[139.9451725,35.3050259],[139.9451504,35.3049355],[139.9453376,35.3047621],[139.9453476,35.3046811],[139.9451054,35.3045699],[139.9450614,35.3044753],[139.9450715,35.3043942],[139.945236,35.3042352],[139.9452273,35.3041253],[139.9451878,35.3039947],[139.9450329,35.3037179],[139.9449636,35.3036484],[139.944784,35.3036607],[139.9446672,35.3036145],[139.9445549,35.3035323],[139.944457,35.3034241],[139.9443361,35.303232],[139.9442097,35.3030849],[139.944059,35.3028631],[139.9433623,35.3023773],[139.9430707,35.3021254],[139.9429233,35.3019676],[139.9427321,35.3016241],[139.9427048,35.3014854],[139.9427128,35.3013314],[139.9427986,35.3007292],[139.9427129,35.3006128],[139.9426723,35.3004912],[139.9426804,35.3002462],[139.9425947,35.3001299],[139.9424834,35.3001297],[139.942233,35.3002633],[139.9421085,35.3002802],[139.9418245,35.3000562],[139.941699,35.2999912],[139.9415911,35.2999639],[139.9414323,35.299987],[139.9410885,35.2999764],[139.9409608,35.2999293],[139.9409279,35.2998356],[139.9409338,35.2996087],[139.9409769,35.2995305],[139.9410949,35.2994766],[139.9411016,35.2994226],[139.9410474,35.299376],[139.9410452,35.2992502],[139.9409426,35.2991188],[139.9408596,35.2990495],[139.9408864,35.2989959],[139.9410325,35.2988719],[139.9410673,35.298752],[139.9410139,35.2986232],[139.9407147,35.2983635],[139.9406698,35.2982515],[139.9407317,35.2979259],[139.9408927,35.2978899],[139.94098,35.2978499],[139.9409572,35.2975928],[139.9409665,35.2974228],[139.9411038,35.2973164],[139.9413539,35.2972202],[139.9415157,35.2972329],[139.9414106,35.2970729],[139.9410259,35.2965976],[139.9410285,35.2965083],[139.9411675,35.2961462],[139.9412446,35.2958743],[139.9412201,35.2956375],[139.9411557,35.2954634],[139.9411193,35.2952503],[139.9411676,35.2949687],[139.9412591,35.2947015],[139.9414931,35.2943851],[139.9414228,35.2939874],[139.9414312,35.2937686],[139.9414897,35.2936012],[139.9415813,35.2934518],[139.9419245,35.2931859],[139.9421033,35.2929965],[139.942233,35.2928045],[139.9422542,35.2927284],[139.9422415,35.2925856],[139.9421203,35.2924411],[139.942072,35.2920162],[139.9421933,35.2918075],[139.942617,35.2914647],[139.9430153,35.2910718],[139.9438992,35.290246],[139.9441568,35.2901177],[139.9442772,35.2900957],[139.944361,35.2902138],[139.9445051,35.2906155],[139.9446203,35.2907719],[139.9447339,35.2908307],[139.945072,35.2907432],[139.9455864,35.2904378],[139.9458127,35.2902712],[139.9459745,35.2900484],[139.946083,35.2896969],[139.9460898,35.289145],[139.9462101,35.2890052],[139.9463805,35.2889169],[139.9468406,35.2887871],[139.9470109,35.2886988],[139.9478524,35.2881428],[139.9480914,35.288119],[139.9484684,35.2881554],[139.9487168,35.2881971],[139.9489125,35.2881588],[139.949093,35.2880669],[139.9493294,35.2876614],[139.9499226,35.2872992],[139.9502124,35.2870222],[139.9505996,35.2867019],[139.9507706,35.2865183],[139.9508786,35.2863831],[139.9510623,35.2858942],[139.9516122,35.2851642],[139.9518265,35.2849035],[139.9520722,35.2846811],[139.9524366,35.2844569],[139.9527357,35.2843633],[139.9533111,35.2842722],[139.9534619,35.2843574],[139.9535966,35.284458],[139.9536687,35.2845999],[139.95375,35.2846896],[139.9538424,35.2847066],[139.9540415,35.2845102],[139.9543042,35.2842034],[139.9546668,35.2838816],[139.9549854,35.2836144],[139.9553438,35.2834021],[139.9558395,35.283319],[139.9562691,35.2833175],[139.9566114,35.2833561],[139.9569071,35.2833029],[139.9572012,35.2831521],[139.9576096,35.2829911],[139.9579392,35.2828868],[139.9581629,35.2829272],[139.9583501,35.28299],[139.9584069,35.2830783],[139.9585078,35.2834654],[139.958635,35.2838336],[139.9587732,35.2843648],[139.9589028,35.2846438],[139.9590189,35.2847312],[139.9594087,35.2847926],[139.9596215,35.2849054],[139.960902,35.2858265],[139.9617978,35.28639],[139.9620716,35.2865994],[139.9625513,35.2868849],[139.9627517,35.2869715],[139.9625192,35.2860799],[139.9625048,35.2855019],[139.9625742,35.2852255],[139.9625233,35.285096],[139.9624201,35.2849514],[139.961875,35.2840477],[139.9617748,35.2839518],[139.9617624,35.2838143],[139.9618087,35.283732],[139.9619532,35.2836113],[139.9623899,35.2832977],[139.9627403,35.2828826],[139.9628616,35.2826498],[139.9629373,35.2824422],[139.9629751,35.2821853],[139.9629643,35.2819049],[139.9629019,35.2815521],[139.9627638,35.2811009],[139.9623601,35.2806686],[139.9620099,35.2804429],[139.9616486,35.2802715],[139.9614994,35.2801805],[139.9615203,35.2798805],[139.961656,35.2793076],[139.9617671,35.2787373],[139.9619201,35.2784851],[139.9622203,35.2778833],[139.9624036,35.2774199],[139.9625168,35.276984],[139.9625731,35.2766273],[139.9625424,35.276255],[139.9621876,35.2755116],[139.9620195,35.2752429],[139.962041,35.2751918],[139.9622815,35.2749266],[139.9624022,35.2747511],[139.9624573,35.2745089],[139.9625016,35.2739861],[139.9624764,35.2737397],[139.9624288,35.2736303],[139.9623185,35.2735027],[139.9621524,35.2733686],[139.9619631,35.2731226],[139.9619157,35.2729845],[139.9619349,35.2728275],[139.9622298,35.2723773],[139.9624563,35.2721176],[139.9624713,35.2720263],[139.9624105,35.2718366],[139.9622464,35.2715309],[139.9619409,35.2710599],[139.961655,35.2707095],[139.961517,35.2705643],[139.9614765,35.2704378],[139.9615126,35.2700179],[139.9618316,35.2689817],[139.9618857,35.2685191],[139.9618067,35.2684006],[139.9616475,35.2682781],[139.9612173,35.2677137],[139.961001,35.2673929],[139.9607996,35.2669808],[139.9606725,35.2666228],[139.9603573,35.2665296],[139.9594578,35.2661581],[139.9585811,35.2658819],[139.9572589,35.2655415],[139.9571525,35.2653076],[139.9567208,35.2647626],[139.9565223,35.2645882],[139.9564661,35.2644627],[139.956313,35.2638385],[139.956263,35.263374],[139.9562618,35.2628883],[139.9560974,35.2625629],[139.956085,35.2618837],[139.9561483,35.261183],[139.956148,35.2608173],[139.9559669,35.2602896],[139.955996,35.2598115],[139.9561355,35.259124],[139.9563661,35.2584849],[139.9563085,35.2578808],[139.9561889,35.2573311],[139.9561068,35.2571846],[139.9554386,35.2572281],[139.9550361,35.2571731],[139.9544103,35.2571914],[139.9542005,35.257275],[139.954152,35.2574761],[139.9541689,35.2576189],[139.95436,35.2582031],[139.9543683,35.2584106],[139.9543264,35.2585367],[139.9541767,35.2586994],[139.9540308,35.2587767],[139.9533694,35.2590536],[139.9529764,35.2591633],[139.9528122,35.2592317],[139.952665,35.2593022],[139.9523647,35.2595028],[139.9521964,35.2599214],[139.9521395,35.2600153],[139.9520725,35.2600656],[139.9519497,35.26009],[139.9508242,35.2600975],[139.9507422,35.2600533],[139.9503125,35.2595706],[139.9501747,35.2595192],[139.9500494,35.2595036],[139.9497589,35.2595036],[139.9493058,35.259615],[139.9492042,35.259665],[139.9489289,35.2598778],[139.9486106,35.2601958],[139.9484228,35.2602864],[139.9481933,35.260285],[139.9479167,35.2602433],[139.9470714,35.2600236],[139.9468072,35.2600333],[139.9464178,35.2602044],[139.946165,35.2603597],[139.94604,35.2604544],[139.94598,35.2605256],[139.9459592,35.2605981],[139.9459639,35.2607078],[139.9460755,35.2611383],[139.9460814,35.2614058],[139.94592,35.2618519],[139.9456336,35.2623497],[139.9454403,35.2627253],[139.945333,35.2628519],[139.9450761,35.263075],[139.9446961,35.2633042],[139.9444861,35.2633744],[139.9443055,35.2633675],[139.9441139,35.2632925],[139.9430828,35.2625783],[139.9426969,35.2624597],[139.9421103,35.2623494],[139.9418308,35.2621661],[139.9415486,35.2620661],[139.9412555,35.2620272],[139.940892,35.2620653],[139.9406461,35.2621569],[139.9404114,35.2621844],[139.9400872,35.2621294],[139.9388986,35.2617631],[139.9386483,35.2617225],[139.9381494,35.2617697],[139.9380897,35.2617558],[139.9367972,35.2612772],[139.9366092,35.2612736],[139.936573,35.2613069],[139.9365689,35.2613403],[139.9365953,35.2614736],[139.9368753,35.2620194],[139.9369983,35.2623219],[139.937005,35.2625056],[139.9369089,35.2630406],[139.9368978,35.2633703],[139.9367972,35.2636178],[139.9367103,35.2637508],[139.9364322,35.2640181],[139.9363878,35.2641975],[139.9364047,35.2645286],[139.9366395,35.2652339],[139.93665,35.2656044],[139.9365986,35.2657142],[139.9365164,35.2658203],[139.9361922,35.2661319],[139.9359203,35.2662967],[139.9354603,35.2662981],[139.9350344,35.2661533],[139.9343433,35.2660958],[139.9341647,35.26605],[139.9339603,35.2657864],[139.9336011,35.2656514],[139.9332258,35.2655708],[139.9325889,35.2652192],[139.9324211,35.2651889],[139.9323161,35.2652167],[139.9322495,35.2652514],[139.9322106,35.2652917],[139.9320633,35.265625],[139.9319853,35.2657308],[139.931842,35.2658617],[139.9314372,35.2661233],[139.9312833,35.2662592],[139.9309497,35.2667414],[139.9308675,35.2668194],[139.9306539,35.2668556],[139.9300864,35.2667764],[139.9299142,35.2667708],[139.9298242,35.2668131],[139.9291983,35.2673903],[139.9289936,35.2675158],[139.9287622,35.2676194],[139.9285275,35.2677658],[139.9280692,35.2681875],[139.9271303,35.2687128],[139.9269594,35.2687544],[139.9266147,35.2687267],[139.9253039,35.2684825],[139.9251058,35.2684931],[139.9248653,35.2686544],[139.9246889,35.2687406],[139.9244692,35.2687561],[139.9243605,35.2687936],[139.9243092,35.2688672],[139.924245,35.2690108],[139.9241936,35.2692997],[139.9241547,35.2693803],[139.923985,35.2695819],[139.923538,35.2698203],[139.9232553,35.2700344],[139.9231261,35.2701783],[139.9230767,35.2702725],[139.9229758,35.2706667],[139.9228753,35.2707764],[139.9226294,35.2708497],[139.9219811,35.2709689],[139.9217508,35.2710261],[139.9215003,35.2710233],[139.9210475,35.2709469],[139.9209414,35.2709597],[139.9205575,35.2710986],[139.9203783,35.2710958],[139.9201222,35.2710536],[139.9189722,35.2707408],[139.9187544,35.2707594],[139.9186372,35.2708203],[139.9185647,35.2708869],[139.9183664,35.2713397],[139.918278,35.2714108],[139.9181731,35.2714756],[139.9180767,35.2715117],[139.9179472,35.2715414],[139.9177572,35.2715414],[139.9176294,35.2715758],[139.9174508,35.2718414],[139.91727,35.2719356],[139.9171153,35.2719881],[139.916745,35.2720464],[139.9165772,35.2721289],[139.9164208,35.2724036],[139.9164208,35.2726694],[139.9164478,35.2728439],[139.9165617,35.2731261],[139.9165661,35.2736042],[139.9165111,35.2738653],[139.916432,35.2740531],[139.9161861,35.27452],[139.9159525,35.2747575],[139.9157083,35.2748811],[139.9155992,35.2748922],[139.9150644,35.2748739],[139.9148925,35.2749033],[139.9147745,35.2750103],[139.9145581,35.275345],[139.9142025,35.2757897],[139.9141394,35.2759069],[139.9140211,35.2762342],[139.9138133,35.2767142],[139.913545,35.2770625],[139.9134222,35.2772825],[139.9133928,35.2776067],[139.9133661,35.2776581],[139.9133097,35.2777444],[139.9130533,35.2779969],[139.9128183,35.2784183],[139.912735,35.2785153],[139.9122847,35.2788317],[139.9122469,35.2788894],[139.912345,35.2794281],[139.9124878,35.2798889],[139.9124853,35.2799867],[139.9124567,35.2801006],[139.9124136,35.280185],[139.9121942,35.2804544],[139.9120672,35.2805694],[139.9119592,35.2806989],[139.9119003,35.2808322],[139.9118444,35.2809111],[139.9117614,35.2809825],[139.9115078,35.2810939],[139.9110153,35.2812233],[139.91049,35.2814169],[139.910365,35.2814886],[139.9102908,35.2815692],[139.9101547,35.2818567],[139.910105,35.2821256],[139.910105,35.2822828],[139.9101233,35.2823719],[139.9102236,35.2826325],[139.9104005,35.2829742],[139.9104005,35.2831392],[139.9102208,35.2833603],[139.9101436,35.2834967],[139.9101208,35.283725],[139.9102553,35.2839822],[139.9104572,35.2841875],[139.9105914,35.2843617],[139.9107367,35.2846728],[139.9108405,35.2848222],[139.911072,35.2850486],[139.91115,35.28525],[139.91115,35.2854792],[139.9110831,35.2856625],[139.9110264,35.2859522],[139.9110105,35.2868933],[139.9112933,35.2877403],[139.9112967,35.2879433],[139.9112836,35.2880136],[139.91117,35.2881908],[139.9110769,35.2882886],[139.9110272,35.2883231],[139.9109483,35.2883436],[139.9109222,35.2883827],[139.9108234,35.2886671],[139.9108019,35.2889291],[139.9108577,35.2891066],[139.9109588,35.2892788],[139.9111225,35.2894836],[139.9112454,35.2897486],[139.9113727,35.2899777],[139.9114603,35.2902579],[139.9114468,35.2903659],[139.9113927,35.2904432],[139.9112414,35.2905852],[139.9111565,35.2906417],[139.9110978,35.290755],[139.9110524,35.2908513],[139.9109824,35.2911455],[139.9109921,35.2912464],[139.9110392,35.291405],[139.9111116,35.2915384],[139.9111409,35.2917501],[139.9113728,35.2925701],[139.9115011,35.292881],[139.911514,35.2930458],[139.9117459,35.2933291],[139.9118183,35.2934626],[139.9121022,35.2936865],[139.912321,35.293896],[139.9123847,35.2940104],[139.912423,35.2941501],[139.9125152,35.2943034],[139.9129927,35.294671],[139.9131368,35.294765],[139.913433,35.2948899],[139.9135861,35.2949119],[139.9138561,35.2948891],[139.91392,35.2949127],[139.9139904,35.2949731],[139.9140167,35.2950299],[139.9140217,35.2952578],[139.9139401,35.295824],[139.9139351,35.2961328],[139.9140169,35.296549],[139.9140154,35.2967399],[139.914046,35.2968516],[139.9140794,35.2972092],[139.9141601,35.2976344],[139.9142652,35.2979525],[139.9143487,35.2980869],[139.9144466,35.2981951],[139.9146794,35.2985604],[139.9148158,35.2987173],[139.9149181,35.2987897],[139.9149917,35.298914],[139.9149835,35.299159],[139.9149172,35.2992444],[139.9147549,35.2993853],[139.9147039,35.2995266],[139.9145235,35.2999026],[139.9144834,35.3001357],[139.9142985,35.3005477],[139.9140046,35.3009414],[139.9138544,35.3010743],[139.9138113,35.3011526],[139.9137792,35.3012317],[139.9137875,35.3014325],[139.9138697,35.3016668],[139.9139665,35.3017842],[139.9145252,35.3023041],[139.9146408,35.3023593],[139.914804,35.3023002],[139.914996,35.302189],[139.9150864,35.3021785],[139.9153187,35.3022798],[139.9154112,35.3023422],[139.9155223,35.3024334],[139.9156593,35.3025939],[139.9156823,35.3025595],[139.9159115,35.3024116],[139.9161322,35.3023379],[139.9162588,35.3023585],[139.9163932,35.3022409],[139.916411,35.3020375],[139.91651,35.3019701],[139.9165053,35.3017056],[139.9165465,35.3016272],[139.9166816,35.3015735],[139.9167722,35.3015803],[139.9169256,35.3016248],[139.9173181,35.301694],[139.9173081,35.3017821],[139.9174398,35.3018759],[139.9175278,35.3019743],[139.9176966,35.302286],[139.9178391,35.3023319],[139.917964,35.3024624],[139.9180611,35.3026238],[139.9181297,35.3027523],[139.9181672,35.3030126],[139.9182067,35.3031402],[139.9182082,35.303253],[139.9185138,35.3035538],[139.9190228,35.3037087],[139.919198,35.3038694],[139.9193831,35.3040837],[139.9196056,35.3042909],[139.9199328,35.304443],[139.920042,35.3044756],[139.9202759,35.3046403],[139.9205924,35.3047696],[139.9206684,35.3048381],[139.9207873,35.3049972],[139.9209971,35.3053648],[139.9210541,35.3056812],[139.9210635,35.3058302],[139.9210456,35.3059744],[139.9209226,35.3062079],[139.9206889,35.3065531],[139.9207092,35.3067113],[139.9208098,35.3069475],[139.920476,35.3072456],[139.9203146,35.3075769],[139.9198959,35.3076666],[139.919242,35.3080511],[139.9189675,35.3081956],[139.9187182,35.3083552],[139.9184623,35.3084791],[139.918151,35.308546],[139.9179009,35.3086417],[139.9177909,35.3087105],[139.9177279,35.3087916],[139.9176607,35.3089098],[139.9176354,35.3090136],[139.9175169,35.3091566],[139.9172685,35.3092612],[139.9171233,35.3093802],[139.9168336,35.3095632],[139.9164391,35.3098417],[139.9163173,35.3099669],[139.9162005,35.3101188],[139.9162599,35.3102576],[139.9163219,35.3103502],[139.9160198,35.3104069],[139.9151302,35.3107847],[139.9152902,35.3109839],[139.9154352,35.3111026],[139.9156094,35.3113182],[139.9156268,35.3114714],[139.9156955,35.3115999],[139.9158237,35.3117482],[139.9159529,35.3117227],[139.9160217,35.3117323],[139.9161347,35.3119191],[139.916169,35.3120427],[139.9162376,35.3121712],[139.9164278,35.3124123],[139.9166172,35.3125894],[139.9171544,35.313015],[139.9175393,35.3132222],[139.9178939,35.3133876],[139.9180175,35.3131525],[139.9184869,35.3127365],[139.9188353,35.3125095],[139.9191576,35.3123223],[139.9196763,35.3121103],[139.9201891,35.3119264],[139.9208671,35.3117308],[139.921113,35.3116722],[139.9214997,35.3116507],[139.922009,35.3115678],[139.9225443,35.3114451],[139.9227914,35.3114295],[139.9227844,35.311416],[139.92344,35.3112938],[139.9240139,35.3111502],[139.9244074,35.3109892],[139.924692,35.3108354],[139.9251157,35.3105328],[139.9255886,35.3099603],[139.9257233,35.309886],[139.9258924,35.3098927],[139.9261113,35.309949],[139.9262368,35.3099998],[139.9264598,35.3101554],[139.9269422,35.3106745],[139.9270661,35.3108833],[139.9271669,35.3112001],[139.9273802,35.3117707],[139.9274749,35.3119645],[139.9277697,35.3124393],[139.9280589,35.3128539],[139.9282881,35.3130644],[139.9288216,35.3134701],[139.9289616,35.3135255],[139.9292023,35.313664],[139.9297353,35.3139141],[139.9300346,35.3140038],[139.9304974,35.3140533],[139.93066,35.3140232],[139.9307714,35.3139615],[139.9308572,35.3138841],[139.9309051,35.3137901],[139.9310161,35.3131685],[139.9310861,35.3129404],[139.9313585,35.3123816],[139.9315181,35.3121431],[139.9320902,35.3115082],[139.9323819,35.3112497],[139.932484,35.3111813],[139.9325645,35.3110813],[139.9327119,35.3109492],[139.9330783,35.3107339],[139.9333309,35.3106346],[139.9336079,35.3105369],[139.9340312,35.3105071],[139.9346324,35.3105492],[139.9350153,35.3105573],[139.9352682,35.3105895],[139.9361383,35.3105414],[139.9367994,35.310466],[139.9370103,35.3104733],[139.9371635,35.3105194],[139.9373186,35.3107849],[139.9373878,35.3108631],[139.9374635,35.3110605],[139.9375558,35.3112138],[139.9376436,35.311403],[139.9378995,35.3113153]]]}},{"type":"Feature","properties":{"N03_001":"千葉県","N03_002":null,"N03_003":"君津郡","N03_004":"吉野村","N03_005":"1889-04-01","N03_006":"1937-04-01","N03_007":"12000","name":"吉野村","county":"君津郡","start":"1889-04-01","end":"1937-04-01","layer":"historical_admin"},"geometry":{"type":"Polygon","coordinates":[[[139.874906,35.2977134],[139.8751674,35.2976184],[139.8753666,35.2976444],[139.8753205,35.29792],[139.8754747,35.2985334],[139.8754785,35.2987281],[139.8752008,35.2989377],[139.8749658,35.2994395],[139.8750627,35.2997239],[139.8751947,35.2999315],[139.8753694,35.3004313],[139.875294,35.300654],[139.874906,35.3010594],[139.874906,35.3070215],[139.8753782,35.307084],[139.8755603,35.3071701],[139.8763764,35.3077136],[139.8765824,35.3079417],[139.8775584,35.3079547],[139.877825,35.3079067],[139.8780236,35.307804],[139.8780481,35.3077339],[139.8780483,35.3075275],[139.8781724,35.3072909],[139.8782634,35.3071296],[139.8784302,35.3069586],[139.8787107,35.3066009],[139.8789368,35.306117],[139.879053,35.3059763],[139.8794427,35.3057517],[139.8799974,35.305365],[139.8803339,35.3052435],[139.8804475,35.3051757],[139.8805427,35.3050872],[139.8808594,35.3047158],[139.8810388,35.3045977],[139.8812972,35.304549],[139.882062,35.3045932],[139.8829376,35.304277],[139.8834317,35.3041982],[139.8837426,35.3041956],[139.8848253,35.303925],[139.8852707,35.3037243],[139.8862906,35.3032139],[139.8873597,35.3027242],[139.8879286,35.3025037],[139.888277,35.302465],[139.8882995,35.3022119],[139.8883667,35.3020744],[139.8886236,35.3018731],[139.8894047,35.3014703],[139.8900264,35.3012156],[139.8901611,35.3011917],[139.8903492,35.3011917],[139.8905461,35.3012592],[139.8908369,35.3014058],[139.8917089,35.3013875],[139.8923125,35.3012133],[139.8928125,35.3009942],[139.8933119,35.3006514],[139.8937322,35.3002817],[139.8938708,35.3001936],[139.8940833,35.3001203],[139.8944075,35.3001661],[139.8948994,35.3001386],[139.8956147,35.2998911],[139.8961289,35.2997906],[139.8963633,35.2998181],[139.896643,35.2999461],[139.8970275,35.3002303],[139.8972958,35.3002853],[139.8977539,35.3002028],[139.8978603,35.3001561],[139.8979442,35.3000839],[139.8980894,35.2998639],[139.8981325,35.2997611],[139.8986072,35.2991278],[139.898713,35.2990219],[139.8988161,35.2989569],[139.8990386,35.2988872],[139.9,35.2986639],[139.9001195,35.2986078],[139.9002133,35.2985333],[139.9003144,35.2983817],[139.9003892,35.2980686],[139.9004011,35.2976306],[139.9003628,35.2973606],[139.9003522,35.2971008],[139.9003747,35.2966156],[139.9004194,35.2962078],[139.9003292,35.2956628],[139.9003189,35.2954383],[139.9003322,35.2953747],[139.9004795,35.2952825],[139.9006094,35.2952275],[139.9017275,35.2950167],[139.9019425,35.2949567],[139.9021744,35.2948608],[139.9022653,35.2947497],[139.9022869,35.2946944],[139.9022975,35.2942564],[139.902318,35.2941336],[139.9026105,35.2935875],[139.9027005,35.2931711],[139.9027092,35.2930689],[139.9026669,35.2929697],[139.9025439,35.2927956],[139.9023239,35.2925614],[139.9022756,35.2924567],[139.902195,35.2921542],[139.9020075,35.2918611],[139.9019683,35.2917317],[139.9019464,35.2916081],[139.9019311,35.2909164],[139.9020011,35.2907042],[139.9020636,35.2905836],[139.90222,35.2904186],[139.9026278,35.2902231],[139.9028264,35.2901592],[139.9029692,35.2900889],[139.9031478,35.2899422],[139.9034439,35.2895653],[139.9040358,35.2891681],[139.9041031,35.2891656],[139.9044894,35.289365],[139.904975,35.2893925],[139.9052047,35.2894931],[139.9054731,35.2895022],[139.9056183,35.2894656],[139.9059986,35.2891083],[139.9061186,35.2890633],[139.9066358,35.2890422],[139.9071503,35.2890453],[139.9072189,35.2890289],[139.9072714,35.2889892],[139.9075236,35.2885594],[139.9076655,35.2884847],[139.9078311,35.2884372],[139.9079742,35.2884189],[139.9081247,35.2884267],[139.908445,35.2885158],[139.9087531,35.2886286],[139.9088883,35.2886447],[139.9089972,35.2886386],[139.9090575,35.2886278],[139.9092017,35.2885394],[139.9097772,35.2883278],[139.9099605,35.2882806],[139.9102814,35.2882489],[139.9107878,35.2883447],[139.9109483,35.2883436],[139.9110272,35.2883231],[139.9110769,35.2882886],[139.9112095,35.2881414],[139.9112836,35.2880136],[139.9112967,35.2879433],[139.9112933,35.2877403],[139.9110105,35.2868933],[139.9110264,35.2859522],[139.9110831,35.2856625],[139.91115,35.2854792],[139.91115,35.28525],[139.911072,35.2850486],[139.9108405,35.2848222],[139.9107367,35.2846728],[139.9105914,35.2843617],[139.9104572,35.2841875],[139.9102553,35.2839822],[139.9101208,35.283725],[139.9101436,35.2834967],[139.9102208,35.2833603],[139.9104005,35.2831392],[139.9104005,35.2829742],[139.9102236,35.2826325],[139.9101233,35.2823719],[139.910105,35.2822828],[139.910105,35.2821256],[139.9101547,35.2818567],[139.9102908,35.2815692],[139.910365,35.2814886],[139.91049,35.2814169],[139.9106275,35.2813663],[139.9103551,35.2811245],[139.9100046,35.2806116],[139.909936,35.2803675],[139.9096971,35.2798762],[139.9094967,35.2795386],[139.909193,35.2791275],[139.9085796,35.2785365],[139.9084518,35.2784426],[139.9081117,35.2783721],[139.9074307,35.278373],[139.9061717,35.278489],[139.9057368,35.2785925],[139.9052622,35.2787404],[139.9044756,35.2790937],[139.9040971,35.2788242],[139.9038164,35.2787175],[139.9034269,35.278667],[139.9030073,35.2786853],[139.902711,35.2787245],[139.9025817,35.2787131],[139.9028147,35.2784775],[139.9021436,35.2786222],[139.9013451,35.2784837],[139.9007975,35.277994],[139.8995955,35.2785586],[139.8992371,35.2786563],[139.8986117,35.2784588],[139.8984184,35.2781844],[139.8980525,35.2779286],[139.8971824,35.2776178],[139.8965824,35.27737],[139.8959668,35.2773644],[139.8954014,35.2772885],[139.8949763,35.2768605],[139.8946704,35.2767164],[139.8939689,35.2766898],[139.8937557,35.2769706],[139.8933214,35.277219],[139.8928065,35.2770527],[139.8924406,35.2767969],[139.8917749,35.2768514],[139.8909329,35.2771971],[139.8907153,35.2759935],[139.8902671,35.2760469],[139.8898006,35.2763897],[139.8896076,35.2764352],[139.8889492,35.2767447],[139.8887761,35.2767432],[139.8884703,35.2765984],[139.8873664,35.2757204],[139.8866397,35.2753982],[139.8864507,35.275144],[139.8858068,35.2743966],[139.8847244,35.2747653],[139.8837046,35.2747716],[139.8829727,35.274828],[139.8808897,35.2752032],[139.8807363,35.2751702],[139.8801672,35.2745812],[139.8800362,35.2743117],[139.8798357,35.2735052],[139.8796477,35.2731879],[139.8783654,35.2727027],[139.8772155,35.2723765],[139.8764068,35.2724321],[139.8759258,35.2724276],[139.875178,35.2722471],[139.874906,35.2721369],[139.874906,35.2977134]]]}},{"type":"Feature","properties":{"N03_001":"千葉県","N03_002":null,"N03_003":"君津郡","N03_004":"中村","N03_005":"1889-04-01","N03_006":"1955-03-31","N03_007":"12000","name":"中村","county":"君津郡","start":"1889-04-01","end":"1955-03-31","layer":"historical_admin"},"geometry":{"type":"Polygon","coordinates":[[[139.9642714,35.3315269],[139.9645944,35.3307531],[139.9646822,35.3304303],[139.9647436,35.3295944],[139.9648695,35.3289419],[139.9650036,35.3283542],[139.9650931,35.3280681],[139.9652381,35.3277575],[139.965682,35.3270175],[139.9657683,35.326905],[139.9661922,35.3265903],[139.9665497,35.3264214],[139.9672747,35.3261647],[139.9676289,35.3259764],[139.9677478,35.3258789],[139.968058,35.3255578],[139.9686447,35.3248122],[139.9687808,35.3246608],[139.9688825,35.3245728],[139.9690361,35.3244675],[139.9694442,35.3242642],[139.9695922,35.3242075],[139.9706433,35.3235922],[139.9709561,35.3233364],[139.9710803,35.3231706],[139.9713975,35.3228858],[139.9721694,35.3225689],[139.9722645,35.3225072],[139.9723608,35.3223869],[139.9724653,35.3221822],[139.97282,35.3216722],[139.9733572,35.3210539],[139.973438,35.3208633],[139.9734414,35.3206964],[139.9734055,35.3205628],[139.9734003,35.3204331],[139.9734205,35.3203381],[139.9734686,35.3203022],[139.9736555,35.32007],[139.9737514,35.3198758],[139.973778,35.3196367],[139.9738411,35.3183878],[139.9738694,35.3183131],[139.9740461,35.3182781],[139.9745205,35.3183158],[139.9752153,35.318485],[139.9758064,35.3185928],[139.9762283,35.318455],[139.9765097,35.3183442],[139.9768997,35.3180836],[139.9770461,35.3180253],[139.9772011,35.3180078],[139.9775072,35.3180267],[139.9775744,35.3180178],[139.9777539,35.3178581],[139.9779831,35.3175764],[139.9781789,35.3174117],[139.9783944,35.3172806],[139.9785781,35.3172117],[139.9787236,35.3172117],[139.9788225,35.3172606],[139.9792133,35.3173683],[139.9794122,35.3173622],[139.9795422,35.3172556],[139.9796219,35.3171225],[139.9798253,35.3166647],[139.9798594,35.3165375],[139.9798928,35.3162681],[139.9799347,35.3161333],[139.9800217,35.3159431],[139.9803797,35.3154339],[139.9804453,35.3153719],[139.9808928,35.3151278],[139.9810303,35.3151328],[139.9810797,35.3152158],[139.9810483,35.3153011],[139.9820712,35.3153931],[139.9819923,35.3152528],[139.9818581,35.3146174],[139.9817633,35.3144237],[139.9815899,35.3142165],[139.9808723,35.3136157],[139.9805786,35.3134247],[139.9801679,35.313286],[139.9799764,35.3131252],[139.9798897,35.3130216],[139.979802,35.3127821],[139.9796291,35.3124571],[139.9796684,35.3120289],[139.9797422,35.3119883],[139.9796499,35.3118216],[139.97927,35.3114092],[139.9787943,35.3110387],[139.9785887,35.3108425],[139.9784899,35.3106037],[139.9782489,35.3103824],[139.9776978,35.3100345],[139.9775126,35.3098189],[139.9771623,35.3092417],[139.9769558,35.3090365],[139.9767228,35.3089053],[139.9764458,35.3087767],[139.9761712,35.3086752],[139.976027,35.3085478],[139.9759239,35.3085086],[139.9745142,35.3085832],[139.9739978,35.3078798],[139.9739951,35.3077259],[139.973928,35.3075939],[139.9738462,35.3075444],[139.9727445,35.3071023],[139.9727069,35.3068055],[139.9726039,35.3063948],[139.9725836,35.3060426],[139.9725345,35.3058643],[139.972471,35.3055237],[139.9725658,35.3053459],[139.9728707,35.3052616],[139.9730542,35.3051851],[139.9735231,35.3051623],[139.973914,35.3052026],[139.9742625,35.3052635],[139.9754234,35.3057294],[139.9761143,35.3061479],[139.9762875,35.3062382],[139.9767155,35.3063414],[139.9769984,35.3062884],[139.9771657,35.3061788],[139.9772021,35.3060714],[139.9771835,35.3058823],[139.9771173,35.30566],[139.9770539,35.3052974],[139.9773369,35.3052444],[139.977542,35.3051869],[139.9776631,35.3051797],[139.9780209,35.305222],[139.978135,35.3052605],[139.978401,35.3053897],[139.9786048,35.305441],[139.9790373,35.3054516],[139.9794091,35.3054024],[139.97963,35.3053984],[139.9799903,35.3054676],[139.9805396,35.3056706],[139.9807417,35.3057039],[139.9809981,35.305725],[139.9813495,35.3056951],[139.9816177,35.3057245],[139.9820456,35.3058078],[139.9824883,35.3058087],[139.9826816,35.3057429],[139.9828467,35.3057331],[139.9831646,35.305823],[139.9835834,35.3060518],[139.9837646,35.3062223],[139.9838883,35.306369],[139.9841262,35.3065542],[139.9843232,35.3067781],[139.9846483,35.3069491],[139.9848209,35.3071473],[139.9848762,35.3072709],[139.9851527,35.3071457],[139.9853696,35.3070966],[139.9857125,35.3070944],[139.9860198,35.3070671],[139.9868617,35.3069279],[139.9863695,35.3068612],[139.9857623,35.3068222],[139.9854865,35.306825],[139.9851551,35.3067833],[139.9848783,35.3066957],[139.984519,35.3066317],[139.9842131,35.306409],[139.9841273,35.306139],[139.9842362,35.3060025],[139.9844839,35.3059548],[139.9848411,35.3058383],[139.9848948,35.3057023],[139.9848655,35.3055446],[139.9849459,35.3053406],[139.9850272,35.3052043],[139.9850798,35.304978],[139.9852157,35.304796],[139.9855399,35.3045602],[139.98531,35.3045941],[139.985099,35.3045789],[139.9849404,35.3045258],[139.9847438,35.3043975],[139.9843368,35.3040674],[139.9840748,35.3039519],[139.9836264,35.3038225],[139.9834941,35.3037505],[139.9833533,35.303544],[139.9832457,35.3034734],[139.983043,35.3032393],[139.9828166,35.3030526],[139.982341,35.3027756],[139.9820943,35.3027138],[139.981473,35.3026443],[139.9811721,35.3026404],[139.9808925,35.3026784],[139.980656,35.3027308],[139.9805154,35.3028776],[139.9801969,35.3033804],[139.9797904,35.30411],[139.9797371,35.3043346],[139.9796405,35.3045446],[139.9794694,35.304702],[139.9793143,35.3047262],[139.9790566,35.3047369],[139.9787803,35.3047344],[139.9781861,35.3046947],[139.9780522,35.3046429],[139.9779436,35.3045235],[139.9778385,35.3043635],[139.9777554,35.3042941],[139.9772265,35.3042417],[139.976851,35.3041852],[139.9767139,35.3034356],[139.9767365,35.3031804],[139.9766679,35.3028457],[139.9765978,35.3023391],[139.9766507,35.3019319],[139.9767606,35.301719],[139.9769193,35.3014829],[139.9770576,35.3013386],[139.9771055,35.3012294],[139.9770249,35.3011469],[139.9769367,35.3010186],[139.9768481,35.3008044],[139.976812,35.3006328],[139.9768109,35.3004895],[139.9767439,35.3003839],[139.9766212,35.3002846],[139.9764537,35.3002458],[139.9762377,35.3002588],[139.9757302,35.3004402],[139.9755664,35.3004386],[139.975367,35.3003512],[139.9751884,35.3002294],[139.9751183,35.3001727],[139.9749564,35.2999503],[139.9750319,35.299795],[139.9754061,35.2994886],[139.9754539,35.2993506],[139.9754177,35.299179],[139.9753466,35.298979],[139.9752297,35.2987249],[139.9752001,35.2984844],[139.9752314,35.2979971],[139.9751966,35.2975189],[139.9749711,35.2971996],[139.9747963,35.297115],[139.9744752,35.2970429],[139.9743282,35.2969695],[139.9739669,35.2966312],[139.9737357,35.2964668],[139.9731489,35.2962878],[139.9725763,35.296143],[139.9719823,35.2959182],[139.9718038,35.295825],[139.9715303,35.2955864],[139.9710457,35.2950648],[139.9711792,35.2949897],[139.9709818,35.2948677],[139.9707324,35.2946808],[139.9700933,35.2943621],[139.9693797,35.2941366],[139.9689652,35.2940359],[139.968519,35.2939547],[139.9682118,35.2939328],[139.9679093,35.2939516],[139.9672322,35.2934488],[139.9671052,35.2932495],[139.9669981,35.2928957],[139.9669847,35.2927898],[139.9668838,35.2926383],[139.9666879,35.2924594],[139.9666334,35.2923384],[139.9666383,35.2922155],[139.9668938,35.2916926],[139.9670395,35.2916029],[139.967259,35.2913995],[139.9673699,35.2911942],[139.9677682,35.2911545],[139.9679292,35.2911184],[139.9680445,35.2910393],[139.9680327,35.2910099],[139.9681262,35.2909626],[139.9680884,35.2909134],[139.9679493,35.290854],[139.9675331,35.2905902],[139.967319,35.2903753],[139.9671448,35.290239],[139.9669645,35.2900194],[139.9664826,35.2895787],[139.9663135,35.289396],[139.9660004,35.2889707],[139.9658738,35.2887428],[139.9657497,35.2885922],[139.9653896,35.2884249],[139.9645202,35.2882844],[139.9642553,35.2882231],[139.963893,35.2880203],[139.96352,35.2877568],[139.9631776,35.2874827],[139.962903,35.2872244],[139.9628148,35.2870979],[139.9627657,35.2869776],[139.9625513,35.2868849],[139.9620716,35.2865994],[139.9617978,35.28639],[139.960902,35.2858265],[139.9596215,35.2849054],[139.9594087,35.2847926],[139.9590189,35.2847312],[139.9589028,35.2846438],[139.9587732,35.2843648],[139.958635,35.2838336],[139.9585078,35.2834654],[139.9584069,35.2830783],[139.9583501,35.28299],[139.9581629,35.2829272],[139.9579392,35.2828868],[139.9576096,35.2829911],[139.9572012,35.2831521],[139.9569071,35.2833029],[139.9566114,35.2833561],[139.9562691,35.2833175],[139.9558395,35.283319],[139.9553438,35.2834021],[139.9549854,35.2836144],[139.9546668,35.2838816],[139.9543042,35.2842034],[139.9540415,35.2845102],[139.9538424,35.2847066],[139.95375,35.2846896],[139.9536687,35.2845999],[139.9535966,35.284458],[139.9534619,35.2843574],[139.9533111,35.2842722],[139.9527357,35.2843633],[139.9524366,35.2844569],[139.9520722,35.2846811],[139.9518265,35.2849035],[139.9516122,35.2851642],[139.9510623,35.2858942],[139.9508786,35.2863831],[139.950642,35.2866583],[139.9502124,35.2870222],[139.9499226,35.2872992],[139.9493294,35.2876614],[139.949093,35.2880669],[139.9489125,35.2881588],[139.9487168,35.2881971],[139.9484684,35.2881554],[139.9480914,35.288119],[139.9478524,35.2881428],[139.9470109,35.2886988],[139.9468406,35.2887871],[139.9463805,35.2889169],[139.9462101,35.2890052],[139.9460898,35.289145],[139.946083,35.2896969],[139.9459745,35.2900484],[139.9458127,35.2902712],[139.9455864,35.2904378],[139.945072,35.2907432],[139.9447339,35.2908307],[139.9446203,35.2907719],[139.9445051,35.2906155],[139.944361,35.2902138],[139.9442772,35.2900957],[139.9441568,35.2901177],[139.9438992,35.290246],[139.9430153,35.2910718],[139.942617,35.2914647],[139.9421933,35.2918075],[139.942072,35.2920162],[139.9421203,35.2924411],[139.9422415,35.2925856],[139.9422542,35.2927284],[139.942233,35.2928045],[139.9421033,35.2929965],[139.9419245,35.2931859],[139.9415813,35.2934518],[139.9414897,35.2936012],[139.9414312,35.2937686],[139.9414228,35.2939874],[139.9414931,35.2943851],[139.9412591,35.2947015],[139.9411676,35.2949687],[139.9411193,35.2952503],[139.9411557,35.2954634],[139.9412201,35.2956375],[139.9412446,35.2958743],[139.9411675,35.2961462],[139.9410285,35.2965083],[139.9410259,35.2965976],[139.9414106,35.2970729],[139.9415157,35.2972329],[139.9413539,35.2972202],[139.9411038,35.2973164],[139.9409665,35.2974228],[139.9409572,35.2975928],[139.94098,35.2978499],[139.9408927,35.2978899],[139.9407317,35.2979259],[139.9406698,35.2982515],[139.9407147,35.2983635],[139.9410139,35.2986232],[139.9410673,35.298752],[139.9410325,35.2988719],[139.9408864,35.2989959],[139.9408596,35.2990495],[139.9409426,35.2991188],[139.9410452,35.2992502],[139.9410474,35.299376],[139.9411016,35.2994226],[139.9410949,35.2994766],[139.9409769,35.2995305],[139.9409338,35.2996087],[139.9409279,35.2998356],[139.9409608,35.2999293],[139.9410885,35.2999764],[139.9414323,35.299987],[139.9415911,35.2999639],[139.941699,35.2999912],[139.9418245,35.3000562],[139.9421085,35.3002802],[139.942233,35.3002633],[139.9424834,35.3001297],[139.9425947,35.3001299],[139.9426804,35.3002462],[139.9426723,35.3004912],[139.9427129,35.3006128],[139.9427986,35.3007292],[139.9427128,35.3013314],[139.9427048,35.3014854],[139.9427321,35.3016241],[139.9429233,35.3019676],[139.9430707,35.3021254],[139.9433623,35.3023773],[139.944059,35.3028631],[139.9442097,35.3030849],[139.9443361,35.303232],[139.944457,35.3034241],[139.9445549,35.3035323],[139.9446672,35.3036145],[139.944784,35.3036607],[139.9449636,35.3036484],[139.9450329,35.3037179],[139.9451878,35.3039947],[139.9452273,35.3041253],[139.945236,35.3042352],[139.9450715,35.3043942],[139.9450614,35.3044753],[139.9451054,35.3045699],[139.9453476,35.3046811],[139.9453376,35.3047621],[139.9451504,35.3049355],[139.9451725,35.3050259],[139.945245,35.3050849],[139.9453403,35.3050989],[139.9454625,35.305191],[139.9455171,35.3054685],[139.9455146,35.3056683],[139.9452988,35.3059265],[139.9448265,35.30592],[139.9447535,35.3060594],[139.9447672,35.3064881],[139.94468,35.3065626],[139.9445653,35.3065894],[139.9444066,35.3066124],[139.9441509,35.3066092],[139.9440869,35.3066766],[139.944026,35.306808],[139.9440347,35.3069178],[139.9440863,35.3070404],[139.9445585,35.3073619],[139.9446267,35.3074404],[139.9447729,35.3076983],[139.9448906,35.3078264],[139.944919,35.3079561],[139.944866,35.3080244],[139.9447149,35.3080754],[139.9446257,35.3080771],[139.9445762,35.3080274],[139.9445822,35.307979],[139.9445164,35.3079024],[139.9444607,35.3078452],[139.9444112,35.3078317],[139.9443021,35.3078134],[139.9441996,35.3078321],[139.9440986,35.3078608],[139.9439908,35.3079271],[139.9439798,35.3079996],[139.9441172,35.3081375],[139.9442045,35.3081509],[139.9442474,35.3082545],[139.9441921,35.3083408],[139.944095,35.3084055],[139.9440353,35.3085278],[139.9441417,35.3088369],[139.9440986,35.3089227],[139.9440047,35.3090438],[139.9440057,35.3091257],[139.9440287,35.3092094],[139.9440892,35.30926],[139.9441839,35.3093044],[139.9443126,35.3094334],[139.9442794,35.3095215],[139.9441978,35.3095511],[139.9441194,35.3096446],[139.9441467,35.3097833],[139.9442213,35.3099897],[139.9442046,35.3101247],[139.9441394,35.3102011],[139.9437824,35.3102055],[139.9436566,35.3102334],[139.943336,35.3102156],[139.9427584,35.3102471],[139.9421585,35.3104626],[139.9415388,35.3106108],[139.941336,35.3106302],[139.941197,35.3106731],[139.9408674,35.3107273],[139.9407384,35.3107802],[139.9404338,35.3109912],[139.9402607,35.3110403],[139.9400613,35.3110327],[139.9397147,35.3106853],[139.9394559,35.3105271],[139.9393084,35.3104602],[139.9390659,35.3104399],[139.9388697,35.3104962],[139.9387285,35.3105571],[139.9386291,35.3106398],[139.9384251,35.3107591],[139.9383003,35.3108669],[139.9379954,35.3112598],[139.9378995,35.3113153],[139.9377696,35.3113599],[139.9377231,35.3114089],[139.9376315,35.3114405],[139.9375323,35.3115042],[139.9375416,35.3116875],[139.9375043,35.3118967],[139.93739,35.3122321],[139.9373092,35.3126672],[139.9373298,35.3127918],[139.9376213,35.313639],[139.9377194,35.3137766],[139.9379159,35.313969],[139.9380296,35.3140429],[139.9382802,35.3141537],[139.9387715,35.3142959],[139.9390169,35.3143014],[139.9392825,35.3142757],[139.9397285,35.3140775],[139.940091,35.3136638],[139.9402855,35.3133649],[139.9403076,35.3132308],[139.9403668,35.3130405],[139.9404666,35.3128366],[139.9405906,35.31261],[139.9407833,35.312331],[139.9411021,35.3119368],[139.9413071,35.3117659],[139.94152,35.3116702],[139.9418067,35.3116277],[139.9419424,35.3116504],[139.9422806,35.3117708],[139.9426808,35.3119679],[139.9434351,35.312425],[139.9439195,35.312662],[139.9443221,35.312984],[139.944437,35.3130584],[139.9445803,35.3131189],[139.9449559,35.313177],[139.9451935,35.3131931],[139.9456479,35.313193],[139.9457987,35.3131605],[139.9460352,35.3129904],[139.9460882,35.3129009],[139.9463209,35.3120484],[139.9464917,35.3117136],[139.9467277,35.3113909],[139.9468347,35.3112966],[139.9469385,35.3112836],[139.9470177,35.3112278],[139.9473102,35.311215],[139.9479061,35.3112346],[139.9482282,35.3111625],[139.9489673,35.3108284],[139.9494868,35.3106207],[139.9497694,35.3109258],[139.9499451,35.3111601],[139.9501609,35.3113467],[139.9505734,35.3116305],[139.95083,35.3117784],[139.9511298,35.3119147],[139.9512764,35.3120692],[139.9514137,35.3123691],[139.9513761,35.3124438],[139.9513559,35.31259],[139.9514283,35.3126582],[139.9520834,35.312683],[139.9521535,35.3127241],[139.9521413,35.3128524],[139.9523216,35.3128378],[139.9519878,35.3132614],[139.9518216,35.3134389],[139.9516256,35.3135923],[139.9513978,35.3137173],[139.9511969,35.3137896],[139.9510221,35.3139261],[139.9507848,35.3140203],[139.9506374,35.3140453],[139.9504062,35.3140449],[139.9502233,35.3140818],[139.9498942,35.3142652],[139.9497319,35.3144267],[139.9495913,35.31462],[139.9494076,35.3149885],[139.9493274,35.3151127],[139.9492953,35.3153573],[139.9493374,35.3154894],[139.9495138,35.3158199],[139.9493517,35.3158368],[139.9493698,35.3158821],[139.9495335,35.3158629],[139.9496163,35.316206],[139.9496356,35.3163601],[139.9498063,35.3166405],[139.9498195,35.3167099],[139.9498258,35.3170979],[139.9498556,35.3172018],[139.9499007,35.3173076],[139.9500376,35.3175417],[139.9502187,35.3179815],[139.9502304,35.3183056],[139.9501756,35.3185694],[139.9502601,35.3187902],[139.9503125,35.3190131],[139.9504736,35.3192825],[139.9505904,35.3194236],[139.9506773,35.3194995],[139.9509049,35.3196196],[139.9513303,35.3196237],[139.9513905,35.319638],[139.95145,35.3196748],[139.9514748,35.3197264],[139.9514739,35.3197876],[139.9514129,35.3198344],[139.9513026,35.3198717],[139.9511451,35.3200026],[139.9509028,35.320029],[139.9507988,35.3201122],[139.950551,35.320241],[139.9504827,35.3203418],[139.9503301,35.3203928],[139.950317,35.3204556],[139.9503386,35.3205036],[139.9503237,35.3205565],[139.950219,35.3206235],[139.9501682,35.3206975],[139.9501648,35.3207325],[139.9502682,35.3208428],[139.9501931,35.3208814],[139.9501018,35.3209791],[139.9500381,35.3210772],[139.9500286,35.3214082],[139.9499561,35.3216052],[139.950081,35.3218022],[139.9499807,35.3220761],[139.9497976,35.3222167],[139.9497832,35.3222858],[139.9498042,35.3223562],[139.9497988,35.3224201],[139.9497592,35.3225536],[139.9496082,35.3226919],[139.9495463,35.3229709],[139.9494658,35.323112],[139.9492817,35.3233524],[139.9493065,35.3234041],[139.9494106,35.3234919],[139.949429,35.3235362],[139.949378,35.3236489],[139.9493112,35.3237046],[139.9492124,35.323724],[139.949134,35.3237976],[139.9491146,35.3238531],[139.9490439,35.3239278],[139.9488926,35.3239338],[139.9488293,35.3240868],[139.9484725,35.3244175],[139.9483818,35.3245315],[139.9482419,35.3245971],[139.9481301,35.3246792],[139.9480377,35.3247059],[139.9479516,35.3247785],[139.9478401,35.3249542],[139.9476789,35.3250653],[139.9474839,35.3253012],[139.947358,35.3255847],[139.947163,35.3258204],[139.9471433,35.3259534],[139.9471757,35.3260447],[139.9471799,35.3261194],[139.9471425,35.3261855],[139.9470152,35.3263043],[139.9469398,35.3264202],[139.9468557,35.326635],[139.9468668,35.326772],[139.9467491,35.3269017],[139.9466907,35.327107],[139.9466488,35.3271757],[139.9465844,35.3272576],[139.9464399,35.3273645],[139.9463435,35.3276197],[139.9462855,35.3277089],[139.9460496,35.3279134],[139.9459313,35.328198],[139.945823,35.328587],[139.9456819,35.3287912],[139.9454788,35.3289711],[139.9451275,35.3288959],[139.9448028,35.3288939],[139.9446298,35.3291439],[139.9446327,35.3292249],[139.9446111,35.3293479],[139.9444833,35.3296214],[139.9443552,35.3297628],[139.9442036,35.3298849],[139.9439379,35.3299856],[139.9438798,35.3300931],[139.9437951,35.3304097],[139.943819,35.3304636],[139.9438053,35.3305102],[139.9437398,35.3306237],[139.9437176,35.3306957],[139.9437267,35.3307921],[139.9438395,35.3311158],[139.9439,35.3311394],[139.9439875,35.3310995],[139.9440489,35.3310403],[139.9442757,35.3309395],[139.9444162,35.3307682],[139.9446127,35.3308001],[139.9447306,35.3308018],[139.944878,35.3307534],[139.9449232,35.330669],[139.9449869,35.3306509],[139.9450664,35.3306855],[139.9451326,35.3306807],[139.9455872,35.3305706],[139.9457742,35.3305534],[139.9463845,35.3306416],[139.9467516,35.3307457],[139.9470345,35.330848],[139.9473695,35.331076],[139.9474831,35.3312297],[139.9475356,35.3313279],[139.9476057,35.3314878],[139.9476217,35.3316002],[139.9477589,35.3317598],[139.9469542,35.3324953],[139.946962,35.3325392],[139.9468422,35.3327589],[139.9468392,35.3328189],[139.946882,35.3328858],[139.9469972,35.3329819],[139.947358,35.3332378],[139.9479408,35.3334858],[139.948117,35.3334922],[139.9485978,35.3332528],[139.9487239,35.333165],[139.9487536,35.3331206],[139.9487469,35.3323689],[139.9487928,35.3322372],[139.9493331,35.3316786],[139.949543,35.3315858],[139.9498611,35.3315294],[139.9500083,35.3314264],[139.9503117,35.3313056],[139.95055,35.3311289],[139.951073,35.3308044],[139.9512139,35.3306108],[139.9513733,35.3304911],[139.951555,35.3299553],[139.9515864,35.3298061],[139.9516461,35.3297564],[139.9517178,35.3297261],[139.9529261,35.3298208],[139.9531958,35.3298242],[139.9533778,35.3298639],[139.9538661,35.3302597],[139.9541361,35.3305097],[139.9541939,35.3305344],[139.954345,35.330535],[139.9545914,35.3303358],[139.9547197,35.3303219],[139.9548117,35.3303344],[139.955123,35.3304617],[139.9552292,35.3304897],[139.9556214,35.3306703],[139.9559905,35.3307994],[139.9566197,35.3309667],[139.9568731,35.3309747],[139.9572553,35.3313697],[139.9574772,35.3314953],[139.9582731,35.3315456],[139.9584589,35.3314767],[139.9587192,35.3314706],[139.9604328,35.3317461],[139.9607806,35.3317336],[139.961293,35.3316333],[139.9618792,35.3314336],[139.9622342,35.331345],[139.9629153,35.3312825],[139.9634056,35.3313378],[139.9638822,35.3315031],[139.9641869,35.3315292],[139.9642714,35.3315269]]]}},{"type":"Feature","properties":{"N03_001":"千葉県","N03_002":null,"N03_003":"君津郡","N03_004":"貞元村","N03_005":"1889-04-01","N03_006":"1954-03-31","N03_007":"12000","name":"貞元村","county":"君津郡","start":"1889-04-01","end":"1954-03-31","layer":"historical_admin"},"geometry":{"type":"Polygon","coordinates":[[[139.9040187,35.3246116],[139.904421,35.3247489],[139.9048387,35.3248329],[139.9058613,35.3248608],[139.9061299,35.3248351],[139.9064723,35.3247695],[139.9066878,35.3246982],[139.9068365,35.3246285],[139.9071549,35.3244303],[139.9073407,35.3243016],[139.9078512,35.3238696],[139.9082178,35.3235183],[139.9082662,35.3234484],[139.9083552,35.3233766],[139.9085602,35.3231605],[139.9086447,35.3232167],[139.9086589,35.3232034],[139.9085796,35.3231479],[139.9086636,35.3230876],[139.9089762,35.3227258],[139.9101043,35.3212134],[139.9105528,35.3208311],[139.9110823,35.3204591],[139.91168,35.3201026],[139.9117269,35.3201603],[139.9117719,35.3201263],[139.9123705,35.3198654],[139.9132782,35.319532],[139.9134993,35.3193905],[139.9136175,35.3192361],[139.9136945,35.3190896],[139.9138065,35.3186533],[139.9139315,35.3179979],[139.9140008,35.3173326],[139.9140414,35.3171781],[139.9140833,35.3170551],[139.9142599,35.3169059],[139.9143916,35.316812],[139.9148379,35.3166259],[139.9154442,35.3164942],[139.9161962,35.3164034],[139.9167654,35.316311],[139.9170577,35.3162172],[139.9172506,35.316063],[139.9173722,35.3157911],[139.9175076,35.3152651],[139.9176411,35.3144253],[139.917686,35.3140082],[139.9178317,35.3135326],[139.9178939,35.3133876],[139.9175393,35.3132222],[139.9171544,35.313015],[139.9166172,35.3125894],[139.9164278,35.3124123],[139.9162376,35.3121712],[139.916169,35.3120427],[139.9161347,35.3119191],[139.9160217,35.3117323],[139.9159529,35.3117227],[139.9158237,35.3117482],[139.9156955,35.3115999],[139.9156268,35.3114714],[139.9156094,35.3113182],[139.9154352,35.3111026],[139.9152902,35.3109839],[139.9151302,35.3107847],[139.9160198,35.3104069],[139.9163219,35.3103502],[139.9162599,35.3102576],[139.9162005,35.3101188],[139.9163173,35.3099669],[139.9164391,35.3098417],[139.9168336,35.3095632],[139.9171233,35.3093802],[139.9172685,35.3092612],[139.9175169,35.3091566],[139.9176354,35.3090136],[139.9176607,35.3089098],[139.9177279,35.3087916],[139.9177909,35.3087105],[139.9179009,35.3086417],[139.918151,35.308546],[139.9184623,35.3084791],[139.9187182,35.3083552],[139.9189675,35.3081956],[139.919242,35.3080511],[139.9198959,35.3076666],[139.9203146,35.3075769],[139.920476,35.3072456],[139.9208098,35.3069475],[139.9207092,35.3067113],[139.9206889,35.3065531],[139.9209226,35.3062079],[139.9210456,35.3059744],[139.9210635,35.3058302],[139.9210541,35.3056812],[139.9209971,35.3053648],[139.9207873,35.3049972],[139.9206684,35.3048381],[139.9205924,35.3047696],[139.9202759,35.3046403],[139.920042,35.3044756],[139.9199328,35.304443],[139.9196056,35.3042909],[139.9193831,35.3040837],[139.919198,35.3038694],[139.9190228,35.3037087],[139.9185138,35.3035538],[139.9182082,35.303253],[139.9182067,35.3031402],[139.9181672,35.3030126],[139.9181297,35.3027523],[139.917964,35.3024624],[139.9178391,35.3023319],[139.9176966,35.302286],[139.9175278,35.3019743],[139.9174398,35.3018759],[139.9173081,35.3017821],[139.9173181,35.301694],[139.9169256,35.3016248],[139.9167722,35.3015803],[139.9166816,35.3015735],[139.9165465,35.3016272],[139.9165053,35.3017056],[139.91651,35.3019701],[139.916411,35.3020375],[139.9163932,35.3022409],[139.9162588,35.3023585],[139.9161322,35.3023379],[139.9159115,35.3024116],[139.9156823,35.3025595],[139.9156593,35.3025939],[139.9155223,35.3024334],[139.9154112,35.3023422],[139.9153187,35.3022798],[139.9150864,35.3021785],[139.914996,35.302189],[139.914804,35.3023002],[139.9146408,35.3023593],[139.9145252,35.3023041],[139.9139665,35.3017842],[139.9138697,35.3016668],[139.9137875,35.3014325],[139.9137792,35.3012317],[139.9138113,35.3011526],[139.9138544,35.3010743],[139.9140046,35.3009414],[139.9142985,35.3005477],[139.9144834,35.3001357],[139.9145235,35.2999026],[139.9147039,35.2995266],[139.9147549,35.2993853],[139.9149172,35.2992444],[139.9149835,35.299159],[139.9149917,35.298914],[139.9149181,35.2987897],[139.9148158,35.2987173],[139.9146794,35.2985604],[139.9144466,35.2981951],[139.9143487,35.2980869],[139.9142652,35.2979525],[139.9141601,35.2976344],[139.9140794,35.2972092],[139.914046,35.2968516],[139.9140154,35.2967399],[139.9140169,35.296549],[139.9139351,35.2961328],[139.9139401,35.295824],[139.9140217,35.2952578],[139.9140167,35.2950299],[139.9139904,35.2949731],[139.91392,35.2949127],[139.9138561,35.2948891],[139.9135861,35.2949119],[139.913433,35.2948899],[139.9131368,35.294765],[139.9126263,35.2943946],[139.9125152,35.2943034],[139.912423,35.2941501],[139.9123847,35.2940104],[139.912321,35.293896],[139.9121022,35.2936865],[139.9118183,35.2934626],[139.9117459,35.2933291],[139.911514,35.2930458],[139.9115011,35.292881],[139.9113728,35.2925701],[139.9111409,35.2917501],[139.9111116,35.2915384],[139.9110392,35.291405],[139.9109921,35.2912464],[139.9109824,35.2911455],[139.9110524,35.2908513],[139.9110978,35.290755],[139.9111565,35.2906417],[139.9112414,35.2905852],[139.9113927,35.2904432],[139.9114468,35.2903659],[139.9114603,35.2902579],[139.9113727,35.2899777],[139.9112454,35.2897486],[139.9111225,35.2894836],[139.9109588,35.2892788],[139.9108577,35.2891066],[139.9108019,35.2889291],[139.9108234,35.2886671],[139.9109222,35.2883827],[139.9109483,35.2883436],[139.9107878,35.2883447],[139.9102814,35.2882489],[139.9099605,35.2882806],[139.9097772,35.2883278],[139.9092017,35.2885394],[139.9090575,35.2886278],[139.9088883,35.2886447],[139.9087531,35.2886286],[139.908445,35.2885158],[139.9081247,35.2884267],[139.9079742,35.2884189],[139.9078311,35.2884372],[139.9076655,35.2884847],[139.9075236,35.2885594],[139.9072714,35.2889892],[139.9072189,35.2890289],[139.9071503,35.2890453],[139.9066358,35.2890422],[139.9061186,35.2890633],[139.9059986,35.2891083],[139.9056183,35.2894656],[139.9054731,35.2895022],[139.9052047,35.2894931],[139.904975,35.2893925],[139.9044894,35.289365],[139.9041031,35.2891656],[139.9040358,35.2891681],[139.9034439,35.2895653],[139.9031478,35.2899422],[139.9029692,35.2900889],[139.9028264,35.2901592],[139.9026278,35.2902231],[139.90222,35.2904186],[139.9020636,35.2905836],[139.9020011,35.2907042],[139.9019311,35.2909164],[139.9019464,35.2916081],[139.9019683,35.2917317],[139.9020075,35.2918611],[139.902195,35.2921542],[139.9022756,35.2924567],[139.9023239,35.2925614],[139.9025439,35.2927956],[139.9026669,35.2929697],[139.9027092,35.2930689],[139.9027005,35.2931711],[139.9026105,35.2935875],[139.902318,35.2941336],[139.9022975,35.2942564],[139.9022869,35.2946944],[139.9022653,35.2947497],[139.9021744,35.2948608],[139.9019425,35.2949567],[139.9017275,35.2950167],[139.9006094,35.2952275],[139.9004795,35.2952825],[139.9003322,35.2953747],[139.9003189,35.2954383],[139.9003292,35.2956628],[139.9004194,35.2962078],[139.9003747,35.2966156],[139.9003522,35.2971008],[139.9003628,35.2973606],[139.9004011,35.2976306],[139.9003892,35.2980686],[139.9003144,35.2983817],[139.9002133,35.2985333],[139.9001195,35.2986078],[139.9,35.2986639],[139.8990386,35.2988872],[139.8988161,35.2989569],[139.898713,35.2990219],[139.8986072,35.2991278],[139.8981325,35.2997611],[139.8980894,35.2998639],[139.8979442,35.3000839],[139.8978603,35.3001561],[139.8977539,35.3002028],[139.8972958,35.3002853],[139.8970275,35.3002303],[139.896643,35.2999461],[139.8963633,35.2998181],[139.8961289,35.2997906],[139.8956147,35.2998911],[139.8948994,35.3001386],[139.8944075,35.3001661],[139.8940833,35.3001203],[139.8938708,35.3001936],[139.8937322,35.3002817],[139.8933119,35.3006514],[139.8928125,35.3009942],[139.8923125,35.3012133],[139.8917089,35.3013875],[139.8911386,35.3014058],[139.8908369,35.3014058],[139.8905461,35.3012592],[139.8903492,35.3011917],[139.8901611,35.3011917],[139.8900264,35.3012156],[139.8894047,35.3014703],[139.8886236,35.3018731],[139.8883667,35.3020744],[139.8882995,35.3022119],[139.888277,35.302465],[139.8883105,35.302685],[139.8884192,35.3029981],[139.8884697,35.3032894],[139.8884672,35.303525],[139.8883786,35.3037678],[139.8882547,35.303995],[139.8881836,35.3042081],[139.8881764,35.3043525],[139.8881875,35.3045447],[139.888357,35.3049822],[139.8882322,35.3056308],[139.8878967,35.3062264],[139.8878717,35.30638],[139.8878744,35.3065378],[139.8880533,35.3068494],[139.888078,35.3069931],[139.8880653,35.3070667],[139.8877514,35.3075733],[139.8876394,35.3079075],[139.8875961,35.3082597],[139.8876225,35.3087686],[139.8870564,35.3125847],[139.8868239,35.3130308],[139.8864172,35.3134594],[139.8857242,35.313945],[139.8852322,35.3144214],[139.8847589,35.3149344],[139.8846733,35.3151083],[139.8840575,35.3167997],[139.8833595,35.3184267],[139.8828597,35.3193717],[139.8825742,35.3199994],[139.8813464,35.3203983],[139.880973,35.3205597],[139.880867,35.3206592],[139.8808164,35.3207717],[139.8808567,35.3212781],[139.8808456,35.3214061],[139.8807542,35.3214753],[139.880558,35.321495],[139.8797389,35.3213969],[139.8796442,35.3214114],[139.8784517,35.3229497],[139.8777028,35.3237469],[139.8775975,35.3239108],[139.8775461,35.3240494],[139.8774517,35.3244464],[139.877303,35.3245461],[139.8769472,35.3247319],[139.8759669,35.3251981],[139.8756978,35.3253569],[139.8757097,35.3254456],[139.8757544,35.3254914],[139.8757992,35.3256194],[139.875853,35.3262731],[139.8757972,35.3263831],[139.8755961,35.3264656],[139.874906,35.326611],[139.874906,35.3293608],[139.8754296,35.3297601],[139.8760045,35.3303649],[139.8767099,35.3310016],[139.8769576,35.3311641],[139.8773783,35.3314045],[139.8784779,35.33158],[139.8780872,35.3336792],[139.8830042,35.3336754],[139.8825638,35.3332345],[139.8825046,35.3332377],[139.8821451,35.3329191],[139.882291,35.3326515],[139.8823355,35.332532],[139.8823458,35.3323893],[139.8823351,35.3322829],[139.8824276,35.3321193],[139.8825268,35.3318599],[139.8825583,35.3316921],[139.882571,35.3313596],[139.8825597,35.3311518],[139.8825119,35.3309259],[139.8825229,35.3307067],[139.8824543,35.3303942],[139.8825408,35.3300093],[139.8831334,35.3296314],[139.8832281,35.3295952],[139.883504,35.3294326],[139.8837404,35.3293828],[139.8839985,35.3293748],[139.8841289,35.3293983],[139.8843279,35.3294678],[139.8845834,35.329516],[139.8848603,35.3295133],[139.8850087,35.3294844],[139.88575,35.3291889],[139.8860555,35.3290478],[139.8866001,35.3288565],[139.8868453,35.3287978],[139.8869271,35.3287573],[139.8877349,35.3285026],[139.8896775,35.327915],[139.8902701,35.3277545],[139.8915154,35.3272924],[139.8916123,35.3272687],[139.8923695,35.3269408],[139.8934848,35.3264254],[139.8945346,35.3258516],[139.8948408,35.3256697],[139.8953398,35.3253328],[139.8955828,35.3252193],[139.895754,35.3251086],[139.8961292,35.3249078],[139.8972606,35.3243327],[139.8975556,35.3241915],[139.8978489,35.3240975],[139.8978594,35.3241296],[139.8978407,35.3240418],[139.8982685,35.3238822],[139.8985826,35.3237129],[139.8991299,35.3234528],[139.8993844,35.3233645],[139.9001278,35.3232251],[139.9011291,35.3231459],[139.9017157,35.3231393],[139.901742,35.3231661],[139.9019108,35.3232151],[139.9020386,35.3232872],[139.9026953,35.3238375],[139.9027683,35.3239186],[139.9028095,35.323922],[139.9031984,35.3241893],[139.9040187,35.3246116]]]}},{"type":"Feature","properties":{"N03_001":"千葉県","N03_002":null,"N03_003":"君津郡","N03_004":"飯野村","N03_005":"1889-04-01","N03_006":"1955-03-31","N03_007":"12000","name":"飯野村","county":"君津郡","start":"1889-04-01","end":"1955-03-31","layer":"historical_admin"},"geometry":{"type":"MultiPolygon","coordinates":[[[[139.874906,35.326611],[139.8755961,35.3264656],[139.8757972,35.3263831],[139.875853,35.3262731],[139.8757992,35.3256194],[139.8757544,35.3254914],[139.8757097,35.3254456],[139.8756978,35.3253569],[139.8759669,35.3251981],[139.8769472,35.3247319],[139.877303,35.3245461],[139.8774517,35.3244464],[139.8775461,35.3240494],[139.8775975,35.3239108],[139.8777028,35.3237469],[139.8784517,35.3229497],[139.8796442,35.3214114],[139.8797389,35.3213969],[139.880558,35.321495],[139.8807542,35.3214753],[139.8808456,35.3214061],[139.8808567,35.3212781],[139.8808164,35.3207717],[139.880867,35.3206592],[139.880973,35.3205597],[139.8813464,35.3203983],[139.8825742,35.3199994],[139.8828597,35.3193717],[139.8833595,35.3184267],[139.8840575,35.3167997],[139.8846733,35.3151083],[139.8847589,35.3149344],[139.8852322,35.3144214],[139.8857242,35.313945],[139.8864172,35.3134594],[139.8868239,35.3130308],[139.8870564,35.3125847],[139.8876225,35.3087686],[139.8875961,35.3082597],[139.8876394,35.3079075],[139.8877514,35.3075733],[139.8880653,35.3070667],[139.888078,35.3069931],[139.8880533,35.3068494],[139.8878744,35.3065378],[139.8878717,35.30638],[139.8878967,35.3062264],[139.8882322,35.3056308],[139.888357,35.3049822],[139.8881875,35.3045447],[139.8881836,35.3042081],[139.8882547,35.303995],[139.8883786,35.3037678],[139.8884672,35.303525],[139.8884697,35.3032894],[139.8884192,35.3029981],[139.8883105,35.302685],[139.888277,35.302465],[139.8879286,35.3025037],[139.8873597,35.3027242],[139.8862906,35.3032139],[139.8852707,35.3037243],[139.8848253,35.303925],[139.8837426,35.3041956],[139.8834317,35.3041982],[139.8829376,35.304277],[139.882062,35.3045932],[139.8812972,35.304549],[139.8810388,35.3045977],[139.8808594,35.3047158],[139.8805427,35.3050872],[139.8804475,35.3051757],[139.8803339,35.3052435],[139.8799974,35.305365],[139.8794427,35.3057517],[139.879053,35.3059763],[139.8789368,35.306117],[139.8787107,35.3066009],[139.8784302,35.3069586],[139.8782634,35.3071296],[139.8781724,35.3072909],[139.8780483,35.3075275],[139.8780481,35.3077339],[139.8780236,35.307804],[139.877825,35.3079067],[139.8775584,35.3079547],[139.8765824,35.3079417],[139.8763764,35.3077136],[139.8755603,35.3071701],[139.8753782,35.307084],[139.874906,35.3070215],[139.874906,35.326611]]],[[[139.874906,35.3010594],[139.875294,35.300654],[139.8753694,35.3004313],[139.8751947,35.2999315],[139.8750627,35.2997239],[139.8749658,35.2994395],[139.8752008,35.2989377],[139.8754785,35.2987281],[139.8754747,35.2985334],[139.8753205,35.29792],[139.8753666,35.2976444],[139.8751674,35.2976184],[139.874906,35.2977134],[139.874906,35.3010594]]]]}},{"type":"Feature","properties":{"N03_001":"千葉県","N03_002":null,"N03_003":"君津郡","N03_004":"八重原村","N03_005":"1889-04-01","N03_006":"1943-04-01","N03_007":"12486","name":"八重原村","county":"君津郡","start":"1889-04-01","end":"1943-04-01","layer":"historical_admin"},"geometry":{"type":"Polygon","coordinates":[[[139.9477589,35.3317598],[139.9476217,35.3316002],[139.9476057,35.3314878],[139.9474831,35.3312297],[139.9473695,35.331076],[139.9472832,35.3310056],[139.9470345,35.330848],[139.9467516,35.3307457],[139.9463845,35.3306416],[139.9457742,35.3305534],[139.9455872,35.3305706],[139.9451326,35.3306807],[139.9450664,35.3306855],[139.9449869,35.3306509],[139.9449232,35.330669],[139.944878,35.3307534],[139.9447306,35.3308018],[139.9446127,35.3308001],[139.9444162,35.3307682],[139.9442757,35.3309395],[139.9440489,35.3310403],[139.9439875,35.3310995],[139.9439,35.3311394],[139.9438395,35.3311158],[139.94382,35.3310727],[139.9437267,35.3307921],[139.9437176,35.3306957],[139.9437398,35.3306237],[139.9438053,35.3305102],[139.943819,35.3304636],[139.9437951,35.3304097],[139.9438798,35.3300931],[139.9439228,35.3300077],[139.9439379,35.3299856],[139.9442036,35.3298849],[139.9443552,35.3297628],[139.9444833,35.3296214],[139.9446111,35.3293479],[139.9446327,35.3292249],[139.9446298,35.3291439],[139.9448028,35.3288939],[139.9451275,35.3288959],[139.9454788,35.3289711],[139.9456819,35.3287912],[139.945823,35.328587],[139.9459313,35.328198],[139.9460496,35.3279134],[139.9462855,35.3277089],[139.9463435,35.3276197],[139.9464399,35.3273645],[139.9465844,35.3272576],[139.9466488,35.3271757],[139.9466907,35.327107],[139.9467491,35.3269017],[139.9468668,35.326772],[139.9468557,35.326635],[139.9469398,35.3264202],[139.9470152,35.3263043],[139.9471425,35.3261855],[139.9471799,35.3261194],[139.9471757,35.3260447],[139.9471433,35.3259534],[139.947163,35.3258204],[139.947358,35.3255847],[139.9474839,35.3253012],[139.9476789,35.3250653],[139.9478401,35.3249542],[139.9479516,35.3247785],[139.9480377,35.3247059],[139.9481301,35.3246792],[139.9482419,35.3245971],[139.9483818,35.3245315],[139.9484725,35.3244175],[139.9488293,35.3240868],[139.9488926,35.3239338],[139.9490439,35.3239278],[139.9491146,35.3238531],[139.949134,35.3237976],[139.9492124,35.323724],[139.9493112,35.3237046],[139.949378,35.3236489],[139.949429,35.3235362],[139.9494106,35.3234919],[139.9493065,35.3234041],[139.9492817,35.3233524],[139.9494658,35.323112],[139.9495463,35.3229709],[139.9496082,35.3226919],[139.9497592,35.3225536],[139.9497988,35.3224201],[139.9498042,35.3223562],[139.9497832,35.3222858],[139.9497976,35.3222167],[139.9499807,35.3220761],[139.950081,35.3218022],[139.9499561,35.3216052],[139.9500286,35.3214082],[139.9500381,35.3210772],[139.9501018,35.3209791],[139.9501931,35.3208814],[139.9502682,35.3208428],[139.9501648,35.3207325],[139.9501682,35.3206975],[139.950219,35.3206235],[139.9503237,35.3205565],[139.9503386,35.3205036],[139.950317,35.3204556],[139.9503301,35.3203928],[139.9504827,35.3203418],[139.950551,35.320241],[139.9507988,35.3201122],[139.9509028,35.320029],[139.9511451,35.3200026],[139.9513026,35.3198717],[139.9514129,35.3198344],[139.9514739,35.3197876],[139.9514748,35.3197264],[139.95145,35.3196748],[139.9513905,35.319638],[139.9513303,35.3196237],[139.9509049,35.3196196],[139.9506773,35.3194995],[139.9505904,35.3194236],[139.9504736,35.3192825],[139.9503125,35.3190131],[139.9502601,35.3187902],[139.9501756,35.3185694],[139.9502304,35.3183056],[139.9502187,35.3179815],[139.9500376,35.3175417],[139.9499007,35.3173076],[139.9498556,35.3172018],[139.9498258,35.3170979],[139.9498195,35.3167099],[139.9498063,35.3166405],[139.9496356,35.3163601],[139.9496163,35.316206],[139.9495335,35.3158629],[139.9493698,35.3158821],[139.9493517,35.3158368],[139.9495138,35.3158199],[139.9493374,35.3154894],[139.9492953,35.3153573],[139.9493274,35.3151127],[139.9494076,35.3149885],[139.9495913,35.31462],[139.9497319,35.3144267],[139.9498942,35.3142652],[139.9502233,35.3140818],[139.9504062,35.3140449],[139.9506374,35.3140453],[139.9507848,35.3140203],[139.9510221,35.3139261],[139.9511969,35.3137896],[139.9513978,35.3137173],[139.9516256,35.3135923],[139.9518216,35.3134389],[139.9519878,35.3132614],[139.9523216,35.3128378],[139.9521413,35.3128524],[139.9521535,35.3127241],[139.9520834,35.312683],[139.9514283,35.3126582],[139.9513559,35.31259],[139.9513761,35.3124438],[139.9514137,35.3123691],[139.9512764,35.3120692],[139.9511298,35.3119147],[139.95083,35.3117784],[139.9505734,35.3116305],[139.9501609,35.3113467],[139.9499451,35.3111601],[139.9497694,35.3109258],[139.9494868,35.3106207],[139.9489673,35.3108284],[139.9482282,35.3111625],[139.9479061,35.3112346],[139.9473102,35.311215],[139.9470177,35.3112278],[139.9469385,35.3112836],[139.9468347,35.3112966],[139.9467277,35.3113909],[139.9464917,35.3117136],[139.9463209,35.3120484],[139.9460882,35.3129009],[139.9460352,35.3129904],[139.9457987,35.3131605],[139.9456479,35.313193],[139.9451935,35.3131931],[139.9449559,35.313177],[139.9445803,35.3131189],[139.944437,35.3130584],[139.9443221,35.312984],[139.9439195,35.312662],[139.9434351,35.312425],[139.9426808,35.3119679],[139.9422806,35.3117708],[139.9419424,35.3116504],[139.9418067,35.3116277],[139.94152,35.3116702],[139.9413071,35.3117659],[139.9411021,35.3119368],[139.9407833,35.312331],[139.9405906,35.31261],[139.9404666,35.3128366],[139.9403668,35.3130405],[139.9403076,35.3132308],[139.9402855,35.3133649],[139.9401954,35.3135168],[139.940091,35.3136638],[139.9397285,35.3140775],[139.9392825,35.3142757],[139.9390169,35.3143014],[139.9387715,35.3142959],[139.9382802,35.3141537],[139.9380296,35.3140429],[139.9378245,35.3138924],[139.9376213,35.313639],[139.9373298,35.3127918],[139.9373092,35.3126672],[139.93739,35.3122321],[139.9375043,35.3118967],[139.9375416,35.3116875],[139.9375323,35.3115042],[139.9376315,35.3114405],[139.9377231,35.3114089],[139.9377696,35.3113599],[139.9376436,35.311403],[139.9375558,35.3112138],[139.9374635,35.3110605],[139.9373878,35.3108631],[139.9373186,35.3107849],[139.9371635,35.3105194],[139.9370103,35.3104733],[139.9367994,35.310466],[139.9361383,35.3105414],[139.9352682,35.3105895],[139.9350153,35.3105573],[139.9346324,35.3105492],[139.9340312,35.3105071],[139.9336079,35.3105369],[139.9330783,35.3107339],[139.9327119,35.3109492],[139.9325645,35.3110813],[139.932484,35.3111813],[139.9323819,35.3112497],[139.9320902,35.3115082],[139.9315181,35.3121431],[139.9313585,35.3123816],[139.9310861,35.3129404],[139.9310161,35.3131685],[139.9309051,35.3137901],[139.9308572,35.3138841],[139.9307714,35.3139615],[139.93066,35.3140232],[139.9304974,35.3140533],[139.9300346,35.3140038],[139.9297353,35.3139141],[139.9292023,35.313664],[139.9289616,35.3135255],[139.9288216,35.3134701],[139.9282881,35.3130644],[139.9280589,35.3128539],[139.9277697,35.3124393],[139.9274749,35.3119645],[139.9273802,35.3117707],[139.9271669,35.3112001],[139.9270661,35.3108833],[139.9269422,35.3106745],[139.9264598,35.3101554],[139.9262694,35.3100197],[139.9261113,35.309949],[139.9258924,35.3098927],[139.9257233,35.309886],[139.9255886,35.3099603],[139.9255151,35.3100386],[139.9251157,35.3105328],[139.924692,35.3108354],[139.9244074,35.3109892],[139.9240139,35.3111502],[139.92344,35.3112938],[139.9227844,35.311416],[139.9227914,35.3114295],[139.9225443,35.3114451],[139.922009,35.3115678],[139.9214997,35.3116507],[139.921113,35.3116722],[139.9208671,35.3117308],[139.9201891,35.3119264],[139.9196763,35.3121103],[139.9191576,35.3123223],[139.9188353,35.3125095],[139.9184869,35.3127365],[139.9180175,35.3131525],[139.9178317,35.3135326],[139.917686,35.3140082],[139.9176411,35.3144253],[139.9175076,35.3152651],[139.9173722,35.3157911],[139.9172506,35.316063],[139.9170577,35.3162172],[139.9167654,35.316311],[139.9161962,35.3164034],[139.9154442,35.3164942],[139.9148379,35.3166259],[139.9143916,35.316812],[139.9140833,35.3170551],[139.9140008,35.3173326],[139.9139315,35.3179979],[139.9138065,35.3186533],[139.9136945,35.3190896],[139.9136175,35.3192361],[139.9134993,35.3193905],[139.9132782,35.319532],[139.9123705,35.3198654],[139.9117719,35.3201263],[139.9117269,35.3201603],[139.91168,35.3201026],[139.9110823,35.3204591],[139.9105528,35.3208311],[139.9101043,35.3212134],[139.9089762,35.3227258],[139.9086636,35.3230876],[139.9085796,35.3231479],[139.9086589,35.3232034],[139.9086447,35.3232167],[139.9085602,35.3231605],[139.9083552,35.3233766],[139.9082662,35.3234484],[139.9082178,35.3235183],[139.9078512,35.3238696],[139.9074775,35.3241896],[139.907207,35.3243959],[139.9068365,35.3246285],[139.9066878,35.3246982],[139.9064723,35.3247695],[139.9061299,35.3248351],[139.9058613,35.3248608],[139.9048387,35.3248329],[139.904421,35.3247489],[139.9040561,35.324624],[139.9045061,35.3252494],[139.905694,35.3268216],[139.9076122,35.3285805],[139.9082958,35.3295175],[139.9083606,35.3301487],[139.9071057,35.330828],[139.9052173,35.3322823],[139.9052076,35.3330029],[139.9051742,35.3336792],[139.9450123,35.3336792],[139.9453894,35.3335078],[139.9456842,35.3334233],[139.9457772,35.3333742],[139.9457683,35.3331786],[139.9457967,35.3329733],[139.9457858,35.3327953],[139.9457903,35.3327603],[139.94581,35.3327419],[139.9461931,35.3326739],[139.9466175,35.3324828],[139.9468242,35.3324389],[139.9469542,35.3324953],[139.9477589,35.3317598]]]}},{"type":"Feature","properties":{"N03_001":"千葉県","N03_002":null,"N03_003":"君津郡","N03_004":"周西村","N03_005":"1889-04-01","N03_006":"1943-04-01","N03_007":"12486","name":"周西村","county":"君津郡","start":"1889-04-01","end":"1943-04-01","layer":"historical_admin"},"geometry":{"type":"MultiPolygon","coordinates":[[[[139.9052076,35.3330029],[139.9052173,35.3322823],[139.9071057,35.330828],[139.9083606,35.3301487],[139.9082958,35.3295175],[139.9076122,35.3285805],[139.905694,35.3268216],[139.9045061,35.3252494],[139.9040561,35.324624],[139.9031984,35.3241893],[139.9028095,35.323922],[139.9027683,35.3239186],[139.9026953,35.3238375],[139.9020386,35.3232872],[139.9019108,35.3232151],[139.901742,35.3231661],[139.9017157,35.3231393],[139.9011291,35.3231459],[139.9001278,35.3232251],[139.8993844,35.3233645],[139.8991299,35.3234528],[139.8985826,35.3237129],[139.8982685,35.3238822],[139.8978407,35.3240418],[139.8978594,35.3241296],[139.8978489,35.3240975],[139.8975556,35.3241915],[139.8958685,35.3250446],[139.8955828,35.3252193],[139.8953398,35.3253328],[139.8948408,35.3256697],[139.8945346,35.3258516],[139.8933385,35.3264981],[139.8916123,35.3272687],[139.891279,35.327379],[139.8904457,35.3276963],[139.8877349,35.3285026],[139.8869271,35.3287573],[139.8868453,35.3287978],[139.8866001,35.3288565],[139.8860555,35.3290478],[139.88575,35.3291889],[139.8850087,35.3294844],[139.8848603,35.3295133],[139.8845834,35.329516],[139.8843279,35.3294678],[139.8841289,35.3293983],[139.8839985,35.3293748],[139.8837404,35.3293828],[139.883504,35.3294326],[139.8832281,35.3295952],[139.8831334,35.3296314],[139.8825408,35.3300093],[139.8824543,35.3303942],[139.8825229,35.3307067],[139.8825119,35.3309259],[139.8825597,35.3311518],[139.882571,35.3313596],[139.8825583,35.3316921],[139.8825268,35.3318599],[139.8824276,35.3321193],[139.8823351,35.3322829],[139.8823458,35.3323893],[139.8823355,35.332532],[139.882291,35.3326515],[139.8821451,35.3329191],[139.8825046,35.3332377],[139.8825638,35.3332345],[139.8830042,35.3336754],[139.8823394,35.3336792],[139.9051742,35.3336792],[139.9052076,35.3330029]]],[[[139.8780872,35.3336792],[139.8784779,35.33158],[139.8773783,35.3314045],[139.8769576,35.3311641],[139.8767099,35.3310016],[139.8760045,35.3303649],[139.8754296,35.3297601],[139.874906,35.3293608],[139.874906,35.3336792],[139.8780872,35.3336792]]]]}},{"type":"Feature","properties":{"N03_001":"千葉県","N03_002":null,"N03_003":"君津郡","N03_004":"波岡村","N03_005":"1889-04-01","N03_006":"1942-11-03","N03_007":"12206","name":"波岡村","county":"君津郡","start":"1889-04-01","end":"1942-11-03","layer":"historical_admin"},"geometry":{"type":"Polygon","coordinates":[[[139.9654963,35.3336792],[139.9652458,35.3332509],[139.9649332,35.3328674],[139.9644449,35.3324364],[139.9643522,35.3321011],[139.9643725,35.332002],[139.9643699,35.3318109],[139.9643687,35.3318215],[139.9642714,35.3315269],[139.9638822,35.3315031],[139.9634056,35.3313378],[139.9629153,35.3312825],[139.9622342,35.331345],[139.9618792,35.3314336],[139.961293,35.3316333],[139.9607806,35.3317336],[139.9604328,35.3317461],[139.9587192,35.3314706],[139.9584589,35.3314767],[139.9582731,35.3315456],[139.9574772,35.3314953],[139.9572553,35.3313697],[139.9568731,35.3309747],[139.9566197,35.3309667],[139.9559905,35.3307994],[139.9556214,35.3306703],[139.9552292,35.3304897],[139.955123,35.3304617],[139.9548117,35.3303344],[139.9547197,35.3303219],[139.9545914,35.3303358],[139.954345,35.330535],[139.9541939,35.3305344],[139.9541361,35.3305097],[139.9538661,35.3302597],[139.9533778,35.3298639],[139.9531958,35.3298242],[139.9529261,35.3298208],[139.9517178,35.3297261],[139.9516461,35.3297564],[139.9515864,35.3298061],[139.951555,35.3299553],[139.9513733,35.3304911],[139.9512139,35.3306108],[139.951073,35.3308044],[139.95055,35.3311289],[139.9503117,35.3313056],[139.9500083,35.3314264],[139.9498611,35.3315294],[139.949543,35.3315858],[139.9493331,35.3316786],[139.9487928,35.3322372],[139.9487469,35.3323689],[139.9487536,35.3331206],[139.9487239,35.333165],[139.9485978,35.3332528],[139.948117,35.3334922],[139.9479408,35.3334858],[139.947358,35.3332378],[139.946882,35.3328858],[139.9468392,35.3328189],[139.9468422,35.3327589],[139.946962,35.3325392],[139.9469542,35.3324953],[139.9468242,35.3324389],[139.9466175,35.3324828],[139.9461931,35.3326739],[139.94581,35.3327419],[139.9457903,35.3327603],[139.9457858,35.3327953],[139.9457967,35.3329733],[139.9457683,35.3331786],[139.9457772,35.3333742],[139.9456842,35.3334233],[139.9453894,35.3335078],[139.9450123,35.3336792],[139.9654963,35.3336792]]]}},{"type":"Feature","properties":{"N03_001":"千葉県","N03_002":null,"N03_003":"市原郡","N03_004":"里見村","N03_005":"1889-04-01","N03_006":"1954-01-15","N03_007":"12000","name":"里見村","county":"市原郡","start":"1889-04-01","end":"1954-01-15","layer":"historical_admin"},"geometry":{"type":"Polygon","coordinates":[[[140.1254636,35.2982257],[140.125107,35.2978933],[140.1246998,35.2980508],[140.1242124,35.2980625],[140.1239015,35.2979347],[140.1237013,35.297803],[140.1236007,35.2976687],[140.1233531,35.2976522],[140.123102,35.2977457],[140.1228233,35.297742],[140.1226027,35.2976218],[140.1223652,35.2974671],[140.122277,35.2973405],[140.1220546,35.2972754],[140.1216026,35.2973651],[140.1212985,35.2974739],[140.1210725,35.2975188],[140.1206525,35.2974038],[140.1205535,35.2976072],[140.1203002,35.2978197],[140.1200491,35.2979131],[140.1198333,35.2980846],[140.1197721,35.2981831],[140.119588,35.2982778],[140.1190411,35.298333],[140.1185024,35.2983051],[140.1180646,35.2983474],[140.1178641,35.2983978],[140.1174849,35.2983102],[140.117442,35.2982837],[140.1171397,35.2983375],[140.1169328,35.2986267],[140.1168228,35.2988314],[140.1164253,35.2997511],[140.1164422,35.2998081],[140.1164172,35.3000297],[140.1164611,35.3001692],[140.1166503,35.3004492],[140.116877,35.3006194],[140.1169461,35.3007844],[140.1170408,35.3011833],[140.1170911,35.3014722],[140.1170661,35.3016219],[140.1166378,35.3023158],[140.1166378,35.3025169],[140.1168014,35.3028111],[140.1171161,35.3030536],[140.1172483,35.3031775],[140.1172797,35.3033372],[140.1172739,35.3034575],[140.1171039,35.3038497],[140.117003,35.3043447],[140.1170283,35.3044581],[140.1171494,35.304735],[140.1174325,35.3051839],[140.1175522,35.3052872],[140.117697,35.3053439],[140.1178983,35.3053594],[140.1182758,35.3052253],[140.118408,35.30522],[140.1185403,35.3052356],[140.1188192,35.3053703],[140.119027,35.3055197],[140.1191592,35.3055558],[140.1194992,35.3055767],[140.1198517,35.3056797],[140.1200405,35.3056797],[140.1201917,35.3056075],[140.1202861,35.3055919],[140.1204183,35.3055972],[140.1205567,35.3056386],[140.1211739,35.3062175],[140.1214572,35.3065889],[140.1217456,35.3068522],[140.1218511,35.3069253],[140.1220436,35.3071686],[140.1221486,35.3073717],[140.1221486,35.3075722],[140.1222533,35.3081736],[140.1221833,35.3087353],[140.1223233,35.3091936],[140.1223058,35.3093942],[140.1222533,35.3096378],[140.1222619,35.3097761],[140.1225242,35.3101339],[140.1225767,35.3102772],[140.1224194,35.3105925],[140.1222969,35.3111797],[140.1222619,35.3114233],[140.1223319,35.3116956],[140.1222969,35.3121064],[140.1221572,35.3124789],[140.1220175,35.3131381],[140.1221047,35.3133958],[140.1221397,35.3137108],[140.1220697,35.3137967],[140.1217456,35.3138522],[140.1215925,35.3138217],[140.12097,35.3138933],[140.1203492,35.3140783],[140.1200108,35.3142017],[140.1196786,35.3144278],[140.1193025,35.3146228],[140.1188242,35.3148239],[140.1187303,35.3149111],[140.1185861,35.3152708],[140.1184545,35.3158228],[140.1183292,35.3160181],[140.1181725,35.3161669],[140.1181222,35.3161772],[140.1178842,35.3161308],[140.1176019,35.3160283],[140.1171297,35.3155439],[140.1169605,35.3155028],[140.1166972,35.3155181],[140.1164089,35.3154719],[140.1162522,35.3153589],[140.1161144,35.3150197],[140.1160392,35.3149736],[140.1158636,35.3149172],[140.1156381,35.3148111],[140.1147208,35.3145156],[140.1145517,35.3144025],[140.1143886,35.3142228],[140.1142697,35.3141303],[140.1138481,35.3139544],[140.1133592,35.3138158],[140.1131272,35.3137747],[140.1129758,35.3137678],[140.1128008,35.3138536],[140.112607,35.3139236],[140.1124,35.3139594],[140.1119792,35.3141664],[140.1118589,35.3142108],[140.111725,35.3142108],[140.1113561,35.3140775],[140.1110303,35.3140775],[140.110717,35.3140928],[140.1103497,35.3142317],[140.110123,35.3142556],[140.1099019,35.3142467],[140.1097578,35.31418],[140.109482,35.3139489],[140.1093394,35.3139017],[140.1092,35.3138306],[140.1090717,35.3136925],[140.1089536,35.3134694],[140.1089222,35.3132025],[140.1088683,35.3130769],[140.1087861,35.3129636],[140.1084583,35.3127761],[140.1081136,35.3126219],[140.1078942,35.3125553],[140.1077,35.3125706],[140.1074555,35.3126939],[140.1071858,35.3129506],[140.1069917,35.3132744],[140.1068786,35.3133564],[140.1063003,35.3135372],[140.1060697,35.3135781],[140.105642,35.3136964],[140.1053967,35.3138003],[140.1051397,35.3140778],[140.1049014,35.3144681],[140.1050497,35.3147486],[140.1050458,35.3149272],[140.1049519,35.3154511],[140.1049956,35.3155847],[140.1051022,35.3157081],[140.1052214,35.3159211],[140.1052842,35.3161317],[140.1052589,35.31626],[140.1050144,35.3165319],[140.1047247,35.3169289],[140.1043675,35.3172217],[140.1041983,35.3173244],[140.1039086,35.3173497],[140.1028092,35.3173622],[140.1015708,35.3173094],[140.101458,35.3173658],[140.1012817,35.3180197],[140.1013339,35.3183881],[140.1014042,35.3186364],[140.1014247,35.3188425],[140.1014386,35.3191417],[140.1013461,35.3197192],[140.1014011,35.3204331],[140.1014289,35.3205542],[140.10147,35.3206203],[140.1016106,35.3206492],[140.1019575,35.3206119],[140.1026689,35.3205822],[140.1031592,35.3204469],[140.10349,35.3203408],[140.1036781,35.3202483],[140.1039914,35.3200328],[140.1042633,35.3198833],[140.1045703,35.3198319],[140.1048333,35.3198731],[140.1050214,35.3200014],[140.105083,35.3200331],[140.1051511,35.3200447],[140.1059556,35.3199397],[140.1061936,35.3198833],[140.10654,35.3197528],[140.1067786,35.31964],[140.1072778,35.3193872],[140.1079064,35.3189625],[140.1082733,35.3189222],[140.1085403,35.3189406],[140.1088219,35.3189208],[140.1089361,35.3189464],[140.109145,35.3191922],[140.1095439,35.3196092],[140.1096883,35.3197906],[140.1098264,35.3200628],[140.1099014,35.3203094],[140.1098889,35.3204736],[140.1098147,35.3205775],[140.1095639,35.3208083],[140.1092172,35.3210936],[140.109042,35.32133],[140.1089103,35.3216022],[140.1086969,35.3222972],[140.108628,35.3226414],[140.1086656,35.3230125],[140.1087222,35.3233206],[140.108653,35.3237325],[140.10849,35.3240408],[140.1084275,35.3244569],[140.108465,35.3245133],[140.1085422,35.32456],[140.1090375,35.3247039],[140.1100217,35.3248631],[140.110097,35.3248322],[140.1104292,35.3245189],[140.1106861,35.3243186],[140.1107989,35.3242414],[140.1108553,35.3242467],[140.1109995,35.324375],[140.1110811,35.3244728],[140.1111439,35.3246958],[140.1111564,35.3250244],[140.1113758,35.3255639],[140.1113697,35.3257486],[140.1113261,35.3259517],[140.1112006,35.3262342],[140.1112006,35.3264653],[140.1112319,35.3266503],[140.1112633,35.3270611],[140.1113136,35.3271486],[140.1115325,35.3271953],[140.1117269,35.3272981],[140.1119086,35.3275447],[140.1121025,35.3278631],[140.1124758,35.3281975],[140.1126678,35.3284042],[140.1127261,35.3285656],[140.1130869,35.3291072],[140.1132775,35.3292128],[140.1133592,35.3292283],[140.1135678,35.3291856],[140.1137903,35.3290983],[140.1139878,35.328965],[140.1145272,35.3287142],[140.1147153,35.3286883],[140.1152455,35.3286836],[140.1155639,35.3286283],[140.1158742,35.328655],[140.1162192,35.3287439],[140.1164864,35.3287778],[140.1169108,35.3289403],[140.1171239,35.3290875],[140.1172289,35.3292689],[140.1177011,35.3297572],[140.1178522,35.3299547],[140.1181345,35.3303856],[140.1182536,35.3305192],[140.1193325,35.3311633],[140.1195622,35.3313597],[140.1196844,35.3315503],[140.1198222,35.3318381],[140.1198689,35.3319717],[140.1199669,35.3324622],[140.1200464,35.3326181],[140.1201547,35.3327381],[140.1204058,35.3328783],[140.1210972,35.3331119],[140.121315,35.3332647],[140.121403,35.3334047],[140.1214133,35.3335917],[140.1213865,35.3336792],[140.1256306,35.3336792],[140.1256306,35.2982759],[140.1254636,35.2982257]]]}},{"type":"Feature","properties":{"N03_001":"千葉県","N03_002":null,"N03_003":"君津郡","N03_004":"小櫃村","N03_005":"1889-04-01","N03_006":"1970-09-28","N03_007":"12484","name":"小櫃村","county":"君津郡","start":"1889-04-01","end":"1970-09-28","layer":"historical_admin"},"geometry":{"type":"Polygon","coordinates":[[[140.109145,35.3191922],[140.1089361,35.3189464],[140.1088219,35.3189208],[140.1085403,35.3189406],[140.1082733,35.3189222],[140.1079064,35.3189625],[140.1072778,35.3193872],[140.10654,35.3197528],[140.1061936,35.3198833],[140.1059556,35.3199397],[140.1051511,35.3200447],[140.105083,35.3200331],[140.1050214,35.3200014],[140.1048333,35.3198731],[140.1045703,35.3198319],[140.1042633,35.3198833],[140.1039914,35.3200328],[140.1036781,35.3202483],[140.10349,35.3203408],[140.1026689,35.3205822],[140.1019575,35.3206119],[140.1016106,35.3206492],[140.10147,35.3206203],[140.1014289,35.3205542],[140.1014033,35.3204424],[140.1010949,35.3203825],[140.1004894,35.3205692],[140.099996,35.3208677],[140.099569,35.3212228],[140.099232,35.321598],[140.099153,35.3218924],[140.0989908,35.3221651],[140.0985232,35.3223278],[140.0978616,35.3224472],[140.0973081,35.3223848],[140.0967975,35.3222011],[140.09663,35.3220907],[140.0959411,35.3217679],[140.0952761,35.3213984],[140.0943913,35.3210414],[140.0935375,35.3207279],[140.0931171,35.3206131],[140.0925836,35.3203756],[140.0919725,35.320133],[140.0910844,35.3198481],[140.0903928,35.319787],[140.0899787,35.3198136],[140.0898426,35.3199731],[140.089984,35.3202201],[140.0902639,35.3204885],[140.0905423,35.3206439],[140.0914024,35.3209066],[140.0920388,35.3209682],[140.092704,35.3211197],[140.0929004,35.3213437],[140.0929034,35.3215696],[140.0926565,35.3217075],[140.0923811,35.321778],[140.0916894,35.3217169],[140.091357,35.3216525],[140.0907999,35.321319],[140.0905783,35.321276],[140.0903581,35.321346],[140.0903061,35.3215949],[140.0903941,35.321978],[140.0907703,35.3232619],[140.0908588,35.3236902],[140.0910859,35.3241398],[140.0915093,35.3248133],[140.0918495,35.325465],[140.0920216,35.3259377],[140.0920808,35.3262308],[140.0920573,35.3265472],[140.0918939,35.3267295],[140.091617,35.326687],[140.0911425,35.3263302],[140.090692,35.3257021],[140.0903217,35.32487],[140.0900906,35.3241042],[140.0898222,35.3226161],[140.0895373,35.3219638],[140.0893917,35.3214005],[140.0891914,35.320883],[140.0889094,35.3204565],[140.0884917,35.3202121],[140.0880749,35.3200354],[140.0879073,35.3199016],[140.0878755,35.3195857],[140.0878975,35.3191563],[140.0878396,35.3189535],[140.0876066,35.3188678],[140.0870137,35.3185868],[140.086695,35.3184012],[140.0862626,35.3181769],[140.0858101,35.3180442],[140.0852106,35.3176795],[140.0851138,35.3176021],[140.0847489,35.3171765],[140.0845208,35.3166366],[140.0843747,35.3160281],[140.0843405,35.3155315],[140.0843656,35.315314],[140.084415,35.3151374],[140.0849191,35.314204],[140.0851873,35.313758],[140.0856649,35.3132825],[140.0857716,35.3129878],[140.0857909,35.3123551],[140.085864,35.3116091],[140.0858539,35.3108411],[140.0857072,35.3101875],[140.0851407,35.3091314],[140.0847768,35.3087735],[140.0846275,35.3086621],[140.084452,35.3084397],[140.0840381,35.3081012],[140.0836626,35.3078963],[140.0832669,35.307783],[140.0829465,35.3075749],[140.0827787,35.3073587],[140.0829052,35.3072105],[140.0831527,35.3071178],[140.0833719,35.3069801],[140.0837447,35.3059149],[140.0837516,35.305712],[140.0838485,35.3054202],[140.0837633,35.3053671],[140.0837647,35.3053274],[140.0837073,35.3051699],[140.0834296,35.3050596],[140.0829027,35.3049066],[140.0822109,35.3048229],[140.081714,35.3048503],[140.0802775,35.3048642],[140.0796956,35.3047343],[140.0768744,35.3044903],[140.0761268,35.304362],[140.075793,35.3041845],[140.0756804,35.3040274],[140.075567,35.3038027],[140.0755056,35.3033289],[140.075527,35.3028544],[140.0754653,35.3023581],[140.0752911,35.3017047],[140.0751445,35.3010511],[140.0750542,35.3004872],[140.0753769,35.2998065],[140.0754058,35.2996894],[140.0752323,35.2994954],[140.075081,35.2992875],[140.0747661,35.2991925],[140.0746594,35.2990931],[140.0743251,35.2990688],[140.0740174,35.2991944],[140.073708,35.2994209],[140.0733038,35.2995628],[140.07302,35.2996195],[140.0728983,35.29957],[140.0726856,35.2995828],[140.0710124,35.2989757],[140.0705325,35.2990397],[140.0694314,35.2993438],[140.0680584,35.2999894],[140.0675098,35.3002883],[140.0669314,35.3004293],[140.0656326,35.3003965],[140.0644707,35.300272],[140.0636976,35.300302],[140.0631753,35.3005102],[140.062961,35.3010317],[140.062938,35.3013934],[140.0628316,35.3017106],[140.0626374,35.3016447],[140.0624403,35.3013529],[140.0621879,35.3010617],[140.0616843,35.3005695],[140.0610985,35.3001233],[140.0602626,35.2995665],[140.0593185,35.2991915],[140.0587364,35.2990388],[140.0581301,35.2991575],[140.0577472,35.2994548],[140.0572802,35.2996625],[140.0565625,35.2997144],[140.0556507,35.2997005],[140.0551518,35.2995696],[140.0545401,35.2992591],[140.0542042,35.2989235],[140.053867,35.2984749],[140.0536679,35.2980251],[140.053386,35.2975759],[140.0531071,35.2973753],[140.0528577,35.2973099],[140.0524428,35.2972686],[140.0520854,35.2974075],[140.0517568,35.2976364],[140.0512334,35.2977543],[140.0507357,35.2977138],[140.0500963,35.2974036],[140.0497042,35.2969781],[140.0495621,35.2966632],[140.0496424,35.2964592],[140.0496113,35.2961884],[140.0495192,35.2960623],[140.0495259,35.2960258],[140.0493649,35.2957408],[140.0490017,35.2955217],[140.0486582,35.2950905],[140.0482925,35.2945744],[140.0481757,35.2940786],[140.0481973,35.2936041],[140.0482477,35.2932196],[140.0482707,35.292858],[140.0480461,35.2925665],[140.0477687,35.2924787],[140.0474105,35.2925498],[140.0470529,35.2926661],[140.0466106,35.2926477],[140.0459708,35.2922922],[140.0456054,35.2917987],[140.0452669,35.2912372],[140.0449582,35.2908561],[140.0445658,35.2904081],[140.0441458,35.2899602],[140.0438121,35.2897827],[140.04348,35.2897406],[140.0430948,35.2898571],[140.0427121,35.2901769],[140.0423599,35.2907223],[140.04014,35.2921208],[140.039565,35.2925327],[140.0392344,35.2926036],[140.0387091,35.2925633],[140.0382111,35.2925002],[140.0378776,35.2923452],[140.0375154,35.2921001],[140.0372079,35.2918093],[140.0368734,35.2915639],[140.036567,35.2913635],[140.0364666,35.2913685],[140.0362838,35.2912972],[140.0359534,35.2914026],[140.0351187,35.2915663],[140.0346939,35.2917875],[140.0345318,35.2920826],[140.0344868,35.2928962],[140.0342689,35.2931466],[140.0338019,35.2933542],[140.0331686,35.2935182],[140.0327546,35.2935446],[140.0325595,35.2934109],[140.0322537,35.2932556],[140.032033,35.2932802],[140.0318417,35.2934401],[140.031595,35.293489],[140.031518,35.293465],[140.0312819,35.2932747],[140.030903,35.2930246],[140.0306546,35.2927633],[140.0304767,35.2925266],[140.0301416,35.292236],[140.0299458,35.2920346],[140.0296924,35.2916529],[140.0293286,35.2912723],[140.0289949,35.2910947],[140.0288064,35.2911295],[140.0285534,35.2912323],[140.0280859,35.29135],[140.027784,35.2914661],[140.0274823,35.2916047],[140.0273465,35.2917867],[140.0272945,35.2920582],[140.0273252,35.2923288],[140.0273286,35.2926222],[140.0273037,35.2928482],[140.0273069,35.2931191],[140.0272829,35.2934354],[140.0272013,35.2935266],[140.026872,35.2936655],[140.0266527,35.2937806],[140.0264618,35.2939632],[140.0263268,35.2942129],[140.0262475,35.2945072],[140.0259221,35.2949847],[140.0257317,35.2952125],[140.0253222,35.295578],[140.0251849,35.2956245],[140.0250735,35.2955354],[140.024849,35.2951992],[140.0247093,35.2950425],[140.0245147,35.2949092],[140.0241828,35.2948223],[140.0238266,35.2950292],[140.0236094,35.295325],[140.0233358,35.2955084],[140.0230335,35.2956019],[140.022732,35.2957631],[140.0221581,35.2962206],[140.0216379,35.2965421],[140.0212815,35.2967264],[140.020981,35.2969778],[140.0207623,35.2971382],[140.0205172,35.2974117],[140.0203546,35.2976616],[140.0201098,35.2979577],[140.0198929,35.298276],[140.019569,35.2988889],[140.0195461,35.2992955],[140.0195774,35.2996112],[140.0196921,35.2999938],[140.0197514,35.3003543],[140.0201458,35.3010727],[140.0202887,35.3015001],[140.0204302,35.3018147],[140.020516,35.3020847],[140.0205751,35.3024227],[140.020661,35.3026927],[140.020667,35.3032118],[140.0206418,35.3034153],[140.0205614,35.3036193],[140.0203163,35.3038928],[140.0200723,35.3042565],[140.0198563,35.3046651],[140.0196123,35.3050288],[140.0195343,35.305436],[140.0198564,35.3070581],[140.0198603,35.3073967],[140.0197268,35.3077818],[140.0196478,35.3080987],[140.0194869,35.3085067],[140.0192432,35.308893],[140.0189981,35.3091665],[140.018754,35.3095303],[140.0186198,35.3098477],[140.0182672,35.3103706],[140.0180489,35.3105761],[140.0177224,35.3109633],[140.0168778,35.311875],[140.0166056,35.3121939],[140.0164427,35.3124214],[140.0162535,35.312762],[140.0155999,35.3134912],[140.0155578,35.3135003],[140.0156283,35.3136742],[140.0156342,35.313935],[140.0156992,35.3142103],[140.0159053,35.3146881],[140.0161417,35.3151839],[140.0163419,35.3155028],[140.0163892,35.3156525],[140.0164953,35.3158408],[140.016572,35.3160797],[140.0165545,35.3161714],[140.0163775,35.3163744],[140.0162125,35.3166014],[140.0161122,35.3170117],[140.0161595,35.3175367],[140.0162361,35.3180003],[140.0163661,35.3183886],[140.016478,35.3185964],[140.0167197,35.3188619],[140.0171739,35.3191286],[140.0173861,35.3192881],[140.0175922,35.3194764],[140.0180108,35.3200028],[140.0184947,35.320685],[140.0187658,35.32096],[140.0189192,35.3211628],[140.0192442,35.3215036],[140.0194033,35.3216053],[140.0198336,35.3217258],[140.0199514,35.3217792],[140.0200281,35.3218564],[140.0201636,35.3223731],[140.0202647,35.3226119],[140.0203058,35.3227761],[140.0205475,35.3232058],[140.0207539,35.3234811],[140.020807,35.323515],[140.0209611,35.3236817],[140.0211556,35.3239569],[140.0212264,35.3243047],[140.0211261,35.3250986],[140.0211497,35.3252914],[140.0213028,35.3257456],[140.0213264,35.3259803],[140.0212908,35.3263569],[140.0211789,35.3267386],[140.0209195,35.3283492],[140.0208195,35.3286244],[140.0208014,35.3288208],[140.0208428,35.3291492],[140.0211081,35.3295933],[140.0214094,35.3299628],[140.0215745,35.3301172],[140.0216806,35.3301461],[140.022105,35.3301847],[140.0225469,35.3302572],[140.022877,35.3303586],[140.0233275,35.3304606],[140.0234922,35.3304606],[140.0236692,35.3304267],[140.0239108,35.3303447],[140.0243411,35.3301658],[140.024907,35.33019],[140.025375,35.3301517],[140.0256461,35.3302242],[140.02577,35.3302242],[140.0260883,35.3301225],[140.0266478,35.3299778],[140.0269545,35.3299778],[140.02742,35.3300453],[140.0277778,35.3301133],[140.0280253,35.33021],[140.02888,35.3303403],[140.0290389,35.3303886],[140.0292508,35.3305044],[140.02964,35.3308669],[140.0301242,35.3313856],[140.0304658,35.3317189],[140.0306075,35.3317961],[140.0309022,35.3318589],[140.0312439,35.3318881],[140.0315386,35.3319844],[140.0317917,35.3321247],[140.0320511,35.3324047],[140.0321514,35.3325444],[140.0323186,35.3327064],[140.0325117,35.3328339],[140.0327253,35.3329333],[140.0328961,35.3330831],[140.0330489,35.3331839],[140.0333206,35.3332569],[140.0337653,35.3332769],[140.034165,35.3333542],[140.0345186,35.3335039],[140.0347661,35.3336633],[140.0348385,35.3336792],[140.0919463,35.3336792],[140.0919508,35.3336433],[140.0915789,35.3331053],[140.09117,35.33258],[140.0910753,35.3324306],[140.0909439,35.3320719],[140.0907906,35.3318567],[140.0904986,35.3315386],[140.0901995,35.3311442],[140.0900533,35.3308803],[140.0900753,35.3308506],[140.090243,35.3307608],[140.09071,35.3305875],[140.0910089,35.3305336],[140.0915925,35.3306053],[140.092003,35.3306172],[140.0923969,35.3305094],[140.0926597,35.3304019],[140.0928567,35.3302703],[140.0930536,35.3299656],[140.09339,35.3296944],[140.0934264,35.3296406],[140.0935586,35.3288214],[140.0937336,35.3285167],[140.0939233,35.3283194],[140.0941711,35.3282417],[140.0945433,35.3282178],[140.0948203,35.3282356],[140.0950464,35.3283253],[140.095287,35.3285406],[140.0954789,35.3286606],[140.0956539,35.3286964],[140.0958508,35.3286903],[140.0959383,35.3286186],[140.0960258,35.32826],[140.0961506,35.3280058],[140.0962964,35.3278086],[140.0970272,35.3270369],[140.097195,35.3269594],[140.097392,35.3269175],[140.097545,35.3269175],[140.0977786,35.3269714],[140.0978953,35.3270731],[140.0979172,35.3271447],[140.0979244,35.3273775],[140.0980497,35.3283658],[140.0981592,35.3284914],[140.098305,35.3285572],[140.0987936,35.3285033],[140.0994205,35.3282522],[140.0995958,35.3282703],[140.0997125,35.3283481],[140.0997853,35.3284617],[140.0998803,35.3284617],[140.0999969,35.3284317],[140.1001208,35.3283181],[140.1003908,35.3279533],[140.1005975,35.3274322],[140.1006631,35.3273367],[140.1011453,35.3268936],[140.1013642,35.3267681],[140.1015172,35.3267322],[140.10213,35.3269294],[140.103168,35.3271028],[140.103365,35.3270728],[140.1034958,35.3270011],[140.1036344,35.3268697],[140.1038314,35.3264811],[140.1040283,35.3263197],[140.1041672,35.3261014],[140.1041747,35.32594],[140.1040153,35.3256636],[140.1039117,35.3254169],[140.1038389,35.3251842],[140.1038172,35.3247119],[140.1038317,35.3244847],[140.1039189,35.3243114],[140.1041086,35.32418],[140.1045755,35.3237736],[140.1048528,35.3235583],[140.1061245,35.3231922],[140.1063286,35.3230789],[140.1064819,35.3228878],[140.1066717,35.3225794],[140.1067592,35.3223461],[140.1070425,35.3218503],[140.1074606,35.3209633],[140.1076428,35.3206703],[140.1080283,35.3202292],[140.1083508,35.3201011],[140.1084947,35.3200067],[140.1086192,35.3198928],[140.1088758,35.3196289],[140.1090631,35.3193531],[140.109145,35.3191922]]]}},{"type":"Feature","properties":{"N03_001":"千葉県","N03_002":null,"N03_003":"君津郡","N03_004":"鎌足村","N03_005":"1889-04-01","N03_006":"1954-11-03","N03_007":"12000","name":"鎌足村","county":"君津郡","start":"1889-04-01","end":"1954-11-03","layer":"historical_admin"},"geometry":{"type":"Polygon","coordinates":[[[140.0120926,35.3334888],[140.0118678,35.3333037],[140.0116558,35.332933],[140.0114422,35.3326073],[140.011283,35.3324118],[140.0111429,35.3323104],[140.0110311,35.3321746],[140.0108557,35.33205],[140.0108187,35.3311014],[140.0108172,35.3306494],[140.0108025,35.330514],[140.0106753,35.3302816],[140.0105763,35.3298768],[140.0104945,35.3296977],[140.0108949,35.3286765],[140.0111357,35.3282464],[140.0113356,35.3279257],[140.0114073,35.3277343],[140.0114113,35.327481],[140.0111809,35.3266901],[140.010937,35.3262071],[140.0107499,35.325795],[140.0105449,35.3251303],[140.0105599,35.3248767],[140.010708,35.3246657],[140.0108609,35.3246353],[140.0109714,35.3246601],[140.0111346,35.3246023],[140.0111865,35.3244928],[140.0112943,35.3244181],[140.0115139,35.3244135],[140.0117698,35.3245346],[140.0118664,35.3244513],[140.0118933,35.3242337],[140.0118345,35.3240903],[140.0115651,35.3238789],[140.0114321,35.3238365],[140.0114398,35.3238149],[140.0113394,35.3236885],[140.0112471,35.3237066],[140.0113263,35.3235855],[140.0112538,35.323343],[140.0111782,35.3229919],[140.0112135,35.3226747],[140.0113595,35.3223913],[140.0115736,35.3221878],[140.0117782,35.3220388],[140.0120087,35.322034],[140.0119938,35.3214917],[140.0116563,35.3214506],[140.0110829,35.3217244],[140.0110509,35.3219547],[140.0108296,35.3218884],[140.0105331,35.3222245],[140.0106779,35.3223695],[140.0106075,35.3226061],[140.0104468,35.3225509],[140.0104486,35.3228135],[140.0105855,35.3230044],[140.0093538,35.322949],[140.0089268,35.3235525],[140.0088336,35.3237356],[140.0085519,35.3241505],[140.008225,35.3244878],[140.0081263,35.324624],[140.0081962,35.3248001],[140.0080607,35.324742],[140.0079625,35.3249326],[140.0076823,35.3248832],[140.007737,35.3244752],[140.0077108,35.324322],[140.0076031,35.3239988],[140.0077689,35.3236336],[140.0079995,35.3232309],[140.0082249,35.3226383],[140.0084939,35.3220359],[140.008725,35.3216512],[140.0089601,35.3214111],[140.009022,35.3212652],[140.0089858,35.3211484],[140.0088397,35.3210249],[140.0089749,35.3207507],[140.0090863,35.3204047],[140.0092716,35.3202125],[140.0094902,35.3201184],[140.0095558,35.3200005],[140.009573,35.319938],[140.0096751,35.3198498],[140.0100516,35.3196998],[140.010261,35.3195842],[140.0104419,35.3193725],[140.0107318,35.3188461],[140.0107857,35.3186286],[140.0108258,35.3181527],[140.0108772,35.3179588],[140.0109244,35.3178674],[140.0108064,35.3174477],[140.010849,35.3171409],[140.0109952,35.3168801],[140.011027,35.3166717],[140.0110234,35.316548],[140.0111918,35.3162822],[140.0114281,35.3160873],[140.011731,35.3159181],[140.012308,35.3157342],[140.012402,35.3156317],[140.0124689,35.3155887],[140.0125533,35.3154668],[140.0128744,35.3151616],[140.0131429,35.3149388],[140.013332,35.3146274],[140.0134448,35.3143356],[140.0136117,35.3140157],[140.0137482,35.3137867],[140.0139391,35.3135385],[140.0139418,35.3134827],[140.0140252,35.3134368],[140.0140907,35.3133098],[140.0139972,35.313257],[140.01409,35.3132102],[140.0140781,35.3130924],[140.014014,35.3130667],[140.0140442,35.3129749],[140.0140544,35.3128571],[140.0141533,35.3127571],[140.014026,35.3127048],[140.0140242,35.3126864],[140.0139358,35.3126864],[140.0138828,35.3127297],[140.0137467,35.3130642],[140.0136169,35.3132572],[140.0133575,35.3134747],[140.0132455,35.3137547],[140.012927,35.3141681],[140.0128975,35.3142886],[140.0128975,35.3146361],[140.0128436,35.3147731],[140.0125667,35.3149083],[140.0124017,35.3151356],[140.0122247,35.3152997],[140.0120186,35.3154156],[140.01134,35.3155228],[140.0111158,35.3156919],[140.0109333,35.3159286],[140.0107797,35.3161911],[140.0105086,35.3171053],[140.0104672,35.3173953],[140.0104672,35.3176561],[140.0104319,35.3177622],[140.0101781,35.3180481],[140.0101367,35.3181786],[140.0101661,35.3184247],[140.0102839,35.3188714],[140.0102367,35.3190161],[140.0100895,35.3192192],[140.0099422,35.3193592],[140.0089092,35.3198594],[140.0087794,35.3199947],[140.0086381,35.3202697],[140.008585,35.32055],[140.0085025,35.3207383],[140.0083372,35.3209364],[140.0081531,35.3210383],[140.0078525,35.3211592],[140.0077405,35.3211494],[140.0075108,35.3210431],[140.0074756,35.3210431],[140.00744,35.3210914],[140.0075164,35.3214458],[140.0075106,35.3217889],[140.0074692,35.3219917],[140.0073455,35.3221847],[140.0071336,35.3224117],[140.0069625,35.3227425],[140.0067089,35.3230083],[140.0065317,35.3231492],[140.0063903,35.3233375],[140.0060714,35.3240197],[140.0055758,35.3249003],[140.0053105,35.3252044],[140.0051158,35.3254819],[140.0050155,35.3257189],[140.0048505,35.3261869],[140.0049331,35.32672],[140.0049036,35.3268358],[140.0046797,35.3271508],[140.0045147,35.3273103],[140.0043025,35.3276194],[140.0041544,35.3278664],[140.0039895,35.3280933],[140.0037772,35.3283008],[140.0033703,35.3287561],[140.003052,35.3290508],[140.0026914,35.3294689],[140.0021189,35.3300647],[140.0019303,35.3302967],[140.0015289,35.330985],[140.0013875,35.3313617],[140.0014053,35.3315694],[140.0014933,35.3317722],[140.0015169,35.3319844],[140.0015111,35.3322647],[140.0014164,35.3327508],[140.001387,35.3330358],[140.0012986,35.3330936],[140.001222,35.3330986],[140.0011753,35.3330419],[140.0011233,35.3328183],[140.0011236,35.3326531],[140.0012275,35.3323067],[140.0012275,35.3320508],[140.001052,35.331515],[140.0010714,35.3313711],[140.0011755,35.3309342],[140.0015397,35.3302147],[140.0016375,35.3298811],[140.001592,35.3294389],[140.0014425,35.3285861],[140.0014164,35.3281514],[140.0014683,35.3277947],[140.0014617,35.3275228],[140.0014292,35.3273311],[140.0012992,35.3270433],[140.0012081,35.3269792],[140.0008681,35.3269842],[140.0003803,35.3270639],[140.0002697,35.3271333],[140.0002503,35.3273731],[140.0001461,35.3274264],[140.0000681,35.3274106],[139.9998145,35.3272986],[139.9994636,35.3270586],[139.9990214,35.3268614],[139.9988003,35.3267017],[139.9986897,35.3265206],[139.9983755,35.3261708],[139.9980764,35.3258778],[139.9979725,35.3256117],[139.9978944,35.3253186],[139.9978619,35.3250117],[139.9978555,35.3242656],[139.99794,35.3239725],[139.9978817,35.3233511],[139.9977386,35.3226794],[139.9977189,35.3223758],[139.997745,35.3221094],[139.9980172,35.3214969],[139.9980764,35.3211975],[139.9980981,35.3207394],[139.9980658,35.3205367],[139.9979742,35.3202742],[139.9978719,35.3196578],[139.9978203,35.3192328],[139.9978114,35.3187486],[139.9977358,35.3183917],[139.9976158,35.3175383],[139.9975603,35.3156225],[139.9972742,35.3152225],[139.9973697,35.3147372],[139.9973403,35.3146408],[139.9971711,35.3143561],[139.9971489,35.3137006],[139.9971158,35.3136283],[139.9970608,35.3136164],[139.9970095,35.3136164],[139.9969617,35.3136675],[139.9969286,35.3137394],[139.9968697,35.3143125],[139.9967558,35.3144478],[139.9966395,35.3146736],[139.9966089,35.3148556],[139.9966395,35.3150058],[139.9967558,35.3151189],[139.9968222,35.3154208],[139.9967558,35.3155203],[139.995513,35.3166958],[139.9953983,35.31684],[139.9953653,35.3169944],[139.9953011,35.3170811],[139.9948945,35.3172936],[139.9945875,35.3173861],[139.994287,35.3174361],[139.9939797,35.3174506],[139.9933089,35.3175267],[139.9928705,35.3175447],[139.992572,35.3176075],[139.9923961,35.3177389],[139.9921103,35.3182961],[139.9916308,35.3187486],[139.9912083,35.3190597],[139.9906955,35.3196989],[139.9902161,35.3205544],[139.9899295,35.3213264],[139.9898733,35.3215503],[139.9898222,35.3219031],[139.9895914,35.3229256],[139.9895772,35.3230828],[139.9895239,35.3230886],[139.9891305,35.3229525],[139.9887978,35.3225508],[139.9891489,35.3222669],[139.9892178,35.3220536],[139.9891767,35.3217108],[139.9891903,35.3212267],[139.9891675,35.3210983],[139.9892269,35.3208611],[139.98931,35.3206464],[139.9897992,35.3199833],[139.9899089,35.3197667],[139.9899156,35.3196997],[139.9897839,35.3195025],[139.9893325,35.319145],[139.9890078,35.3187567],[139.9888644,35.3186486],[139.9886456,35.3182803],[139.9883975,35.3179681],[139.9880839,35.3177425],[139.9877914,35.3174261],[139.9877433,35.3174206],[139.987703,35.3174358],[139.9876172,35.3174919],[139.9875075,35.317765],[139.9873597,35.3180378],[139.9872119,35.3181714],[139.986965,35.3182947],[139.9869339,35.3183483],[139.9867842,35.3187739],[139.9866114,35.3189272],[139.9864381,35.3189897],[139.9863356,35.3190578],[139.986253,35.31917],[139.9860692,35.3194833],[139.9859936,35.3195275],[139.98528,35.3196761],[139.9846592,35.3197128],[139.9842981,35.3197689],[139.9841178,35.3197419],[139.98387,35.3195781],[139.9837647,35.3194692],[139.9836761,35.3193381],[139.9834314,35.3187322],[139.9832522,35.3184192],[139.9832522,35.3182464],[139.9832167,35.3180486],[139.9830686,35.3179014],[139.9830053,35.3178086],[139.9829481,35.3176367],[139.9829225,35.317215],[139.9828061,35.3169972],[139.9825858,35.3168447],[139.9825297,35.316825],[139.9820208,35.316895],[139.9817567,35.3168636],[139.9815586,35.3167561],[139.9814636,35.31667],[139.9813939,35.3165761],[139.9813133,35.3164244],[139.9811739,35.3158142],[139.9811094,35.3157181],[139.9809886,35.3156289],[139.9809614,35.3155656],[139.9809767,35.3154106],[139.9810483,35.3153011],[139.9810797,35.3152158],[139.9810303,35.3151328],[139.9808928,35.3151278],[139.9804453,35.3153719],[139.9803797,35.3154339],[139.9800217,35.3159431],[139.9799347,35.3161333],[139.9798928,35.3162681],[139.9798594,35.3165375],[139.9798253,35.3166647],[139.9796219,35.3171225],[139.9795422,35.3172556],[139.9794122,35.3173622],[139.9792133,35.3173683],[139.9788225,35.3172606],[139.9787236,35.3172117],[139.9785781,35.3172117],[139.9783944,35.3172806],[139.9781789,35.3174117],[139.9779831,35.3175764],[139.9777539,35.3178581],[139.9775744,35.3180178],[139.9775072,35.3180267],[139.9772011,35.3180078],[139.9770461,35.3180253],[139.9768997,35.3180836],[139.9765097,35.3183442],[139.9762283,35.318455],[139.9758064,35.3185928],[139.9752153,35.318485],[139.9745205,35.3183158],[139.9740461,35.3182781],[139.9738694,35.3183131],[139.9738411,35.3183878],[139.973778,35.3196367],[139.9737514,35.3198758],[139.9736555,35.32007],[139.9734686,35.3203022],[139.9734205,35.3203381],[139.9734003,35.3204331],[139.9734055,35.3205628],[139.9734414,35.3206964],[139.973438,35.3208633],[139.9733572,35.3210539],[139.97282,35.3216722],[139.9724653,35.3221822],[139.9723608,35.3223869],[139.9722645,35.3225072],[139.9721694,35.3225689],[139.9713975,35.3228858],[139.9710803,35.3231706],[139.9709561,35.3233364],[139.9706433,35.3235922],[139.9695922,35.3242075],[139.9694442,35.3242642],[139.9690361,35.3244675],[139.9688825,35.3245728],[139.9687808,35.3246608],[139.9686447,35.3248122],[139.968058,35.3255578],[139.9677478,35.3258789],[139.9676289,35.3259764],[139.9672747,35.3261647],[139.9665497,35.3264214],[139.9661922,35.3265903],[139.9657683,35.326905],[139.965682,35.3270175],[139.9652381,35.3277575],[139.9650931,35.3280681],[139.9650036,35.3283542],[139.9648695,35.3289419],[139.9647436,35.3295944],[139.9646822,35.3304303],[139.9645944,35.3307531],[139.9642714,35.3315269],[139.9643687,35.3318215],[139.9643699,35.3318109],[139.9643725,35.332002],[139.9643522,35.3321011],[139.9644449,35.3324364],[139.9649332,35.3328674],[139.9652458,35.3332509],[139.9654963,35.3336792],[140.0122409,35.3336792],[140.0120926,35.3334888]]]}},{"type":"Feature","properties":{"N03_001":"千葉県","N03_002":null,"N03_003":"君津郡","N03_004":"富岡村","N03_005":"1889-04-01","N03_006":"1955-03-31","N03_007":"12000","name":"富岡村","county":"君津郡","start":"1889-04-01","end":"1955-03-31","layer":"historical_admin"},"geometry":{"type":"Polygon","coordinates":[[[140.0347661,35.3336633],[140.0345186,35.3335039],[140.034165,35.3333542],[140.0337653,35.3332769],[140.0333206,35.3332569],[140.0330489,35.3331839],[140.0328961,35.3330831],[140.0327253,35.3329333],[140.0325117,35.3328339],[140.0323186,35.3327064],[140.0321514,35.3325444],[140.0320511,35.3324047],[140.0317917,35.3321247],[140.0315386,35.3319844],[140.0312439,35.3318881],[140.0309022,35.3318589],[140.0306075,35.3317961],[140.0304658,35.3317189],[140.0301242,35.3313856],[140.02964,35.3308669],[140.0292508,35.3305044],[140.0290389,35.3303886],[140.02888,35.3303403],[140.0280253,35.33021],[140.0277778,35.3301133],[140.02742,35.3300453],[140.0269545,35.3299778],[140.0266478,35.3299778],[140.0260883,35.3301225],[140.02577,35.3302242],[140.0256461,35.3302242],[140.025375,35.3301517],[140.024907,35.33019],[140.0243411,35.3301658],[140.0239108,35.3303447],[140.0236692,35.3304267],[140.0234922,35.3304606],[140.0233275,35.3304606],[140.022877,35.3303586],[140.0225469,35.3302572],[140.022105,35.3301847],[140.0216806,35.3301461],[140.0215745,35.3301172],[140.0214094,35.3299628],[140.0211081,35.3295933],[140.0208428,35.3291492],[140.0208014,35.3288208],[140.0208195,35.3286244],[140.0209195,35.3283492],[140.0211789,35.3267386],[140.0212908,35.3263569],[140.0213264,35.3259803],[140.0213028,35.3257456],[140.0211497,35.3252914],[140.0211261,35.3250986],[140.0212264,35.3243047],[140.0211556,35.3239569],[140.0209611,35.3236817],[140.020807,35.323515],[140.0207539,35.3234811],[140.0205475,35.3232058],[140.0203058,35.3227761],[140.0202647,35.3226119],[140.0201636,35.3223731],[140.0200281,35.3218564],[140.0199514,35.3217792],[140.0198336,35.3217258],[140.0194033,35.3216053],[140.0192442,35.3215036],[140.0189192,35.3211628],[140.0187658,35.32096],[140.0184947,35.320685],[140.0180108,35.3200028],[140.0175922,35.3194764],[140.0173861,35.3192881],[140.0171739,35.3191286],[140.0167197,35.3188619],[140.016478,35.3185964],[140.0163661,35.3183886],[140.0162361,35.3180003],[140.0161595,35.3175367],[140.0161122,35.3170117],[140.0162125,35.3166014],[140.0163775,35.3163744],[140.0165545,35.3161714],[140.016572,35.3160797],[140.0164953,35.3158408],[140.0163892,35.3156525],[140.0163419,35.3155028],[140.0161417,35.3151839],[140.0159053,35.3146881],[140.0156992,35.3142103],[140.0156342,35.313935],[140.0156283,35.3136742],[140.0155578,35.3135003],[140.015085,35.3132369],[140.0140324,35.3126906],[140.014026,35.3127048],[140.0141533,35.3127571],[140.0140544,35.3128571],[140.0140442,35.3129749],[140.014014,35.3130667],[140.0140781,35.3130924],[140.01409,35.3132102],[140.0139972,35.313257],[140.0140907,35.3133098],[140.0140252,35.3134368],[140.0139418,35.3134827],[140.0139391,35.3135385],[140.0137482,35.3137867],[140.0136117,35.3140157],[140.0134448,35.3143356],[140.013332,35.3146274],[140.0131429,35.3149388],[140.0128744,35.3151616],[140.0125533,35.3154668],[140.0124689,35.3155887],[140.012402,35.3156317],[140.012308,35.3157342],[140.011731,35.3159181],[140.0114281,35.3160873],[140.0111918,35.3162822],[140.0110234,35.316548],[140.011027,35.3166717],[140.0109952,35.3168801],[140.010849,35.3171409],[140.0108064,35.3174477],[140.0109244,35.3178674],[140.0108772,35.3179588],[140.0108258,35.3181527],[140.0107857,35.3186286],[140.0107318,35.3188461],[140.0104419,35.3193725],[140.010261,35.3195842],[140.0100516,35.3196998],[140.0096751,35.3198498],[140.009573,35.319938],[140.0095558,35.3200005],[140.0094902,35.3201184],[140.0092716,35.3202125],[140.0090863,35.3204047],[140.0089749,35.3207507],[140.0088397,35.3210249],[140.0089858,35.3211484],[140.009022,35.3212652],[140.0089601,35.3214111],[140.008725,35.3216512],[140.0084939,35.3220359],[140.0082249,35.3226383],[140.0079995,35.3232309],[140.0077689,35.3236336],[140.0076031,35.3239988],[140.0077108,35.324322],[140.007737,35.3244752],[140.0076823,35.3248832],[140.0079625,35.3249326],[140.0080607,35.324742],[140.0081962,35.3248001],[140.0081263,35.324624],[140.008225,35.3244878],[140.0085519,35.3241505],[140.0088336,35.3237356],[140.0089268,35.3235525],[140.0093538,35.322949],[140.0105855,35.3230044],[140.0104486,35.3228135],[140.0104468,35.3225509],[140.0106075,35.3226061],[140.0106779,35.3223695],[140.0105331,35.3222245],[140.0108296,35.3218884],[140.0110509,35.3219547],[140.0110829,35.3217244],[140.0116563,35.3214506],[140.0119938,35.3214917],[140.0120087,35.322034],[140.0117782,35.3220388],[140.0115736,35.3221878],[140.0113595,35.3223913],[140.0112135,35.3226747],[140.0111782,35.3229919],[140.0112538,35.323343],[140.0113263,35.3235855],[140.0112471,35.3237066],[140.0113394,35.3236885],[140.0114398,35.3238149],[140.0114321,35.3238365],[140.0115651,35.3238789],[140.0118345,35.3240903],[140.0118933,35.3242337],[140.0118664,35.3244513],[140.0117698,35.3245346],[140.0115139,35.3244135],[140.0112943,35.3244181],[140.0111865,35.3244928],[140.0111346,35.3246023],[140.0109714,35.3246601],[140.0108609,35.3246353],[140.010708,35.3246657],[140.0105599,35.3248767],[140.0105449,35.3251303],[140.0107499,35.325795],[140.010937,35.3262071],[140.0111809,35.3266901],[140.0114113,35.327481],[140.0114073,35.3277343],[140.0113356,35.3279257],[140.0111357,35.3282464],[140.0108949,35.3286765],[140.0104945,35.3296977],[140.0105763,35.3298768],[140.0106753,35.3302816],[140.0108025,35.330514],[140.0108172,35.3306494],[140.0108187,35.3311014],[140.0108557,35.33205],[140.0110311,35.3321746],[140.0111429,35.3323104],[140.011283,35.3324118],[140.0114422,35.3326073],[140.0116558,35.332933],[140.0118678,35.3333037],[140.0120926,35.3334888],[140.0122409,35.3336792],[140.0348385,35.3336792],[140.0347661,35.3336633]]]}},{"type":"Feature","properties":{"N03_001":"千葉県","N03_002":null,"N03_003":"君津郡","N03_004":"馬来田村","N03_005":"1889-04-01","N03_006":"1955-03-31","N03_007":"12000","name":"馬来田村","county":"君津郡","start":"1889-04-01","end":"1955-03-31","layer":"historical_admin"},"geometry":{"type":"Polygon","coordinates":[[[140.1214133,35.3335917],[140.121403,35.3334047],[140.121315,35.3332647],[140.1210972,35.3331119],[140.1204058,35.3328783],[140.1201547,35.3327381],[140.1200464,35.3326181],[140.1199669,35.3324622],[140.1198689,35.3319717],[140.1198222,35.3318381],[140.1196844,35.3315503],[140.1195622,35.3313597],[140.1193325,35.3311633],[140.1182536,35.3305192],[140.1181345,35.3303856],[140.1178522,35.3299547],[140.1177011,35.3297572],[140.1172289,35.3292689],[140.1171239,35.3290875],[140.1169108,35.3289403],[140.1164864,35.3287778],[140.1162192,35.3287439],[140.1158742,35.328655],[140.1155639,35.3286283],[140.1152455,35.3286836],[140.1147153,35.3286883],[140.1145272,35.3287142],[140.1139878,35.328965],[140.1137903,35.3290983],[140.1135678,35.3291856],[140.1133592,35.3292283],[140.1132775,35.3292128],[140.1130869,35.3291072],[140.1127261,35.3285656],[140.1126678,35.3284042],[140.1124758,35.3281975],[140.1121025,35.3278631],[140.1119086,35.3275447],[140.1117269,35.3272981],[140.1115325,35.3271953],[140.1113136,35.3271486],[140.1112633,35.3270611],[140.1112319,35.3266503],[140.1112006,35.3264653],[140.1112006,35.3262342],[140.1113261,35.3259517],[140.1113697,35.3257486],[140.1113758,35.3255639],[140.1111564,35.3250244],[140.1111439,35.3246958],[140.1110811,35.3244728],[140.1109995,35.324375],[140.1108553,35.3242467],[140.1107989,35.3242414],[140.1106861,35.3243186],[140.1104292,35.3245189],[140.110097,35.3248322],[140.1100217,35.3248631],[140.1090375,35.3247039],[140.1085422,35.32456],[140.108465,35.3245133],[140.1084275,35.3244569],[140.10849,35.3240408],[140.108653,35.3237325],[140.1087222,35.3233206],[140.1086656,35.3230125],[140.108628,35.3226414],[140.1086969,35.3222972],[140.1089103,35.3216022],[140.109042,35.32133],[140.1092172,35.3210936],[140.1095639,35.3208083],[140.1098147,35.3205775],[140.1098889,35.3204736],[140.1099014,35.3203094],[140.1098264,35.3200628],[140.1096883,35.3197906],[140.1095439,35.3196092],[140.109145,35.3191922],[140.1090631,35.3193531],[140.1088758,35.3196289],[140.1086192,35.3198928],[140.1084947,35.3200067],[140.1083508,35.3201011],[140.1080283,35.3202292],[140.1076428,35.3206703],[140.1074606,35.3209633],[140.1070425,35.3218503],[140.1067592,35.3223461],[140.1066717,35.3225794],[140.1064819,35.3228878],[140.1063286,35.3230789],[140.1061245,35.3231922],[140.1048528,35.3235583],[140.1045755,35.3237736],[140.1041086,35.32418],[140.1039189,35.3243114],[140.1038317,35.3244847],[140.1038172,35.3247119],[140.1038389,35.3251842],[140.1039117,35.3254169],[140.1040153,35.3256636],[140.1041747,35.32594],[140.1041672,35.3261014],[140.1040283,35.3263197],[140.1038314,35.3264811],[140.1036344,35.3268697],[140.1034958,35.3270011],[140.103365,35.3270728],[140.103168,35.3271028],[140.10213,35.3269294],[140.1015172,35.3267322],[140.1013642,35.3267681],[140.1011453,35.3268936],[140.1006631,35.3273367],[140.1005975,35.3274322],[140.1003908,35.3279533],[140.1001208,35.3283181],[140.0999969,35.3284317],[140.0998803,35.3284617],[140.0997853,35.3284617],[140.0997125,35.3283481],[140.0995958,35.3282703],[140.0994205,35.3282522],[140.0987936,35.3285033],[140.098305,35.3285572],[140.0981592,35.3284914],[140.0980497,35.3283658],[140.0979244,35.3273775],[140.0979172,35.3271447],[140.0978953,35.3270731],[140.0977786,35.3269714],[140.097545,35.3269175],[140.097392,35.3269175],[140.097195,35.3269594],[140.0970272,35.3270369],[140.0962964,35.3278086],[140.0961506,35.3280058],[140.0960258,35.32826],[140.0959383,35.3286186],[140.0958508,35.3286903],[140.0956539,35.3286964],[140.0954789,35.3286606],[140.095287,35.3285406],[140.0950464,35.3283253],[140.0948203,35.3282356],[140.0945433,35.3282178],[140.0941711,35.3282417],[140.0939233,35.3283194],[140.0937336,35.3285167],[140.0935586,35.3288214],[140.0934264,35.3296406],[140.09339,35.3296944],[140.0930536,35.3299656],[140.0928567,35.3302703],[140.0926597,35.3304019],[140.0923969,35.3305094],[140.092003,35.3306172],[140.0915925,35.3306053],[140.0910089,35.3305336],[140.09071,35.3305875],[140.090243,35.3307608],[140.0900753,35.3308506],[140.0900533,35.3308803],[140.0901995,35.3311442],[140.0904986,35.3315386],[140.0907906,35.3318567],[140.0909439,35.3320719],[140.0910753,35.3324306],[140.09117,35.33258],[140.0915789,35.3331053],[140.0919508,35.3336433],[140.0919463,35.3336792],[140.1213865,35.3336792],[140.1214133,35.3335917]]]}}]}